CODES,DESIGNATION,COMPOSITION,"SOUS CLASSEPHARMACO-THERAPEUTIQUE","CLASSE PHARMACO-THERAPEUTIQUE","PRIX BASE DEREMBOURSEMENT (G) x 70%","PRIXPUBLIC","ACCORDPREALABLE"
PTM4442,"3D-OHA comprimé à libération prolongée, boîte de30","Glimépiride/ Piogli-tazone/ Metforminechlorhydrate",Hypoglycémiant Oral,"Métabolisme -Dia-bète - Nutrition","6394,5",9135,-
PTM4443,"ABAGYL solution pour perfusion, flacon de 100 ml",Métronidazole,"Antibactérien (Imi-dazolé)","Infectiologie -Parasi-tologie",1372,1960,-
PTM4444,"ABGENTA 0,3% collyre/goutte auriculaire, flacon de10 ml",Gentamycine,"Antibactérien (Ami-noside)","Infectiologie -Parasi-tologie","913,5",1305,-
PTM4445,"ABZ 200 mg suspension, flacon de 10 ml",Albendazole,Antihelminthique,"Infectiologie -Parasi-tologie",364,520,-
PTM4446,"ABZ 400 mg comprimé, boite de 1",Albendazole,Antihelminthique,"Infectiologie -Parasi-tologie","514,5",735,-
PTM0002,"ACARIBIAL solution cutanée, flacon de 200 ml",Benzoate de Benzyl,"Antiparasitairesexternes (Antigale- Antitrombidioseautomnale)",Dermatologie,"2285,5",3265,-
PTM0003,"ACCULOL 0,5 % collyre, flacon de 5 Ml",Betaxolol hydrochloride,Antiglaucomateux,Ophtalmologie,2905,4150,-
PTM0004,"ACCUZON 1 g poudre pour solution injectable, boîtede 1 flacon +5 ml de solvant",Ceftriaxone,"Antibactérien (cépha-losporines)","Infectiologie -Parasi-tologie",1372,1960,-
PTM0006,"ACCUZON 500 mg poudre pour solution injectable,boîte de 1 flacon +5 ml de solvant",Ceftriaxone,"Antibactérien (cépha-losporines)","Infectiologie -Parasi-tologie","990,5",1415,-
PTM0007,"ACEFLAMEX 100 mg comprimé pelliculé, boîte de 20",Aceclofenac,"Anti-inflammatoiresnon stéroïdien (AINS)",Anti-inflammatoires,2009,2870,-
CODES,DESIGNATION,COMPOSITION,"SOUS CLASSEPHARMACO-THERAPEUTIQUE","CLASSE PHARMACO-THERAPEUTIQUE","PRIX BASE DEREMBOURSEMENT (G) x 70%","PRIXPUBLIC","ACCORDPREALABLE"
PTM0008,"A-CERUMEN solution d’hygiène des oreilles ,unidoses boite de 10","Solution d’acyl sar-cosinate de sodium/Solution de laurate desaccharose",Antiseptiques,"Oto-Rhino-Laryngo-logie","1417,5",2025,-
PTM4448,"ACENLAND 100 mg comprimé, boîte de 10",Acéclofénac,"Anti-inflammatoiresnon stéroïdien",Anti-inflammatoires,1043,1490,-
PTM4449,"ACELODON 100 mg comprimé, boîte de 10",Aceclofenac,"Anti-inflammatoiresnon stéroïdien",Anti-inflammatoires,1827,2610,-
PTM4450,"ACELODON P 100 mg/500 mg comprimé, boîte de 10","Aceclofenac/Paraceta-mol","Anti-inflammatoiresnon stéroïdien + An-talgique","Antalgiques-Antipy-rétiques",2009,2870,-
PTM4451,"ACETIFLUX® 200 mg comprimé effervescent, boîtede 20",Acetylcystéine,Mucolytique,Pneumologie,1533,2190,-
PTM4452,"ACEWEL 100 mg comprimé, boîte de 10",Acéclofénac,"Anti-inflammatoiresnon stéroïdien",Anti-inflammatoires,1673,2390,-
PTM4453,"ACESON-P 100 mg/500 mg comprimé, boîte de 10","Acéclofénac/ Paracé-tamol","Anti-inflammatoiresnon stéroïdien + An-talgique","Antalgiques-Antipy-rétiques",1190,1700,-
PTM4454,"ACESON-D 100 mg/80 mg comprimé, boîte de 10","Acéclofénac/ Paracé-tamol","Anti-inflammatoiresnon stéroïdien + An-talgique","Antalgiques-Antipy-rétiques",1372,1960,-
PTM4455,"ACFAMOL 40 mg poudre pour injection, boîte de 1flacon + solvant",Methylprednisolone,"Anti-inflammatoiresstéroïdien (Corti-coides)",Anti-inflammatoires,"1095,5",1565,-
PTM0009,"ACFOL 5 mg comprimé, boite de 25",Acide folique,Antianémique,"Cancérologie -Hé-matologie",1351,1930,-
PTM4456,"ACFRAN comprimé, boîte de 30","Ferricitrate de cholineIHS/ Vitamine B12/Acide folique/ Lysinemono hydrochloride",Antianémique,Hématolgie,1827,2610,-
PTM0010,"ACIDAC 150 mg comprimé, boîte de 30",Ranitidine,"Inhibiteur de la sécré-tion  acide gastrique","Gastro-Enté-ro-Hépathologie","2922,5",4175,-
"",,,SOUS CLASSE,PRIX BASE DE,,
"",,,CLASSE PHARMACO-,,PRIX,ACCORD
CODES,DESIGNATION,COMPOSITION,PHARMACO-,REMBOURSE,,
"",,,THERAPEUTIQUE,,PUBLIC,PREALABLE
"",,,THERAPEUTIQUE,MENT (G) x 70%,,
"",,,Cancérologie -Hé-,,,
PTM4457,"ACIDE FOLIQUE TM 5 mg, boîte de 40 comprimés",Acide folique,Antianémique,"556,5",795,-
"",,,matologie,,,
"",,,Cancérologie -Hé-,,,
PTM4458,"ACIFOL 5 mg comprimé, Boite de 30",Acide folique,Antianémique,1400,2000,-
"",,,matologie,,,
"",,,Cancérologie -Hé-,,,
PTM4459,"ACIFOL 250 mcg /5ml sirop, flacon de 100 ml",Acide folique,Antianémique,1050,1500,-
"",,,matologie,,,
"","ACILIN 40 poudre pour solution injectable, boîte de",,Inhibiteur de la sécré- Gastro-Enté-,,,
PTM4460,-1 flacon,Oméprazole,tion  acide gastrique ro-Hépathologie,"1949,5",2785,
"",,,Inhibiteur de la sécré- Gastro-Enté-,,,
PTM4461,"ACILOC injectable, boîte de 5 ampoules de 2 ml",Ranitidine,-tion  acide gastrique ro-Hépathologie,3199,4570,
"",,,Antibactérien (Péni- Infectiologie - Para-,,,
PTM4462,"ACIMOX 500 mg gélule, boîte de 20",Amoxicilline,,1036,1480,-
"",,,cilline) sitologie,,,
"","ACLAV 1g/200 mg poudre pour solution injectable,",Amoxicilline/ Acide,Antibactérien (Péni- Infectiologie - Para-,,,
PTM4463,-boîte de 1 flacon,clavulanique,cilline) sitologie,1827,2610,
"","ACLAV 1g/125mg pdre pr sups buvable, boîte de 16",Amoxicilline/ Acide,Antibactérien (Péni- Infectiologie - Para-,,,
PTM4465,-sachets,clavulanique,cilline) sitologie,"5435,5",7765,
"","ACLAV 1g/125mg pdre pr sups buvable, boîte de 12",Amoxicilline/ Acide,Antibactérien (Péni- Infectiologie - Para-,,,
PTM0022,-sachets,clavulanique,cilline) sitologie,3682,5260,
"","ACLAV 500mg/62,5mg pdre pr sups buvable, boîte",Amoxicilline/ Acide,Antibactérien (Péni- Infectiologie - Para-,,,
PTM4466,-de 16 sachets,clavulanique,cilline) sitologie,5026,7180,
"",,Amoxicilline/ Acide,Antibactérien (Péni- Infectiologie - Para-,,,
PTM0023,"ACLAV 100 mg/pdre pr sups buvable, fl 60 ml",-clavulanique,cilline) sitologie,3290,4700,
"","ACLAV 500mg/62,5mg pdre pr sups buvable, boîte",Amoxicilline/ Acide,Antibactérien (Péni- Infectiologie - Para-,,,
PTM0024,-de 12 sachets,clavulanique,cilline) sitologie,3654,5220,
"",,,Antibactérien (Macro- Infectiologie - Para-,,,
PTM0025,"ACLIN 1 % gel pour application locale, tube de 15 g",Clindamycine,,1253,1790,-
"",,,lides) sitologie,,,
"",,,Anti-inflammatoires Anti-inflammatoires,,,
PTM4467,"ACLOGEL gel, tube de 30 g",Acéclofenac,,1554,2220,-
"",,,non stéroïdien,,,
"",,Antalgiques - Acéclofénac/ Paracé-,Anti-inflammatoires,,,
PTM4468,"ACLOP comprimé, boîte de 1 blister de 10",,non stéroïdien + An- Antipyrétiques - An-,1463,2090,-
"",,tamol,,,,
"",,,talgique tispasmodiques,,,
"",,Antalgiques - Acéclofénac/ Paracé-,Anti-inflammatoires,,,
PTM4469,"ACLOPOL comprimé, boîte de 20",,non stéroïdien + An- Antipyrétiques - An-,1449,2070,-
"",,tamol,,,,
"",,,talgique tispasmodiques,,,
CODES,DESIGNATION,COMPOSITION,"SOUS CLASSEPHARMACO-THERAPEUTIQUE","CLASSE PHARMACO-THERAPEUTIQUE","PRIX BASE DEREMBOURSEMENT (G) x 70%","PRIXPUBLIC","ACCORDPREALABLE"
PTM4470,"ACOFAN 100 mg comprimé, boîte de 3X10",Acéclofénac,"Anti-inflammatoiresnon stéroïdien",Anti-inflammatoires,"2558,5",3655,-
PTM0037,"ACTINAC 100 comprimé, boîte de 1 étui de 10",Acéclofenac,"Anti-inflammatoiresnon stéroïdien",Anti-inflammatoires,"1690,5",2415,-
PTM4471,"ACTINAC 200 comprimé à libération contrôlé, boîtede 1 étui de 10",Acéclofenac,"Anti-inflammatoiresnon stéroïdien",Anti-inflammatoires,"2467,5",3525,-
PTM4472,"ACTINAC PLUS 100 mg/500 mg comprimé, boite de1 étui de 10","Acéclofénac/ Paracé-tamol","Anti-inflammatoiresnon stéroïdien + An-talgique","Antalgiques -Antipyrétiques - An-tispasmodiques","1963,5",2805,-
PTM0035,"ACTINAC PLUS 100 mg/500 mg comprimé, boite de1 étui de 20","Acéclofénac/ Paracé-tamol","Anti-inflammatoiresnon stéroïdien + An-talgique","Antalgiques -Antipyrétiques - An-tispasmodiques","3930,5",5615,-
PTM4473,"ACTOPENUM 1 g poudre pour injection, boîte de 1flacon + solvant de 20 mL",Meropeneme,"Antibacterien (Car-bapenemes)","Infectiologie-Parasi-tologie",10234,14620,-
PTM4474,"ACTOPENUM 500mg poudre pour injection, boîte de1 flacon + solvant de 20 mL",Meropeneme,"Antibacterien (Car-bapenemes)","Infectiologie-Parasi-tologie","4658,5",6655,-
PTM4475,"ACTOVZN-KIT comprimé, boîte de 1 kit","Fluconazole/Secni-dazole/Azithromycine",Anti-infectieux,"Infectiologie-Parasi-tologie","2740,5",3915,-
PTM4476,"ACTOZOL 400 mg comprimé à croquer, boîte de 10",Albendazole,Antihelminthique,"Infectiologie-Parasi-tologie","367,5",525,-
PTM0042,"ACTRAPID INSULINE 100 UI/ml solution injectable,flacon de 10 ml",Insuline Humaine,"Médicament dudiabète","Métabolisme -Dia-bète - Nutrition","3482,5",4975,-
PTM0043,"ACUILIX 20 mg/12,5mg comp. pélliculé séc, bte/28","Hydrochlorothiazide/Quinapril","Antihypertenseur (IEC+ Diurétique)","Cardiologie - An-géiologie",5481,7830,-
PTM0044,"ACUPAN 20 mg solution injectable, boîte de 5 am-poules de 2 ml",Néfopam,"Analgésique nonopioïde","Antalgiques -Antipyrétiques - An-tispasmodiques","2495,5",3565,-
PTM4477,"ACURE® 20 mg/120 mg comprimé dispersible, boîtede 6","Artémether/Lumé-fantrine",Antipaludique,"Infectiologie-Parasi-tologie","1095,5",1565,-
PTM4478,"ACURE® 20/120 mg poudre pour suspension bu-vable, flacon de 30 ml","Artémether/Lumé-fantrine",Antipaludique,"Infectiologie-Parasi-tologie","1095,5",1565,-
PTM4479,"ACURE® 40 mg/240 mg comprimé dispersible, boîtede 6","Artémether/Lumé-fantrine",Antipaludique,"Infectiologie-Parasi-tologie",1736,2480,-
"",,,SOUS CLASSE,PRIX BASE DE,,
"",,,CLASSE PHARMACO-,,PRIX,ACCORD
CODES,DESIGNATION,COMPOSITION,PHARMACO-,REMBOURSE,,
"",,,THERAPEUTIQUE,,PUBLIC,PREALABLE
"",,,THERAPEUTIQUE,MENT (G) x 70%,,
"","ACURE® 60/360 mg  suspension buvable, flacon de",Artémether/Lumé-,Infectiologie-Parasi-,,,
PTM4481,,,Antipaludique,1918,2740,-
"",30 ml,fantrine,tologie,,,
"",,Artémether/Lumé-,Infectiologie-Parasi-,,,
PTM4482,"ACURE® 60 mg/360 mg comprimé, boîte de 6",-fantrine,Antipaludique tologie,1918,2740,
"","ACURE® 80 mg/480 mg comprimé dispersible, boîte",Artémether/Lumé-,Infectiologie-Parasi-,,,
PTM4483,-de 6,fantrine,Antipaludique tologie,1918,2740,
"",,,Infectiologie- Para-,,,
PTM0048,"ACYCLOVIR DENK 5% crème, tube de 7 g",Acyclovir,Antiviral,"5995,5",8565,-
"",,,sitologie,,,
"",Succinate de Doxyla-ADIONE 10mg/10mg comprimés enrobés à libera-,,,,,
PTM4484,"-tion retardée, boîte de 10",mine/ Chlorhydrate de,Antihistaminiques Allergologie,"1725,5",2465,
"",,Pyridoxine,,,,
"",Succinate de Doxyla-ADIONE 10mg/10mg comprimés enrobés à libera-,,,,,
PTM4485,"-tion retardée, boîte de 30",mine/ Chlorhydrate de,Antihistaminiques Allergologie,4158,5940,
"",,Pyridoxine,,,,
"",,,Médicament du Métabolisme -Dia-,,,
PTM4486,"ADRIDE 2 mg comprimé, boîte de 3X10",Glimépiride,,3199,4570,-
"",,,diabète bète - Nutrition,,,
"",,,Médicament du Métabolisme - Dia-,,,
PTM4487,"ADRIDE 4 mg comprimé, boîte de 3X10",Glimépiride,,5026,7180,-
"",,,diabète bète - Nutrition,,,
"",,Glimépiride/ Metfor-,Médicament du Métabolisme -Dia-,,,
PTM4488,"ADRIDE-M comprimés, boîte de 3X10",,,"4567,5",6525,-
"",,mine,diabète bète - Nutrition,,,
"",,,Antalgiques - Anti-inflammatoires,,,
PTM0054,"ADVIL 200 mg comprimé enrobé, boîte de 20",Ibuprofène,Antipyrétiques - An-,1162,1660,-
"",,,non stéroïdiens,,,
"",,,tispasmodiques,,,
PTM0061,"AERIUS®  5 mg comprimés pelliculés, boite de 15.",Desloratadine,Antihistaminique H 1 Allergologie,"4084,5",5835,-
PTM0062,"AERIUS®  5 mg comprimés pelliculés, boite de 7",Desloratadine,Antihistaminique H 1 Allergologie,"2054,5",2935,-
"","AERIUS® 0,5 mg/ml solution buvable, flacon de 60",,,,,
PTM0063,,Desloratadine,Antihistaminique H 1 Allergologie,"2740,5",3915,-
"",ml,,,,,
"",AEROL® 100 mcg suspension pour inhalation en,,,,,
PTM4489,"-flacon pressuré, flacon de 200 doses",Salbutamol,Antiasthmatique Pneumologie,1771,2530,
"",,Acétaminophène/ Phé-,,,,
"",,,Rhinites-Sinu- Oto-Rino-Laryngo-,,,
PTM4490,"AFINE comprimés, boîte de 4",nyléphrine/ Cafeine/,,175,250,-
"",,,sites-Rhumes logie,,,
"",,Chlorphénamine,,,,
"",,,Antibactérien (Quino- Infectiologie -Parasi-,,,
PTM0064,"AFLACIN collyre, flacon de 5 ml",Ofloxacine,,1855,2650,-
"",,,lones) tologie,,,
CODES,DESIGNATION,COMPOSITION,"SOUS CLASSEPHARMACO-THERAPEUTIQUE","CLASSE PHARMACO-THERAPEUTIQUE","PRIX BASE DEREMBOURSEMENT (G) x 70%","PRIXPUBLIC","ACCORDPREALABLE"
PTM0065,"AFRIDOXINE 525 mg comprimé, 1blister de 3","Sulfadoxine/ Pyrimétha-mine","Antibactérien (Sulfa-midés)","Infectiologie - Para-sitologie",210,300,-
PTM4491,"AFRISOL 525 mg comprimé, boîte de 3","Sulfadoxine/ Pyrimétha-mine","Antibactérien (Sulfa-midés)","Infectiologie -Parasi-tologie","143,5",205,-
PTM4492,"AFSC KIT comprimé, boîte de 1 kit","Fluconazole/ Secni-dazole/ Azithromycine","Antibacterien (Macro-lides, Lincosamides,Streptogramines)","Infectiologie - Para-sitologie","2831,5",4045,-
PTM4493,"AGIDERM 2% crème, tube de 15 g",Acide fusidique,"Antibacterien (antista-phylococcique)",Dermatologie,"1242,5",1775,-
PTM4494,"AGIDERM 2% pommade, tube de 15 g",Acide fusidique,"Antibacterien (antista-phylococcique)",Dermatologie,"1242,5",1775,-
PTM4495,"AGLORON SIROP, flacon de 200 ml","Citrate ferrique d’am-monium/ Cyanocobala-mine/ Chlorhydrate depyridoxine/ Nicotina-mide/  Sulfate de zincheptahydraté","Stimulant de l’héma-topoïèse","Hémostase -Hématopoïèse  - Hé-moglobinopathies",868,1240,-
PTM4496,"AIRLIX 1 mg/ ml solution buvable, flacon de 60 ml",Cétirizine,Antihistaminique,Allergologie,1050,1500,-
PTM4497,"AIRLIX 10 mg, comprimé pelliculé, boîte de 15",Cétirizine,Antihistaminique,Allergologie,"1634,5",2335,-
PTM0072,"AIRTAL 100 mg comprimé pelliculé, boîte de 10",Acéclofénac,"Anti-inflammatoiresnon stéroïdiens",Anti-inflammatoires,"2383,5",3405,-
PTM0073,"AIRTAL 100 mg comprimé pelliculé, boîte de 40",Acéclofénac,"Anti-inflammatoiresnon stéroïdiens",Anti-inflammatoires,8407,12010,-
PTM0074,"AKARYD comprimé, boîte de 20",Loratadine,Antihistaminique H 1,Allergologie,"2495,5",3565,-
PTM4498,"AKEROL® comprimé, boîte de 20",Desloratadine,Antihistaminique H 1,Allergologie,"2075,5",2965,-
PTM4499,"AKEROL® sirop, flacon de 60 ml.",Desloratadine,Antihistaminique H 1,Allergologie,"2054,5",2935,-
PTM4500,"AKUROSE 20 mg/ ml solution injectable, boîte de 5ampoules",Fer élement,Antianemique,Hematologie,"5918,5",8455,-
PTM4501,"ALBACT 200 mg comprimé, boîte de 10",Ofloxacine,"Antibactérien (Quino-lone)","Infectiologie -Parasi-tologie","2446,5",3495,-
"",,,SOUS CLASSE,PRIX BASE DE,,
"",,,CLASSE PHARMACO-,,PRIX,ACCORD
CODES,DESIGNATION,COMPOSITION,PHARMACO-,REMBOURSE,,
"",,,THERAPEUTIQUE,,PUBLIC,PREALABLE
"",,,THERAPEUTIQUE,MENT (G) x 70%,,
"",,,Infectiologie - Para-,,,
PTM0075,"ALBEN 4% suspension buvable, flacon de 10 ml",Albendazone,Antihelminthique,1645,2350,-
"",,,sitologie,,,
"",,,Infectiologie - Para-,,,
PTM0076,"ALBEN 400 mg comprimé, boîte de 1",Albendazone,Antihelminthique,1540,2200,-
"",,,sitologie,,,
"","ALBENDAZOLE SP® 400 mg comprimé à mâcher,",,Infectiologie - Para-,,,
PTM4503,-boîte de 1,Albendazole,Antihelminthique sitologie,693,990,
"",,,Infectiologie - Para-,,,
PTM4504,"ALBENDAZOLE TM 400 mg comprimé, boîte de 01",Albendazole,Antihelminthique,273,390,-
"",,,sitologie,,,
"",,,Infectiologie - Para-,,,
PTM0083,"ALBENTEL 400 mg comprimé pelliculé, boîte de 1",Albendazole,Antihelminthique,301,430,-
"",,,sitologie,,,
"",,,Infectiologie - Para-,,,
PTM4505,"ALBENTOX 400 mg comprimé,boite1",Albendazole,Antihelminthique,1372,1960,-
"",,,sitologie,,,
"",,,Infectiologie - Para-,,,
PTM4506,"ALBENTOX 400 mg sirop, flacon 10 ml",Albendazole,Antihelminthique,"549,5",785,-
"",,,sitologie,,,
"",,,Infectiologie - Para-,,,
PTM4507,"ALBEX 400 mg comprimé, boîte de 1",Albendazole,Antihelminthique,280,400,-
"",,,sitologie,,,
"",,,Infectiologie - Para-,,,
PTM0084,"ALBIZOL  400 mg comprimé, boîte de 1",Albendazole,Antihelminthique,714,1020,-
"",,,sitologie,,,
"",,,Infectiologie - Para-,,,
PTM0085,"ALBIZOL  0,4 mg suspension buvable, flacon de 10 ml",Albendazole,Antihelminthique,686,980,-
"",,,sitologie,,,
"",,,Infectiologie - Para-,,,
PTM4508,"ALBUSYN 400 mg suspension orale, flacon de 10 mL",Albendazole,Antihelminthique,364,520,-
"",,,sitologie,,,
"",,,Gastro - Entéro -,,,
PTM0087,"ALCER 40 mg comprimé, boîte de 30",Pantoprazole,Antiulcéreux,5481,7830,-
"",,,Hépatologie,,,
"","ALCER 40 mg  injectable ou pour perfusion, boîte de",,Gastro - Entéro -,,,
PTM4509,-1 flacon + solvant,Pantoprazole,Antiulcéreux Hépatologie,3199,4570,
"",,Siméthicone /Hy-,,,,
"",,droxyde d’Aluminium /,Gastro - Entéro -,,,
PTM4510,"ALCER GEL suspension orale, flacon de 200 ml",,Pansement Gastrique,"1095,5",1565,-
"",,Hydroxyde de Magné-,Hépatologie,,,
"",,sium,,,,
"",,Pantoprazole/ Dompé-,Gastro - Entéro -,,,
PTM4511,"ALCER-D gélule, boîte de 10",,Antiulcéreux,"2285,5",3265,-
"",,ridone,Hépatologie,,,
"",,,Infectiologie-Parasi-,,,
PTM4512,"ALEVO 500 mg comprimé, boite de 5",Levofloxacine,Anti bacterien,"2376,5",3395,-
"",,,tologie,,,
CODES,DESIGNATION,COMPOSITION,"SOUS CLASSEPHARMACO-THERAPEUTIQUE","CLASSE PHARMACO-THERAPEUTIQUE","PRIX BASE DEREMBOURSEMENT (G) x 70%","PRIXPUBLIC","ACCORDPREALABLE"
PTM0088,"ALCIPRO 500 mg comprimé, boite de 10",Ciprofloxacine,Antibacterien,"Infectiologie-Parasi-tologie","2019,5",2885,-
PTM4513,"ALCOF-C sirop, flacon de 100 ml","Dextrométhorphane/Cetirizine / Phénylé-phrine/ Menthol",Antihistaminique,Pneumologie,2212,3160,-
PTM0097,"ALDACTAZINE 25 mg + 15 mg comprimé, boîte de 20","Spironolactone/ Hy-drochlorothiazide",Diuéretique,"Cardiologie - An-géiologie","3034,5",4335,-
PTM0098,"ALDACTONE 75 mg comprimé, boîte de 20",Spironolactone,Diuéretique,"Cardiologie - An-géiologie",5271,7530,-
PTM4514,"ALDODERMA pommade, tube de 30 g","Triamcinolone acéto-nide/ Framycétinesulfate",Dermocorticostéroïde,Dermatologie,"2649,5",3785,-
PTM0100,"ALDOMET 250 mg comprimé, boîte de 30",Methyldopa,"Antihypertenseurd’action centrale","Cardiologie - An-géiologie",1701,2430,-
PTM0101,"ALDOMET 500 mg comprimé, boîte de 30",Methyldopa,"Antihypertenseurd’action centrale","Cardiologie - An-géiologie","3034,5",4335,-
PTM4515,"ALEMONT comprimés, boîte de 10","Montelukast/Levocéti-rizine",Antiasthmatique,Pneumologie,868,1240,-
PTM4516,"ALEOFER 60 mg gélule, boîte de 30","Bisglycinate de fer/Ace-rola (Malpighia glabra)/Acide folique",Antianémique,Hématolgie,"1501,5",2145,-
PTM4517,"ALEPSAL 100 mg comprimé, boîte de 30","Phénobarbital 100 mg /Caféine 25 mg",Antiépileptiques,Neurologie,1848,2640,-
PTM4518,"ALEPSAL 150 mg comprimé, boîte de 30","Phénobarbital 150 mg /Caféine 37,5 mg",Antiépileptiques,Neurologie,"3363,5",4805,-
PTM4519,"ALEPSAL 50 mg comprimé, boîte de 30","Phénobarbital 50 mg /Caféine 12,50 mg",Antiépileptiques,Neurologie,1820,2600,-
PTM4520,"ALEPSAL 15 mg comprimé, boîte de 30","Phénobarbital 50 mg /Caféine 12,50 mg",Antiépileptiques,Neurologie,"1102,5",1575,-
PTM4521,"ALERCHECK 0,1 % solution ophtalmique, flacon de 5Ml",Olopatadine,Antihistaminique H1,Ophtalmologie,"2831,5",4045,-
CODES,DESIGNATION,COMPOSITION,"SOUS CLASSEPHARMACO-THERAPEUTIQUE","CLASSE PHARMACO-THERAPEUTIQUE","PRIX BASE DEREMBOURSEMENT (G) x 70%","PRIXPUBLIC","ACCORDPREALABLE"
PTM4523,"ALERDAN® sirop 5 mg/ml, flacon  de 100 ml",Desloratadine,Antihistaminique H1,Allergologie,"1907,5",2725,-
PTM4524,"ALERDAN® 5 mg comprimé pelliculé, boîte de 30",Desloratadine,Antihistaminique H1,Allergologie,4655,6650,-
PTM0102,"ALERGAL 10 mg comprimé, boite de 12",Cetirizine,Antihistaminique H 1,Allergologie,2450,3500,-
PTM4525,"ALERGOSONE 0,5 mg/ml gouttes buvables, flacon de30 ml",Betaméthasone,"Anti-inflammatoiresstéroïdiens (AIS)",Allergologie,"2383,5",3405,-
PTM4526,"ALFACURE 40/240 comprimé, boîte de 6","Artemether/ Lume-fantrine",Antipaludique,"Infectiologie - Para-sitologie","1004,5",1435,-
PTM4527,"ALFACURE 80/480 comprimé, boîte de 6","Artemether/ Lume-fantrine",Antipaludique,"Infectiologie - Para-sitologie",1645,2350,-
PTM4528,"ALFACURE 20/120 comprimé, boîte de 24","Artemether/ Lume-fantrine",Antipaludique,"Infectiologie - Para-sitologie","1004,5",1435,-
PTM4529,"ALFACURE 20/120 comprimé dispersible, boîte de 6","Artemether/ Lume-fantrine",Antipaludique,"Infectiologie - Para-sitologie",476,680,-
PTM4530,"ALFAMOX 1 g poudre pour susp orale, boite de 14sachets",Amoxicilline,"Antibacterien (Peni-cilline)","Infectiologie - Para-sitologie","3062,5",4375,-
PTM4531,"ALFAMOX 250 mg/5 ml poudre pour susp orale,flacon 100 ml",Amoxicilline,"Antibacterien (Peni-cilline)","Infectiologie - Para-sitologie",1827,2610,-
PTM4532,"ALFAMOX 500 mg poudre pour susp buvable, boitede 14 sachets",Amoxicilline,"Antibacterien (Peni-cilline)","Infectiologie - Para-sitologie",1736,2480,-
PTM4533,"ALFAPROXINE 750 mg comprimés pelliculés, boîtede 10",Ciprofloxacine,"Antibacterien (Ce-phasloporines)","Infectiologie - Para-sitologie","1837,5",2625,-
PTM4534,"ALFAPROXINE 500 mg comprimés pelliculés, boîtede 10",Ciprofloxacine,"Antibacterien (Ce-phasloporines)","Infectiologie - Para-sitologie","1837,5",2625,-
PTM4535,"ALFER 100 mg comprimé, boîte de 30","Fer/ Acide folique/Acide Ascorbique/Cyanocobalamine/ ZincSulfate Monohydrate",Antianémique,Hématologie,1827,2610,-
PTM4536,"ALFER suspension buvable, flacon de 200 ml","Fer/ Acide folique/Cyanocobalamine/ ZincSulfate Monohydrate",Antianémique,Hématologie,1827,2610,-
CODES,DESIGNATION,COMPOSITION,"SOUS CLASSEPHARMACO-THERAPEUTIQUE","CLASSE PHARMACO-THERAPEUTIQUE","PRIX BASE DEREMBOURSEMENT (G) x 70%","PRIXPUBLIC","ACCORDPREALABLE"
PTM4538,"ALGOFENE 20 mg/ml suspension buvable, flacon de150 ml",Ibuprofène,"Anti-inflammatoiresnon stérodiens","Antalgiques -Antipyrétiques - An-tispasmodiques",1372,1960,-
PTM4539,"ALGOPET 100 mg comprimé, boîte de 15",Flurbiprofène,"Anti-inflammatoiresnon stérodiens","Antalgiques -Antipyrétiques - An-tispasmodiques",1372,1960,-
PTM4540,"ALKALINE suspension orale, flacon de 200 ml","Hydroxyde d’alumi-nium/ Hydroxyde demagnésium",Pansement Gastrique,"Gastro-Enté-ro-Hépathologie","850,5",1215,-
PTM4541,"ALLCOLD comprimé, boîte de 2X10","Paracétamol/ Phénylé-phrine/ Chlorphenira-mine/ Caféine",Rhinites et sinusites,"Oto-Rhino-Laryngo-logie",1099,1570,-
PTM4542,"ALLCOLD sirop, flacon de 100 ml","Paracétamol/ Phénylé-phrine/ Chlorphenira-mine",Rhinites et sinusites,"Oto-Rhino-Laryngo-logie","1095,5",1565,-
PTM0111,"ALLERGINE 10 mg comprimé, boite de 15",Loratadine,Antihistaminique H1,Allergologie,"2859,5",4085,-
PTM0115,"ALLERGYL 0,1% sirop, flacon de 100 mL",Prométhazine,Antihistaminique H1,Allergologie,"689,5",985,-
PTM4543,"ALLERGIFLASH 0,05% collyre en solution en récipientunidose, flacon de 10 doses",Lévocabastine,Antihistaminique H 1,Allergologie,4221,6030,-
PTM0113,"ALLERGODIL® 0,127 mg/dose, solution pour pulvéri-sation nasale, flacon de 10 ml",Azélastine,Antihistaminique H 1,Allergologie,3563,5090,-
PTM4544,"ALLERTEC 10 mg comprimé, boîte de 30",Cetirizine,Antihistaminique H 1,Allergologie,2226,3180,-
PTM4545,"ALLERTEC 10 mg comprimé, boîte de 15",Cetirizine,Antihistaminique H 1,Allergologie,"1165,5",1665,-
PTM4546,"ALLERTEC 10 mg comprimé, boîte de 7",Cetirizine,Antihistaminique H 1,Allergologie,"626,5",895,-
PTM4547,"ALLERTIN 10 mg comprimé, boîte de 10",Cetirizine,Antihistaminique H 1,Allergologie,"962,5",1375,-
PTM0119,"ALMAX FORTE 1g/7,5 ml suspension buvable, flaconde 225 ml",Almagate,"Antiacide et panse-ment gastro-intestinal","Gastro-Enté-ro-Hépathologie",2037,2910,-
PTM0118,"ALMAX FORTE 1,5 g suspension buvable, boîte de 30sachets",Almagate,"Antiacide et panse-ment gastro-intestinal","Gastro-Enté-ro-Hépathologie","2922,5",4175,-
"",,,SOUS CLASSE,PRIX BASE DE,,
"",,,CLASSE PHARMACO-,,PRIX,ACCORD
CODES,DESIGNATION,COMPOSITION,PHARMACO-,REMBOURSE,,
"",,,THERAPEUTIQUE,,PUBLIC,PREALABLE
"",,,THERAPEUTIQUE,MENT (G) x 70%,,
"",,,Gastro-Enté-,,,
PTM0122,"ALOX comprimé, boite 40",Hydroxide d’alluminuim,Pansement Gastrique,"1375,5",1965,-
"",,,ro-Hépathologie,,,
"",,,Gastro-Enté-,,,
PTM0123,"ALOX suspension buv, flacon 200 ml",Hydroxide d’alluminuim,Pansement Gastrique,1148,1640,-
"",,,ro-Hépathologie,,,
"",,,Antalgiques - Anti-inflammatoire,,,
PTM4549,"ALOXIA 15 mg comprimé, boîte de 10",Méloxicam,Antipyrétiques - An-,2009,2870,-
"",,,non stéroidien,,,
"",,,tispasmodiques,,,
"",,,Antalgiques - Anti-inflammatoire,,,
PTM4550,"ALOXIA 7,5 mg comprimé, boîte de 10",Méloxicam,Antipyrétiques - An-,1323,1890,-
"",,,non stéroidien,,,
"",,,tispasmodiques,,,
"","ALPRAZOLAM BIOGARAN 0,5 mg  comprimé , boite",,Neurologie-Psychia-,,,
PTM4551,-de 30,Alprazolam,Anxiolytique trie,1372,1960,
"","ALRAT 0,5 mg/1 mL suspension buvable, flacon de",,,,,
PTM4552,,"Desloratadine 0,5 mg",Antihistamique H1 Allergologie,1372,1960,-
"",60 Ml,,,,,
PTM4553,"ALRAT 5 mg comprimé, boîte de 15",Desloratadine,Antihistaminique H 1 Allergologie,"2376,5",3395,-
PTM4554,"ALRINAST 2,5 mg/5 ml sirop, flacon de 150 ml",Desloratadine,Antihistaminique H 1 Allergologie,1827,2610,-
PTM4555,"ALRINAST 5 mg comprimé pelliculé, boîte de 20",Desloratadine,Antihistaminique H 1 Allergologie,"3062,5",4375,-
"",,,Anti-inflammatoires,,,
PTM4556,"ALTRAFLAM 100 mg comprimé pelliculé, boîte de 10",Acéclofénac,Anti-inflammatoires,1673,2390,-
"",,,non stéroidiens,,,
"",,,Antihypertenseur Cardiologie-angeio-,,,
PTM4557,"AMADAY PL 10/4 comprimé, boîte de 3X10",Amlodipine/ Perindopril,-(IEC + Ant.Calcique) logie,6650,9500,
"",,,Antihypertenseur Cardiologie-angeio-,,,
PTM4558,"AMADAY PL 10/8 comprimé, boîte de 3X10",Amlodipine/ Perindopril,-(IEC + Ant.Calcique) logie,"6891,5",9845,
"",,,Antihypertenseur Cardiologie-angeio-,,,
PTM4559,"AMADAY PL 5/4 comprimé, boîte de 3X10",Amlodipine/ Perindopril,-(IEC + Ant.Calcique) logie,"5939,5",8485,
"",,,Antihypertenseur Cardiologie-angeio-,,,
PTM4560,"AMADAY PL 5/8 comprimé, boîte de 3X10",Amlodipine/ Perindopril,-(IEC + Ant.Calcique) logie,6167,8810,
"",,,Antihypertenseur Cardiologie-angeio-,,,
PTM4561,"AMADAY  5 mg  comprimé, boîte de 3X10",Amlodipine,,"2740,5",3915,-
"",,,logie,,,
"",,,Antihypertenseur Cardiologie-angeio-,,,
PTM0134,"AMADAY  10 mg  comprimé, boîte de 3X10",Amlodipine,,5026,7180,-
"",,,logie,,,
"",,Artéméther/ Lumé-,Infectiologie - Para-,,,
PTM4562,"AMAL 80 mg/ 480 mg comprimé, boîte de 6",-fantrine,Antipaludique sitologie,1673,2390,
CODES,DESIGNATION,COMPOSITION,"SOUS CLASSEPHARMACO-THERAPEUTIQUE","CLASSE PHARMACO-THERAPEUTIQUE","PRIX BASE DEREMBOURSEMENT (G) x 70%","PRIXPUBLIC","ACCORDPREALABLE"
PTM0135,"AMAPINE 10 mg comprimé, boîte de 30",Amlodipine,"Antihypertenseur(Antagoniste calcique)","Cardiologie-angeio-logie",5474,7820,-
PTM0136,"AMAPINE 5 mg comprimé, boîte de 30",Amlodipine,"Antihypertenseur(Antagoniste calcique)","Cardiologie-angeio-logie","2740,5",3915,-
PTM0137,"AMAPINE-H 5 mg/12,5 mg comprimé, boîte de 30","Amlodipine/ Hydrochlo-rothiazide","Antihypertenseur(An-tagoniste calcique+Diuéretique)","Cardiologie-angeio-logie",2989,4270,-
PTM0138,"AMAREL 1 mg comprimé, boite de 30",Glimépiride,"Médicament dudiabète","Métabolisme -Dia-bète - Nutrition","2796,5",3995,-
PTM0139,"AMAREL 2 mg comprimé, boite de 30",Glimépiride,"Médicament dudiabète","Métabolisme -Dia-bète - Nutrition",4193,5990,-
PTM0141,"AMAREL 4 mg comprimé, boite de 30",Glimépiride,"Médicament dudiabète","Métabolisme -Dia-bète - Nutrition",8862,12660,-
PTM0144,"AMARYL M 2/500 mg comprimé pélliculé , boite de30","Glimépiride/ Metfor-mine","Médicament dudiabète","Métabolisme -Dia-bète - Nutrition","4350,5",6215,-
PTM0142,"AMARYL M 1/250mg comprimé pélliculé , boite de30","Glimépiride/ Metfor-mine","Médicament dudiabète","Métabolisme -Dia-bète - Nutrition",5061,7230,-
PTM0146,"AMARYL M SR 2/500 mg comprimé pélliculé , boitede 30","Glimépiride/ Metfor-mine","Médicament dudiabète","Métabolisme -Dia-bète - Nutrition",4963,7090,-
PTM4563,"AMATRIX ® 1000 SR comprimé pelliculé à LibérationProlongée, boîte de 30","Metformine1000 mg","Médicament dudiabète","Métabolisme -Dia-bète - Nutrition","1928,5",2755,-
PTM4564,"AMATRIX ® -850 comprimé pelliculé, boîte de 30","Metformine850 mg","Médicament dudiabète","Métabolisme -Dia-bète - Nutrition",1645,2350,-
PTM4565,"AMATRIX®  PLUS comprimé, boîte de 30","Metformine / Gli-benclamide","Médicament dudiabète","Métabolisme -Dia-bète - Nutrition",2093,2990,-
PTM4566,"AMBROCOF 30 mg comprimé, boîte de 2x10","Chlorhydrate d’am-broxol","Médicaments adju-vants dans les affec-tions ORL","Oto - Rhino - Laryn-gologie",665,950,-
"",,,SOUS CLASSE,PRIX BASE DE,,
"",,,CLASSE PHARMACO-,,PRIX,ACCORD
CODES,DESIGNATION,COMPOSITION,PHARMACO-,REMBOURSE,,
"",,,THERAPEUTIQUE,,PUBLIC,PREALABLE
"",,,THERAPEUTIQUE,MENT (G) x 70%,,
"",,Hydrochloride d’Am-,,,,
"",,broxol30 mg /,,,,
"",,Médicaments adju-Sulfate de Salbutamol,,,,
"",,,vants dans les affec- Oto - Rhino - Laryn-,,,
PTM0147,"AMBROLITE-GS sirop, flacon de 100 mL",2 mg / gologieGuaifenisine,-tions ORL,"1207,5",1725,
"",,50 mg,,,,
"",,,Médicaments adju-,,,
"","AMBROX DENK 60 comprimé effervescent, boîte de",Chlorhydrate d’am-,vants dans les affec- Oto - Rhino - Laryn-,,,
PTM0148,,,,"2831,5",4045,-
"",20,broxol,tions ORL  gologie,,,
"",,,Antihypertenseur (An-,,,
"",,,Cardiologie-Angeio-,,,
PTM4568,"AMCAN 10 comprimé pelliculé, boîte de 30",Amlodipine,tagoniste calcique ),"682,5",975,-
"",,,logie,,,
"",,,Antihypertenseur (An-,,,
"",,,Cardiologie-Angeio-,,,
PTM0150,"AMCARD 10 mg comprimé, boîte de 14",Amlodipine besylate,tagoniste calcique ),"4112,5",5875,-
"",,,logie,,,
"",,,Antihypertenseur (An-,,,
"",,,Cardiologie-Angeio-,,,
PTM0149,"AMCARD 10 mg comprimé, boîte de 28",Amlodipine besylate,tagoniste calcique ),8225,11750,-
"",,,logie,,,
"",,,Antihypertenseur (An-,,,
"",,,Cardiologie-Angeio-,,,
PTM0151,"AMCARD 5 mg comprimé, boîte de 28",Amlodipine besylate,tagoniste calcique ),4130,5900,-
"",,,logie,,,
"",,,Antihypertenseur (An-,,,
"",,,Cardiologie-Angeio-,,,
PTM0152,"AMCARD 5 mg comprimé, boîte de 14",Amlodipine besylate,tagoniste calcique ),"2740,5",3915,-
"",,,logie,,,
"",,Hydroxyde d’Allumi-,Gastro-Enté-,,,
PTM4569,"AMCID suspension buvable, flacon de 200 Ml",,Antiacide,"486,5",695,-
"",,nium et magnésium,ro-Hépathologie,,,
"",,,Antihypertenseur (An- Cardiologie-angeio-,,,
PTM4570,"AMDOCAL®-10 comprimé, boîte de 3 blisters de 10",Bésylate d’Amlodipine,-tagoniste calcique ) logie,1820,2600,
"",,,Antihypertenseur (An- Cardiologie-angeio-,,,
PTM4571,"AMDOCAL®-5 comprimé, boîte de 90",Bésylate d’Amlodipine,-tagoniste calcique ) logie,"2740,5",3915,
"",,,Antihypertenseur (An- Cardiologie-angeio-,,,
PTM4572,"AMEP 10 mg comprimé , boîte de  28",Bésylate d’Amlodipine,-tagoniste calcique ) logie,5089,7270,
"",,,Antihypertenseur (An- Cardiologie-angeio-,,,
PTM0153,"AMEP 10 mg comprimé , boîte de 14",Bésylate d’Amlodipine,-tagoniste calcique ) logie,"5225,5",7465,
CODES,DESIGNATION,COMPOSITION,"SOUS CLASSEPHARMACO-THERAPEUTIQUE","CLASSE PHARMACO-THERAPEUTIQUE","PRIX BASE DEREMBOURSEMENT (G) x 70%","PRIXPUBLIC","ACCORDPREALABLE"
PTM4573,"AMEP 5 mg comprimé, boîte de 28",Bésylate d’Amlodipine,"Antihypertenseur (An-tagoniste calcique )","Cardiologie-angeio-logie",3206,4580,-
PTM0154,"AMEP 5 mg comprimé, boîte de 14",Bésylate d’Amlodipine,"Antihypertenseur (An-tagoniste calcique )","Cardiologie-angeio-logie","2614,5",3735,-
PTM4574,"AMFOCIN 500 mg/62,5 mg comprimé pelliculé,boîte de 16","Amoxicilline/Acideclavulanique","Antibacterien (Peni-cilline)","Infectiologie-parasi-tologie",3059,4370,-
PTM4575,"AMFOCIN 875 mg/125 mg comprimé pelliculé, boîtede 14","Amoxicilline/Acideclavulanique","Antibacterien (Peni-cilline)","Infectiologie-parasi-tologie","4175,5",5965,-
PTM4576,"AMICAL 5 mg comprimé, boîte de 30",Bésylate d’Amlodipine,"Antihypertenseur (An-tagoniste calcique)","Cardiologie-angeio-logie",1393,1990,-
PTM4577,"AMICAL 10 mg comprimé, boîte de 30",Bésylate d’Amlodipine,"Antihypertenseur (An-tagoniste calcique)","Cardiologie-angeio-logie",4053,5790,-
PTM4578,"AMICAL P5 mg comprimé, boîte de 30","Amolidipine 10 mg +perindopril10 mg","Antihypertenseur(Antagoniste cal-cique+IEC)","Cardiologie-angeio-logie",7525,10750,-
PTM4579,"AMICAL P10 mg comprimé, boîte de 30","Amolidipine 10 mg +perindopril10 mg","Antihypertenseur(Antagoniste cal-cique+IEC)","Cardiologie-angeio-logie",10080,14400,-
PTM4580,"AMICOZ 2% crème, tube de 15 g",Nitrate de miconazole,Anti-fongique,"Infectiologie-Parasi-tologie","913,5",1305,-
PTM4581,"AMIDOL COLD & FLU sirop, flacon de 100 ml","Paracétamol /Chlorphé-namine/phényléphrine",Rhinites et sinusites,"Oto-Rhino-Laryngo-logie",686,980,-
PTM4582,"AMIDOL COLD & FLU comprimé, boîte de de 4","Paracétamol /Chlorphé-namine/phényléphrine",Rhinites et sinusites,"Oto-Rhino-Laryngo-logie","206,5",295,-
PTM0158,"AMIFER sirop, flacon de 200 ml","Citrate ferrique ammo-niacal/ Acide folique","Stimulant de l’héma-topoïèse","Hémostase -Hématopoïèse  - Hé-moglobinopathies","1809,5",2585,-
PTM4583,"AMIFER® FORTE comprimé  , boîte de 30",Fer/ Acide folique,"Stimulant de l’héma-topoïèse","Hémostase -Hématopoïèse  - Hé-moglobinopathies",2646,3780,-
"",,,SOUS CLASSE,PRIX BASE DE,,
"",,,CLASSE PHARMACO-,,PRIX,ACCORD
CODES,DESIGNATION,COMPOSITION,PHARMACO-,REMBOURSE,,
"",,,THERAPEUTIQUE,,PUBLIC,PREALABLE
"",,,THERAPEUTIQUE,MENT (G) x 70%,,
"",Hémostase - AMIFER® IV solution injectable ou solution à diluer,,Stimulant de l’héma-,,,
PTM4585,"-pour perfusion, boîte de 5 ampoules de 5 Ml",Fer,Hématopoïèse  - Hé- topoïèse,"10510,5",15015,
"",,,moglobinopathies,,,
"",,,Antihypertenseur (An-,,,
"",,,Cardiologie-angeio-,,,
PTM0159,"AMILO 5 mg comprimé, boîte de 28",Amilodipine,tagoniste calcique ),3108,4440,-
"",,,logie,,,
"",,,Antibacterien Infectiologie - Para-,,,
PTM0166,"AMITRON 500 mg gélule, 1 blister de 10",Amoxicilline,,364,520,-
"",,,sitologie,,,
"",,,Antihypertenseur (An-,,,
"",,,Cardiologie-angeio-,,,
PTM0169,"AMLIBON® 10 mg comprimé, boîte de 30",Amlodipine,tagoniste calcique ),"4112,5",5875,-
"",,,logie,,,
"",,,Antihypertenseur (An-,,,
"",,,Cardiologie-angeio-,,,
PTM0170,"AMLIBON® 5 mg comprimé, boîte de 30",Amlodipine,tagoniste calcique ),"2467,5",3525,-
"",,,logie,,,
"",,,Antihypertenseur (An-,,,
"",,,Cardiologie-angeio-,,,
PTM0171,AMLO-DENK 10 mg Plaquette de 10,Amlodipine,tagoniste calcique ),1470,2100,-
"",,,logie,,,
"",,,Antihypertenseur (An-,,,
"",,,Cardiologie-angeio-,,,
PTM0172,AMLO-DENK 5 mg  Plaquette de 10,Amlodipine,tagoniste calcique ),1218,1740,-
"",,,logie,,,
"",,,Antihypertenseur,,,
"",,,(Antagoniste calcique Cardiologie-angeio-,,,
PTM4586,"AMLOAS-AT comprimé, boîte de 30",Amlodipine/ Aténolol,-+ Betabloquant) logie,"5939,5",8485,
"",,,Antihypertenseur (An-,,,
"",,,Cardiologie-angeio-,,,
PTM4587,"AMLOCAD 10 mg comprimé, boîte de 1X30",Amlodipine,tagoniste calcique ),"1438,5",2055,-
"",,,logie,,,
"",,,Antihypertenseur (An-,,,
"",,,Cardiologie-angeio-,,,
PTM4588,"AMLOCAD 5 mg comprimé, boîte de 30",Amlodipine,tagoniste calcique ),245,350,-
"",,,logie,,,
"",,,Antihypertenseur (An-,,,
"",,,Cardiologie-angeio-,,,
PTM4589,"AMLOCARE 10 mg comprimé pelliculé, boîte de 30",Amlodipine,tagoniste calcique ),1176,1680,-
"",,,logie,,,
"",,,Antihypertenseur (An-,,,
"",,,Cardiologie-angeio-,,,
PTM4590,"AMLOCARE 5 mg comprimé pelliculé, boîte de 30",Amlodipine,tagoniste calcique ),1043,1490,-
"",,,logie,,,
CODES,DESIGNATION,COMPOSITION,"SOUS CLASSEPHARMACO-THERAPEUTIQUE","CLASSE PHARMACO-THERAPEUTIQUE","PRIX BASE DEREMBOURSEMENT (G) x 70%","PRIXPUBLIC","ACCORDPREALABLE"
PTM4591,"AMLOCLASS 10 mg comprimé, boîte de 3X10",Amlodipine,"Antihypertenseur (An-tagoniste calcique )","Cardiologie-angeio-logie",1463,2090,-
PTM4592,"AMLOCLASS 5 mg comprimé, boîte de 3X10",Amlodipine,"Antihypertenseur (An-tagoniste calcique )","Cardiologie-angeio-logie","1095,5",1565,-
PTM4593,"AMLODIMED 5 mg comprimé, boîte de 3X10",Amlodipine,"Antihypertenseur (An-tagoniste calcique )","Cardiologie-angeio-logie",2261,3230,-
PTM4594,"AMLODIMED 10 mg comprimé, boîte de 3X10",Amlodipine,"Antihypertenseur (An-tagoniste calcique )","Cardiologie-angeio-logie","3916,5",5595,-
PTM4596,"AMLODIPINE BIOGARAN®  10 mg gélule, boîte de 30",Amlodipine,"Antihypertenseur (An-tagoniste calcique )","Cardiologie-angeio-logie",3346,4780,-
PTM4597,"AMLODIPINE BIOGARAN®  5 mg gélule, boîte de 30",Amlodipine,"Antihypertenseur (An-tagoniste calcique )","Cardiologie-angeio-logie","2677,5",3825,-
PTM4598,"AMLODIPINE-GH® 10 mg comprimé, boîte de 28",Amlodipine,"Antihypertenseur (An-tagoniste calcique )","Cardiologie-angeio-logie",3122,4460,-
PTM4599,"AMLODIPINE-GH® 5 mg comprimé, boîte de 28",Amlodipine,"Antihypertenseur (An-tagoniste calcique )","Cardiologie-angeio-logie",2030,2900,-
PTM4600,"AMPLODIPINE GP 10 mg comprimé, boîte de 60",Amlodipine,"Antihypertenseur (an-tagoniste calcique)","Cardiologie-angeio-logie","4385,5",6265,-
PTM4601,"AMPLODIPINE GP 5 mg comprimé, boîte de 60",Amlodipine,"Anti-hypertenseur(antagoniste calcique)","Cardiologie-angeio-logie",2191,3130,-
PTM4602,"AMLODIPINE Pfizer 10 mg gélule, boite de 30",Amlodipine,"Antihypertenseur (An-tagoniste calcique )","Cardiologie-angeio-logie",4200,6000,-
"",,,SOUS CLASSE,PRIX BASE DE,,
"",,,CLASSE PHARMACO-,,PRIX,ACCORD
CODES,DESIGNATION,COMPOSITION,PHARMACO-,REMBOURSE,,
"",,,THERAPEUTIQUE,,PUBLIC,PREALABLE
"",,,THERAPEUTIQUE,MENT (G) x 70%,,
"",,,Antihypertenseur (An-,,,
"",,,Cardiologie-angeio-,,,
PTM0179,"AMLOFIL-10 comprimés, boîte de 3X10",Amlodipine,tagoniste calcique ),3836,5480,-
"",,,logie,,,
"",,,Antihypertenseur (An-,,,
"",,,Cardiologie-angeio-,,,
PTM0180,"AMLOFIL-5 comprimés, boîte de 3X10",Amlodipine,tagoniste calcique ),2877,4110,-
"",,,logie,,,
"",,,Antihypertenseur (An-,,,
"",,,Cardiologie-angeio-,,,
PTM4603,"AMLO-H 10 comprimé, boîte de 3X10",Amlodipine,tagoniste calcique ),"6268,5",8955,-
"",,,logie,,,
"",,,Antihypertenseur (An-,,,
"",,,Cardiologie-angeio-,,,
PTM4604,"AMLO-H 5 comprimé, boîte de 3X10",Amlodipine,tagoniste calcique ),"4385,5",6265,-
"",,,logie,,,
"",,,Antihypertenseur,,,
"",,Périndopril (DCI) argi-,(Antagoniste calcique Cardiologie-angeio-,,,
PTM4605,"AMLOPERIN 10/10 mg comprimés, boîte de 30",-nine/ Amlodipine (DCI),+ I E C) logie,"9138,5",13055,
"",,,Antihypertenseur,,,
"",,Périndopril (DCI) argi-,(Antagoniste calcique Cardiologie-angeio-,,,
PTM4606,"AMLOPERIN 10/5 mg comprimés, boîte de 30",-nine/ Amlodipine (DCI),+ I E C) logie,8225,11750,
"",,,Antihypertenseur,,,
"",,Périndopril (DCI) argi-,(Antagoniste calcique Cardiologie-angeio-,,,
PTM4607,"AMLOPERIN 5/10 mg comprimés, boîte de 30",-nine/ Amlodipine (DCI),+ I E C) logie,"6394,5",9135,
"",,,Antihypertenseur,,,
"",,Périndopril (DCI) argi-,(Antagoniste calcique Cardiologie-angeio-,,,
PTM4608,"AMLOPERIN 5/5 mg comprimés, boîte de 30",-nine/ Amlodipine (DCI),+ I E C) logie,"5939,5",8485,
"",,,Antihypertenseur (An-,,,
"",,,Cardiologie-angeio-,,,
PTM0183,"AMLOR 10 mg gélule, boîte de 56",Amlodipine,tagoniste calcique ),"9663,5",13805,-
"",,,logie,,,
"",,,Antihypertenseur (An-,,,
"",,,Cardiologie-angeio-,,,
PTM0184,"AMLOR 5 mg comprimé, boîte de 56",Amlodipine,tagoniste calcique ),8197,11710,-
"",,,logie,,,
CODES,DESIGNATION,COMPOSITION,"SOUS CLASSEPHARMACO-THERAPEUTIQUE","CLASSE PHARMACO-THERAPEUTIQUE","PRIX BASE DEREMBOURSEMENT (G) x 70%","PRIXPUBLIC","ACCORDPREALABLE"
PTM4609,"AMLOR 5 mg gélule, boîte de 30",Amlodipine,"Antihypertenseur (An-tagoniste calcique )","Cardiologie-angeio-logie",8435,12050,-
PTM4610,"AMLORAV-AT 5 mg comprimé, boîte de 3 plaquettesx 10",Amlodipine /Aténolol,"Antihypertenseur (An-tagoniste calcique )","Cardiologie-angeio-logie",4634,6620,-
PTM4611,"AMLOSARTAN  5/50 mg comprimé pelliculé, boîtede 30","Amlodipine besylate/Losartan potassique","Antihypertenseur (An-tagoniste calcique+-Sartan )","Cardiologie-angeio-logie",4249,6070,-
PTM4612,"AMLOSIX 10 comprimé, boîte de 30",Amlodipine,"Antihypertenseur (An-tagoniste calcique )","Cardiologie-angeio-logie",3654,5220,-
PTM4613,"AMLOSIX 5 comprimé, boîte de 30",Amlodipine,"Antihypertenseur (An-tagoniste calcique )","Cardiologie-angeio-logie","2740,5",3915,-
PTM4614,"AMLOSTAR PLUS 5 mg/50 comprimé, boîte de 3X10",Amlodipine/Atenolol,"Antihypertenseur(Antagoniste calcique+ Betabloquant)","Cardiologie-angeio-logie",6853,9790,-
PTM4615,"AMLOSTAR  5 mg comprimé, boîte de 3X10",Amlodipine,"Antihypertenseur(Antagoniste calcique+ Betabloquant)","Cardiologie-angeio-logie","3909,5",5585,-
PTM0185,"AMLOSTAR  10 mg comprimé, boîte de 3X10",Amlodipine,"Antihypertenseur (An-tagoniste calcique)","Cardiologie-angeio-logie",3619,5170,-
PTM4616,"AMLOSTAR-T 5 mg/40 mg comprimé, boîte de 30",Amlodipine/Telmisartan,"Antihypertenseur(Antagoniste calcique+ Sartan)","Cardiologie-angeio-logie",5481,7830,-
"",,,SOUS CLASSE,PRIX BASE DE,,
"",,,CLASSE PHARMACO-,,PRIX,ACCORD
CODES,DESIGNATION,COMPOSITION,PHARMACO-,REMBOURSE,,
"",,,THERAPEUTIQUE,,PUBLIC,PREALABLE
"",,,THERAPEUTIQUE,MENT (G) x 70%,,
"",,,Antihypertenseur (An-,,,
"",,,Cardiologie-angeio-,,,
PTM4618,"AMLOTOME® 5 mg comprimé, boîte de 10",Amlodipine,tagoniste calcique ),210,300,-
"",,,logie,,,
"",,,Antihypertenseur (An-,,,
"",,,Cardiologie-angeio-,,,
PTM4619,"AMLOTROY 10 comprimé, boîte de 30",Amlodipine,tagoniste calcique ),"3671,5",5245,-
"",,,logie,,,
"",,,Antihypertenseur (An-,,,
"",,,Cardiologie-angeio-,,,
PTM4620,"AMLOTROY 5 comprimé, boîte de 30",Amlodipine,tagoniste calcique ),"2754,5",3935,-
"",,,logie,,,
"",,,Antihypertenseur (An-,,,
"",,,Cardiologie-angeio-,,,
PTM4621,"AMLOWEL-10 comprimé, boîte de 30",Amlodipine,tagoniste calcique ),"3475,5",4965,-
"",,,logie,,,
"","AMOCLAN 156 mg/5 ml suspension buvable, flacon",Amoxicilline/ Acide,Antibacterien ( Peni- Infectiologie - Para-,,,
PTM0191,-de 100 ml,clavulanique,cilline) sitologie,"2194,5",3135,
"","AMOCLAN® 100 mg/12,5 mg poudre pour suspen-",Amoxicilline/ Acide,Antibacterien ( Peni- Infectiologie - Para-,,,
PTM4622,"-sion buvable, flacon de 60 ml",clavulanique,cilline) sitologie,"2922,5",4175,
"",AMOCLAN® 1000 mg/125 mg poudre pour suspen-,Amoxicilline/ Acide,Antibacterien ( Peni- Infectiologie - Para-,,,
PTM0188,"-sion buvable en sachet-dose, boîte de 12",clavulanique,cilline) sitologie,4340,6200,
"","AMOCLAN® 500 mg/62,5 mg poudre pour suspen-",Amoxicilline/ Acide,Antibacterien ( Peni- Infectiologie - Para-,,,
PTM0189,"-sion buvable en sachet-dose, boîte de 12",clavulanique,cilline) sitologie,3206,4580,
"",,Amoxicilline/ Acide,Antibacterien ( Peni- Infectiologie - Para-,,,
PTM0192,"AMOCLAN® 500 mg/62,5 mg Comprimé, boîte de 12",-clavulanique,cilline) sitologie,3290,4700,
"",,,Antibacterien ( Peni- Infectiologie - Para-,,,
PTM0194,"AMODEX 500 mg gélule, boîte de 12",Amoxicilline,,"941,5",1345,-
"",,,cilline) sitologie,,,
"",,Amoxicilline,Antibacterien ( Peni- Infectiologie - Para-,,,
PTM4623,"AMOXAL® comprimé, boîte de 10",,,"346,5",495,-
"",,500 mg,cilline) sitologie,,,
"","AMOXICILLINE BIOGARAN 1g  comprimé dispersible,",,Antibacterien ( Peni- Infectiologie - Para-,,,
PTM4624,-boite de 14,Amoxicilline,cilline) sitologie,1827,2610,
"","AMOXICILLINE BIOGARAN 1g  comprimé dispersible,",,Antibacterien ( Peni- Infectiologie - Para-,,,
PTM4625,-boite de 6,Amoxicilline,cilline) sitologie,1050,1500,
"","AMOXICILLINE IG 250 mg comprimé dispersible,",,Antibacterien ( Peni- Infectiologie - Para-,,,
PTM4626,-boite de 20,Amoxicilline,cilline) sitologie,1372,1960,
"","AMOXICILLINE SANDOZ 500 mg comprimé pelliculé,",,Antibacterien ( Peni- Infectiologie - Para-,,,
PTM0226,-boîte de 10,Amoxicilline,cilline) sitologie,462,660,
CODES,DESIGNATION,COMPOSITION,"SOUS CLASSEPHARMACO-THERAPEUTIQUE","CLASSE PHARMACO-THERAPEUTIQUE","PRIX BASE DEREMBOURSEMENT (G) x 70%","PRIXPUBLIC","ACCORDPREALABLE"
PTM4627,"AMOXICILLINE TM 500 mg comprimé, boîte de 12",Amoxicilline,"Antibacterien ( Peni-cilline)","Infectiologie - Para-sitologie",602,860,-
PTM0219,"AMOXICLAV-DENK 500/62,5 mg comprimé pelliculé,boîte de 16","Amoxicilline/ Acideclavulanique","Antibacterien ( Peni-cilline)","Infectiologie - Para-sitologie",3199,4570,-
PTM0203,"AMOXICLAV DENK 1000 mg/125 mg poudre poursuspension buvable, boîte de 12 sachets.","Amoxicilline/ Acideclavulanique","Antibacterien ( Peni-cilline)","Infectiologie - Para-sitologie","4476,5",6395,-
PTM0220,"AMOXICLAV DENK 1000 mg/125 mg poudre poursuspension buvable, boîte de 8 sachets.","Amoxicilline/ Acideclavulanique","Antibacterien ( Peni-cilline)","Infectiologie - Para-sitologie",3199,4570,-
PTM4629,"AMOXI CARE 500 mg gélule, boîte de 12",Amoxicilline,"Antibacterien ( Peni-cilline)","Infectiologie - Para-sitologie","640,5",915,-
PTM4630,"AMOXIDEL 125mg/5ml suspension buvable flaconde 100 ml",Amoxicilline,"Antibacterien ( Peni-cilline)","Infectiologie - Para-sitologie",1260,1800,-
PTM4631,"AMOXIDEL 250 mg/5 ml suspension buvable flaconde 100 ml",Amoxicilline,"Antibacterien ( Peni-cilline)","Infectiologie - Para-sitologie",1400,2000,-
PTM0221,"AMOXIDEL 500 mg comprimé, boite de 20",Amoxicilline,"Antibacterien ( Peni-cilline)","Infectiologie - Para-sitologie",1260,1800,-
PTM4632,"AMOXI-DENK 1000 mg comprimé, boite de 10",Amoxicilline,"Antibacterien ( Peni-cilline)","Infectiologie - Para-sitologie",1827,2610,-
PTM0222,"AMOXI-DENK 500 mg comprimé, boite de 20",Amoxicilline,"Antibacterien ( Peni-cilline)","Infectiologie - Para-sitologie",1645,2350,-
PTM4633,"AMOXIKAV 125 mg/5 ml poudre pour suspensionorale, flacon de 60 ml",Amoxicilline,"Antibacterien ( Peni-cilline)","Infectiologie - Para-sitologie","318,5",455,-
PTM4634,"AMOXIKAV 250 mg/5 ml poudre pour suspensionorale, flacon de 60 ml",Amoxicilline,"Antibacterien ( Peni-cilline)","Infectiologie - Para-sitologie","318,5",455,-
PTM4635,"AMOXIMED-500 gélule, boîte de 20",Amoxicilline,"Antibacterien ( Peni-cilline)","Infectiologie - Para-sitologie",539,770,-
PTM4636,"AMOXIVID 250 mg / 5 ml poudre pour suspensionbuvable, flacon de 60 ml",Amoxicilline,"Antibacterien ( Peni-cilline)","Infectiologie - Para-sitologie",609,870,-
PTM4637,"AMOXYTOP 250 mg suspension orale, flacon de 60ml",Amoxicilline,"Antibacterien ( Peni-cilline)","Infectiologie - Para-sitologie","318,5",455,-
PTM4638,"AMOXYTOP 500 mg capsule, boîte de 10",Amoxicilline,"Antibacterien ( Peni-cilline)","Infectiologie - Para-sitologie","318,5",455,-
PTM4640,"AMPLID 10mg/160mg comprimé pelliculé, boite de30",Amlodipine/Valsartan,Antihypertenseurs,"Cardiologie-angeio-logie",12537,17910,-
"",,,SOUS CLASSE,PRIX BASE DE,,
"",,,CLASSE PHARMACO-,,PRIX,ACCORD
CODES,DESIGNATION,COMPOSITION,PHARMACO-,REMBOURSE,,
"",,,THERAPEUTIQUE,,PUBLIC,PREALABLE
"",,,THERAPEUTIQUE,MENT (G) x 70%,,
"","AMSTAN 10 mg/160 mg comprimés pelliculés, boîte",,Anti-hypertenseur Cardiologie-angeio-,,,
PTM4641,-de 30,Amlodipine/Valsartan,(antagoniste calcique) logie,"10279,5",14685,
"","Anti-hypertenseur AMSTAN 5 mg/160 mg comprimés pelliculés, boîte",,Cardiologie-angeio-,,,
PTM4642,-de 30,Amlodipine/Valsartan,(antagoniste calcique+ logieSartan),8953,12790,
"","Antihypertenseur (an-AMSTAN 5 mg/80 mg comprimés pelliculés, boîte de",,Cardiologie-angeio-,,,
PTM4643,,Amlodipine/Valsartan,tagoniste calcique+-,7630,10900,-
"",30,,logieSartan),,,
"",,Tinidazole,Antibactérien (Imi- Infectiologie - Para-,,,
PTM0231,"AMTIBA 500 comprimé, boîte de 4",,,"640,5",915,-
"",,500 mg,dazolé) sitologie,,,
"",,Antihypertenseur (an-Atorvastatine/Amlodi-,Cardiologie-angeio-,,,
PTM4644,"AMTOR 5  mg comprimé, boîtes de 3X10",,tagoniste calcique)+s-,"5939,5",8485,-
"",,pine,logietatine,,,
"",,Chlorure de sodium/,,,,
"",,,Anti-septique et dé-,,,
PTM0232,"AMUCHINA 5% solution externe, flacon de 250 ml",traces d’acide hy-,-sinfectantDermatologie,1253,1790,
"",,pochloreux,,,,
"",,,Antibactérien (cépha- Infectiologie - Para-,,,
PTM4645,"AMUROX 250 mg comprimé, boîte de 10",Céfuroxime,,1169,1670,-
"",,,losporines) sitologie,,,
"",,,Anti-septique et dé-,,,
PTM0234,"AMUSTIL 0,5% crème dermique, tube de 30 g",Irgasan/ triclosan,-sinfectantDermatologie,2093,2990,
"",,,Anti-hypertenseur,,,
"","AMVA DENK 10/160 mg comprimé pelliculé, boîte",,(Antagoniste cal- Cardiologie-angeio-,,,
PTM4646,-de 28,Amlodipine/Valsartan,cique+Sartan) logie,10500,15000,
"",,,Anti-hypertenseur,,,
"","AMVA DENK 5/160 mg comprimé pelliculé, boîte de",,(Antagoniste cal- Cardiologie-angeio-,,,
PTM4647,,Amlodipine/Valsartan,,"9586,5",13695,-
"",28,,cique+Sartan) logie,,,
"",,,Anti-hypertenseur,,,
"","AMVA DENK 5/80 mg comprimé pelliculé, boîte de",,(Antagoniste cal- Cardiologie-angeio-,,,
PTM4648,,Amlodipine/Valsartan,,8673,12390,-
"",28,,cique+Sartan) logie,,,
CODES,DESIGNATION,COMPOSITION,"SOUS CLASSEPHARMACO-THERAPEUTIQUE","CLASSE PHARMACO-THERAPEUTIQUE","PRIX BASE DEREMBOURSEMENT (G) x 70%","PRIXPUBLIC","ACCORDPREALABLE"
PTM4649,"AMVA+HCT DENK forte 10/160/12,5 mg comprimépelliculé, boîte de 28","Amlodipine/Valsartan/Hydrochlorothiazide","Antihypertenseur(Antagoniste cal-cique+Sartan+Diuére-tique)","Cardiologie-angeio-logie",15155,21650,-
PTM4650,"AMVA+HCT DENK forte 10/160/25 mg comprimépelliculé, boîte de 28","Amlodipine/Valsartan/Hydrochlorothiazide","Antihypertenseur(Antagoniste cal-cique+Sartan+Diuére-tique)","Cardiologie-angeio-logie",15155,21650,-
PTM4651,"AMVA+HCT DENK forte 5/160/12,5 mg comprimépelliculé, boîte de 28","Amlodipine/Valsartan/Hydrochlorothiazide","Antihypertenseur(Antagoniste cal-cique+Sartan+Diuére-tique)","Cardiologie-angeio-logie",13468,19240,-
PTM0235,ANAFRANIL 10 mg comprimé boite de 60,Clomipramine,Anxiolytique,Neurologie,"2201,5",3145,-
PTM0236,ANAFRANIL 25 mg comprimé boite de 50,Clomipramine,Anxiolytique,Neurologie,"4350,5",6215,-
PTM4652,ANAFRANIL 75 mg comprimé boite de 20,Clomipramine,Anxiolytique,Neurologie,6867,9810,-
PTM0237,ANAFRANIL 25 mg injectable boite de 5,Clomipramine,Anxiolytique,Neurologie,1435,2050,-
PTM4653,"ANALGAN CODEINE 300 mg/25 mg comprimé, boîtede 16","Paracétamol/ Codéinephosphate hémihydraté",Antalgique,"Antalgique-Antpy-retique",805,1150,-
PTM4654,"ANALGAN EXTRA 500 mg/65 mg comprim sécableé,boîte de 16",Paracétamol/ Caféine,"Antalgique opioïdePériphérique","Antalgiques -Antipyrétiques - An-tispasmodiques","703,5",1005,-
PTM4655,ANALGIN 50%/5ml injectable/ 1 ampoule,Metamizole sodique,"Antalgiques - Antipyré-tiques","Antalgiques -Antipyrétiques - An-tispasmodiques",350,500,-
PTM4656,"ANALGIN 500 mg comprimé, boîte de 2 X 10",Metamizole,"Antalgiques - Antipyré-tiques","Antalgiques -Antipyrétiques - An-tispasmodiques",910,1300,-
PTM4657,"ANASPASM-ORO comprimé orodispersible, boîte de10",Phloroglucinol hydraté,Antispamodiques,"Antalgiques -Antipyrétiques - An-tispasmodiques",1225,1750,-
"",,,SOUS CLASSE,PRIX BASE DE,,
"",,,CLASSE PHARMACO-,,PRIX,ACCORD
CODES,DESIGNATION,COMPOSITION,PHARMACO-,REMBOURSE,,
"",,,THERAPEUTIQUE,,PUBLIC,PREALABLE
"",,,THERAPEUTIQUE,MENT (G) x 70%,,
"","Antalgiques - ANDOL 1000 mg, comprimés effervescents, Boîte de",,Antalgiques - Antipyré-,,,
PTM4659,,Paracétamol,Antipyrétiques - An-,693,990,-
"",8,,tiques,,,
"",,,tispasmodiques,,,
"","Antalgiques - ANDOL 500 mg, comprimés effervescents, Boîte de",,Antalgiques - Antipyré-,,,
PTM4660,,Paracétamol,Antipyrétiques - An-,476,680,-
"",20,,tiques,,,
"",,,tispasmodiques,,,
"","Antalgiques - ANDOL 500 mg/300, comprimés effervescents, Boîte",Paracétamol+acide,Antalgiques - Antipyré-,,,
PTM4661,-de 20,ascorbique,Antipyrétiques - An- tiques,"759,5",1085,
"",,,tispasmodiques,,,
"",ANGIGO 120 mg comprimé enrobé à libération pro-,,Antihypertenseur Cardiologie-angeio-,,,
PTM4662,"-longée, boîte de 3x10",Vérapamil,(inhibiteur calcique) logie,4872,6960,
"",,,Antihypertenseur Cardiologie-angeio-,,,
PTM4663,"ANGIGO 40 mg comprimé, boîte de 3x10",Vérapamil,-(inhibiteur calcique) logie,4130,5900,
"",,,Antihypertenseur Cardiologie-angeio-,,,
PTM4664,"ANGIGO 80 mg comprimé, boîte de 3x10",Vérapamil,-(inhibiteur calcique) logie,"4266,5",6095,
"",,,Antihypertenseur(- Cardiologie-angeio-,,,
PTM4665,"ANGINIB® 50 mg comprimé, boîte de 28",Losartan,-Sartan) logie,4935,7050,
"",,,Cardiologie-angeio-,,,
PTM4666,"ANGINET 80mg comprimé, de bte de 30",Valsartan,Antilipidique,"5792,5",8275,-
"",,,logie,,,
"",,,Cardiologie-angeio-,,,
PTM4667,"ANGINET 160mg comprimé, de bte de 30",Valsartan,Antilipidique,6160,8800,-
"",,,logie,,,
"",,Déqualinium chlorure/,,,,
"",,Tyrothricine/ Acide,,,,
"",,Préparations oro- buc-B-glycyrrhétinique/,Oto-Rhino- Laryn-,,,
PTM0242,"ANGINOVAG aérosol, flacon de 10 ml",-Acétate d’hydrocorti-,cales : antibactériens  gologieet/ou antalgiques,1855,2650,
"",,sone/ Lidocaine chlo-,,,,
"",,rhydrate,,,,
"",,,Antihypertenseur Cardiologie-angeio-,,,
PTM4668,"ANGIZAAR 25 mg comprimé, boîte de 30",Losartan,-(Sartan) logie,3199,4570,
"",,,Antihypertenseur Cardiologie-angeio-,,,
PTM4669,"ANGIZAAR 50 mg comprimé, boîte de 30",Losartan,-(Sartan) logie,8449,12070,
"",,,Antihypertenseur (An- Cardiologie-angeio-,,,
PTM4670,"ANGLOR 10 mg comprimé, boîte de 28.",Amlodipine,-tagoniste calcique) logie,"3671,5",5245,
"",,,Antihypertenseur (An- Cardiologie-angeio-,,,
PTM4671,"ANGLOR 5 mg comprimé, boîte de 28.",Amlodipine,-tagoniste calcique) logie,"2754,5",3935,
CODES,DESIGNATION,COMPOSITION,"SOUS CLASSEPHARMACO-THERAPEUTIQUE","CLASSE PHARMACO-THERAPEUTIQUE","PRIX BASE DEREMBOURSEMENT (G) x 70%","PRIXPUBLIC","ACCORDPREALABLE"
PTM0245,"ANOMEX suppositoire, boîte de 10","Acétate d’hydrocorti-sone/ Lidocaïne/ Oxydede Zinc / Allantoïne",Antihémorroïdaire,"Gastro-Enté-ro-Hépathologie","3489,5",4985,-
PTM4672,"ANTACID suspension buvable, flacon de 200 ml","Hydroxyde d’Alumi-nium/ Hydroxyde deMagnesium","Antiacide et panse-ment gastro-intestinal","Gastro-Enté-ro-Hépathologie","836,5",1195,-
PTM0246,"ANTADYS 100 mg comprimé, boîte de 15",Flurbiprofène,"Anti-inflammatoirenon stéroïdien",Anti-inflammatoire,"2075,5",2965,-
PTM4673,"ANTAFEN 100 mg comprimé pelliculé, boîte de 7",Flurbiprofène,"Anti-inflammatoirenon stéroïdien",Anti-inflammatoire,987,1410,-
PTM4674,"ANTAGRA® 500 mg comprimés pelliculés, boîte de30",Lévétiracétam,Anticonvulsivant,"Neurologie-Psychia-trie","12407,5",17725,-
PTM4675,"ANTAGRA® 100 mg/mL solution buvable, flacon de300 mL",Lévétiracétam,Anticonvulsivant,"Neurologie-Psychia-trie",21966,31380,-
PTM4676,"ANTASKAV 500 mg comprimé, boîte de 10",Aluminium hydroxyde,"Antiacide et panse-ment gastro-intestinal","Gastro-Enté-ro-Hépathologie",280,400,-
PTM4677,"ANTEFIN 20 mg/120 mg comprimé, boîte de 8X3","Artéméther/ Lumé-fantrine",Antipaludique,"Infectiologie-parasi-tologie",1113,1590,-
PTM4678,"ANTEFIN 80 mg/480 mg comprimé, boîte de 6","Artéméther/ Lumé-fantrine",Antipaludique,"Infectiologie-parasi-tologie",1113,1590,-
PTM4679,"ANTEMIN 80 mg/ mL solution injectable, boîte de 6ampoules",Artéméther,Antipaludique,"Infectiologie-parasi-tologie",1533,2190,-
PTM4680,"ANTI-GRIPPE sirop, flacon de 100 ml","Paracétamol/ Chlorphé-namine/ Guaifénésine","Rhinites-Sinu-sites-Rhumes","Oto - Rhino - Laryn-gologie",525,750,-
PTM0255,"ANTIHEMORROIDAL pommade rectale CINFA, tubede 30 g","Hydrocortisoneacétate/ néomycine(sulfate)/ Benzocaine/Acide tannique",Antihémorroïdaire,"Gastro-Enté-ro-Hépathologie",1883,2690,-
PTM4681,"ANTINAL 200 mg gélule, boîte de 24",Nifuroxazide,Antiseptique intestinal,"Gastro-Enté-ro-Hépathologie",1533,2190,-
PTM4682,"ANTINAL suspension 220 mg/5 mL, flacon de 60 Ml",Nifuroxazide,Antiseptique intestinal,"Gastro-Enté-ro-Hépathologie","1060,5",1515,-
"",,,SOUS CLASSE,PRIX BASE DE,,
"",,,CLASSE PHARMACO-,,PRIX,ACCORD
CODES,DESIGNATION,COMPOSITION,PHARMACO-,REMBOURSE,,
"",,,THERAPEUTIQUE,,PUBLIC,PREALABLE
"",,,THERAPEUTIQUE,MENT (G) x 70%,,
"","ANTINE 75 mg/ 3 ml solution injectable, boîte de 5",,Anti-inflammatoire,,,
PTM4684,-ampoules,Diclofénac,Anti-inflammatoire non stéroïdien,"1851,5",2645,
PTM4685,"ANTINOREX 2 mg/5 ml sirop, flacon de 125 ml",Cyproheptadine,Anti-histaminique H 1 Allergologie,987,1410,-
"",,Cyproheptadine Hcl,,,,
"",,(sous forme de cy-,,,,
PTM4686,"ANTINOREX 4 mg comprimé, boîte de 30",,Anti-histaminique H 1 Allergologie,805,1150,-
"",,"proheptadine Hcl 1,5",,,,
"",,H2O) 4 mg,,,,
"",,,Antalgiques - Anti-spasmodiques,,,
PTM4687,"ANTI-SPA® 200 mg comprimé pelliculé, boîte de 30",Mébévérine,-(Spasmolytique) Antipyrétiques - An-,2100,3000,
"",,,tispasmodiques,,,
"",,,Antiagrégant plaquet-,,,
PTM0257,ANTIPLATT 75 mg,Clopidrogel,taire Hematologie,"5939,5",8485,-
"",,Moxifloxacin/ Dexame-,Fluoroquinolone+ Oto-Rhino-Laryngo-,,,
PTM4688,"APDROPS DX goutte oculaire, flacon de 3 ml",,,"2740,5",3915,-
"",,thazone,Anti-inflammatoire logie,,,
"",,,Infectiologie-parasi-,,,
PTM4689,"APDROPS goutte oculaire, flacon de 3 ml",Moxifloxacin,Fluoroquinolone,"2285,5",3265,-
"",,,tologie,,,
"",,,Anti-bactérien,,,
"",,Azithromycine dihydra-,Infectiologie-parasi-,,,
PTM4690,"APEXIME 250 mg comprimé pelliculé, boîte de 6",,(macrolides),3654,5220,-
"",,tée,tologie,,,
"",Anti-bactérien APEXIME® 200 mg/5 ml poudre pour suspension,Azithromycine dihydra-,Infectiologie-parasi-,,,
PTM4691,"-orale, flacon de 15 ml",tée,(macrolides) tologie,1918,2740,
"",,,Anti-bactérien,,,
"",,Azithromycine dihydra-,Infectiologie-parasi-,,,
PTM4692,"APEXIME® 500 mg comprimé pelliculé, boîte de 3",,(macrolides),3654,5220,-
"",,tée,tologie,,,
"",,,Antalgiques -Antipyré- Antalgiques -,,,
PTM4693,"APFLU poudre effervescente, boîte de 10 sachets.",Paracétamol,tiques Antipyrétiques - An-,1463,2090,-
"",,,tispasmodiques,,,
"",,,Antalgiques - Anti-inflammatoires,,,
PTM0265,"APIFEN 400 mg comprimé enrobé, boite de 30",Ibuprofène,Antipyrétiques - An-,1673,2390,-
"",,,non stérodiens,,,
"",,,tispasmodiques,,,
CODES,DESIGNATION,COMPOSITION,"SOUS CLASSEPHARMACO-THERAPEUTIQUE","CLASSE PHARMACO-THERAPEUTIQUE","PRIX BASE DEREMBOURSEMENT (G) x 70%","PRIXPUBLIC","ACCORDPREALABLE"
PTM4694,"APMALT 100 mg/2 mL injection Intramusculaire,boîte de 5 ampoules",Fer,"Stimulant de l’héma-topoïèse","Hémostase -Héma-topoïèse  -Hémoglobinopa-thies","9138,5",13055,-
PTM4695,"APOTEL®  Max 10 mg/ml solution pour perfusion,pochette de 100 ml",Paracétamol,"Antalgiques -Antipyré-tiques","Antalgiques -Antipyrétiques - An-tispasmodiques","1186,5",1695,-
PTM0272,"APRAMOL 500 mg comprimé effervescent, boite de20",Paracétamol,"Antalgiques -Antipyré-tiques","Antalgiques -Antipyrétiques - An-tispasmodiques",875,1250,-
PTM0271,"APRAMOL 500 mg comprimé, boite de 20",Paracétamol,"Antalgiques -Antipyré-tiques","Antalgiques -Antipyrétiques - An-tispasmodiques",595,850,-
PTM4696,"APRAMOL 1000 mg comprimé Effervescen , boite de10",Paracétamol,"Antalgiques -Antipyré-tiques","Antalgiques -Antipyrétiques - An-tispasmodiques","1018,5",1455,-
PTM4697,"APRAMOL FORTE comprimé, boîte de 10","Paracétamol/ Propy-phenazone/ Caféine","Antalgique opioïdePériphérique","Antalgiques -Antipyrétiques - An-tispasmodiques","822,5",1175,-
PTM0277,"APROVASC® 150 mg/10 mg comprimés, boîte de 28",Irbésartan/ Amlodipine,Antihypertenseur,"Cardiologie-angeio-logie",13251,18930,-
PTM0279,"APROVASC® 300 mg/10 mg comprimés, boîte de 28",Irbésartan/ Amlodipine,Antihypertenseur,"Cardiologie-angeio-logie","14619,5",20885,-
PTM0278,"APROVASC® 300 mg/5 mg comprimés, boîte de 28",Irbésartan/ Amlodipine,Antihypertenseur,"Cardiologie-angeio-logie",13706,19580,-
PTM0280,"APROVEL 150 mg comprimé pélliculé, boite de 28",Irbésartan,"Antihypertenseur(sartan)","Cardiologie-angeio-logie","12491,5",17845,-
PTM0281,"APROVEL 300 mg comprimé pélliculé, boite de 28",Irbésartan,"Antihypertenseur(sartan)","Cardiologie-angeio-logie","13156,5",18795,-
PTM6026,"APSYL-S comprimé, boite de 20","Acelofenac/Paraceta-mol","Antalgiques-Antipyré-tique","Antalgiques-Antipy-rétiques",1925,2750,-
PTM4698,"AQUANATE 60 mg/ ml injectable, boîte de 1 am-poule de 1 ml",Artésunate,Antipaludique,"Infectiologie-parasi-tologie","913,5",1305,-
"",,,SOUS CLASSE,PRIX BASE DE,,
"",,,CLASSE PHARMACO-,,PRIX,ACCORD
CODES,DESIGNATION,COMPOSITION,PHARMACO-,REMBOURSE,,
"",,,THERAPEUTIQUE,,PUBLIC,PREALABLE
"",,,THERAPEUTIQUE,MENT (G) x 70%,,
"",,,Antihypertenseur Cardiologie-angeio-,,,
PTM4700,"ARBITEL 80 comprimé, boîte de 30",Telmisartan,-(sartan) logie,4039,5770,
"",,Telmisartan/ Hydrochlo-,Antihypertenseur (sar- Cardiologie-angeio-,,,
PTM4701,"ARBITEL H comprimé, boîte de 30",,,4039,5770,-
"",,rothiazide,tan+ diuéretique) logie,,,
"","Antalgiques - ARCET 10 mg/ml solution pour perfusion IV, flacon",,Antalgiques -Antipyré-,,,
PTM0286,-de 100 ml,Paracétamol,Antipyrétiques - An- tiques,1330,1900,
"",,,tispasmodiques,,,
"",,,Antalgiques - Antalgiques -Antipyré-,,,
PTM4702,"ARCET 1000 mg comprimé effervescent, boîte de 10",Paracétamol,-tiques Antipyrétiques - An-,"794,5",1135,
"",,,tispasmodiques,,,
"",,,Antalgiques - Antalgiques -Antipyré-,,,
PTM0284,"ARCET 120 mg/5ml sirop, flacon de 60ml",Paracétamol,-tiques Antipyrétiques - An-,525,750,
"",,,tispasmodiques,,,
"","Antalgiques - ARCET 300 mg poudre pour solution buvable,boîte",,Antalgiques -Antipyré-,,,
PTM4703,-de 10 sachets,Paracétamol,Antipyrétiques - An- tiques,"836,5",1195,
"",,,tispasmodiques,,,
"",,,Antalgiques - Antalgiques -Antipyré-,,,
PTM4704,"ARCET 500 mg comprimé effervescent, boîte de 10",Paracétamol,-tiques Antipyrétiques - An-,840,1200,
"",,,tispasmodiques,,,
"",,,Antalgiques - Antalgiques -Antipyré-,,,
PTM0285,"ARCET 500 mg comprimé, boite de 20",Paracétamol,-tiques Antipyrétiques - An-,511,730,
"",,,tispasmodiques,,,
"",,,Antalgiques - Antalgiques -Antipyré-,,,
PTM4705,"ARCET SUPPO 100 mg, boîte de 10 suppositoires",Paracétamol,-tiques Antipyrétiques - An-,700,1000,
"",,,tispasmodiques,,,
"","ARCONIFED SR 20 mg comprimé, boîte de 3 blisters",,Antihypertenseur (an- Cardiologie-angeio-,,,
PTM4706,-de 10,Nifédipine,tagoniste calcique) logie,"5099,5",7285,
"",,,Anti-inflammatoire,,,
PTM0287,"ARCOXIA 120 mg comprimé pelliculé, boîte de 7",Etoricoxib,-non steroidien (AINS)Rhumatologie,"4476,5",6395,
"",,,Anti-inflammatoire,,,
PTM0288,"ARCOXIA 60 mg comprimé pelliculé, boîte de 7",Etoricoxib,-non steroidien (AINS)Rhumatologie,3528,5040,
"",,,Anti-inflammatoire,,,
PTM0289,"ARCOXIA 90 mg comprimé pelliculé, boîte de 7",Etoricoxib,-non steroidien (AINS)Rhumatologie,4431,6330,
"","ARFAN CARE 20 mg/120 mg comprimé dispersible,",Arteméther/ Lumé-,Infectiologie-parasi-,,,
PTM4707,-boîte de 6,fantrine,Antipaludique tologie,630,900,
CODES,DESIGNATION,COMPOSITION,"SOUS CLASSEPHARMACO-THERAPEUTIQUE","CLASSE PHARMACO-THERAPEUTIQUE","PRIX BASE DEREMBOURSEMENT (G) x 70%","PRIXPUBLIC","ACCORDPREALABLE"
PTM4708,"ARGO solution buvable, flacon de 250 ml","Alginate de sodium/Bi-carbonate de sodium","Antiacide et panse-ment gastro-intestinal","Gastro-Enté-ro-Hépathologie","2285,5",3265,-
PTM4709,"ARIXA 10 mg comprimé, boite de 30",Rivaroxaban,Anticoagulant oral,Hematologie,"15704,5",22435,-
PTM4710,"ARIXA 20 mg comprimé, boite de 30",Rivaroxaban,Anticoagulant oral,Hematologie,26173,37390,-
PTM4711,"ARMELU 40 mg/240 mg comprimé, boîte de 6","Artéméther 40 mg /Luméfantrine 240 mg",Antipaludique,"Infectiologie-parasi-tologie",1043,1490,-
PTM4712,"ARMELU 80 mg/480 mg comprimé, boîte de 6","Artéméther 80 mg /Luméfantrine 480 mg",Antipaludique,"Infectiologie-parasi-tologie","1466,5",2095,-
PTM4713,"ARMETHAR 80 mg/ml injectable, boîte de 8 am-poules",Artéméther,Antipaludique,"Infectiologie-parasi-tologie",1827,2610,-
PTM4714,"ART 60 mg poudre pour solution injectable, boîte de1 flacon",Artesunate,Antipaludique,"Infectiologie-parasi-tologie","563,5",805,-
PTM0306,ARTANE 2 mg comprimé boite de 50,Trihexyphénidyle,Antiparkinsonien,Neurologie,1603,2290,-
PTM0307,ARTANE 5 mg comprimé boite de 20,Trihexyphénidyle,Antiparkinsonien,Neurologie,2310,3300,-
PTM0305,ARTANE 10 mg Injectable boite de 5,Trihexyphénidyle,Antiparkinsonien,Neurologie,3682,5260,-
PTM0308,"ARTEFAN 180 mg/1080 poudre pour susp, flacon de60 ml","Artéméther/ Lumé-fantrine",Antipaludique,"Infectiologie-parasi-tologie","2369,5",3385,-
PTM0310,"ARTEFAN 20/120 comprimé dispersible, boîte de 6","Artéméther/ Lumé-fantrine",Antipaludique,"Infectiologie-parasi-tologie","731,5",1045,-
PTM0313,"ARTEFAN 40/240 mg comprimé, boite de 2 blistersde 6","Artéméther/ Lumé-fantrine",Antipaludique,"Infectiologie-parasi-tologie",2009,2870,-
PTM4715,"ARTEFAN DISPERSIBLE 20/120 comprimé, boîte de12","Artéméther/ Lumé-fantrine",Antipaludique,"Infectiologie-parasi-tologie",1372,1960,-
PTM4716,"ARTEFAN 60 mg/360 mg comprimé, boîte de 6","Artéméther/ Lumé-fantrine",Antipaludique,"Infectiologie-parasi-tologie",1687,2410,-
PTM4717,"ARTEFAN 40 mg/240 mg comprimé, boîte de 6","Artéméther/ Lumé-fantrine",Antipaludique,"Infectiologie-parasi-tologie",1372,1960,-
PTM0314,"ARTEFAN 80 mg/480 mg comprimé, boîte de 6","Artéméther/ Lumé-fantrine",Antipaludique,"Infectiologie-parasi-tologie",2009,2870,-
PTM4718,"ARTEFIN (15 mg + 90 mg) poudre pour suspensionbuvable, flacon de 60 ml","Artéméther/ Lumé-fantrine",Antipaludique,"Infectiologie-parasi-tologie",1043,1490,-
"",,,SOUS CLASSE,PRIX BASE DE,,
"",,,CLASSE PHARMACO-,,PRIX,ACCORD
CODES,DESIGNATION,COMPOSITION,PHARMACO-,REMBOURSE,,
"",,,THERAPEUTIQUE,,PUBLIC,PREALABLE
"",,,THERAPEUTIQUE,MENT (G) x 70%,,
"","ARTEGEN 60 mg poudre pour solution injectable,",,Infectiologie-parasi-,,,
PTM4720,-boîte de 1 flacon +solvants,Artésunate,Antipaludique tologie,917,1310,
"",,Artéméther/ Lumé-,Infectiologie-parasi-,,,
PTM4721,"ARTELUME 140 mg comprimé, boîte de 6",-fantrine,Antipaludique tologie,"1326,5",1895,
"",,Artéméther/ Lumé-,Infectiologie-parasi-,,,
PTM4722,"ARTELUME 280 mg comprimé, boîte de 6",-fantrine,Antipaludique tologie,1204,1720,
"",,Artéméther/ Lumé-,Infectiologie-parasi-,,,
PTM4723,"ARTELUME 560 mg comprimé, boîte de 6",-fantrine,Antipaludique tologie,1743,2490,
"","ARTELUME poudre pour suspension buvable, flacon",Artéméther/ Lumé-,Infectiologie-parasi-,,,
PTM4724,-de 100 ml,fantrine,Antipaludique tologie,"1046,5",1495,
"",,Artéméther/ Lumé-,Infectiologie-parasi-,,,
PTM4725,"ARTEM 40 mg injectable, boite de 6 ampoules",-fantrine,Antipaludique tologie,2513,3590,
"",,Artéméther/ Lumé-,Infectiologie-parasi-,,,
PTM4726,"ARTEM 80 mg injectable, boite de 6 ampoules",-fantrine,Antipaludique tologie,"3902,5",5575,
"",,Artésunate/ Méflo-,Infectiologie-parasi-,,,
PTM0329,"ARTEQUIN 300/375 comprimé, boite de 6",-quine,Antipaludique tologie,"2285,5",3265,
"",,Artésunate/ Méflo-,Infectiologie-parasi-,,,
PTM0330,"ARTEQUIN ADULE 600/750 comprimé, boite de 6",-quine,Antipaludique tologie,3017,4310,
"","ARTESIANE (Artémether 300 mg/3 ml, ampoule de 3",,Infectiologie-parasi-,,,
PTM0335,-ml) injectable,Artemether,Antipaludique tologie,2506,3580,
"",,,Infectiologie-parasi-,,,
PTM0334,"ARTESIANE 20 mg solution injectable IM, boîte de 10",Artemether,Antipaludique,4459,6370,-
"",,,tologie,,,
"",,,Infectiologie-parasi-,,,
PTM0337,"ARTESIANE 40 mg injectable, boite de 1ampoule",Artéméther,Antipaludique,"528,5",755,-
"",,,tologie,,,
"",,,Infectiologie-parasi-,,,
PTM0336,"ARTESIANE 40 mg suppogel, boîte de 6",Artemether,Antipaludique,"1690,5",2415,-
"",,,tologie,,,
"",,,Infectiologie-parasi-,,,
PTM0339,"ARTESIANE 80 mg solution injectable IM, boîte de 5",Artemether,Antipaludique,"4175,5",5965,-
"",,,tologie,,,
"","ARTESIANE100 mg solution injectable IM, boîte de 1",,Infectiologie-parasi-,,,
PTM0333,-ampoules de 1 ml injectable,Artemether,Antipaludique tologie,770,1100,
"","ARTESUN 120 mg poudre pour solution injectable,",,,,,
"",boîte de 1 flacon + 1 ampoule de 2 ml de bicarbo-,,Infectiologie-parasi-,,,
PTM4727,-nate de sodium + 1 ampoule de 10 ml de chlorure de,Artésunate,Antipaludique tologie,2030,2900,
"",sodium,,,,,
CODES,DESIGNATION,COMPOSITION,"SOUS CLASSEPHARMACO-THERAPEUTIQUE","CLASSE PHARMACO-THERAPEUTIQUE","PRIX BASE DEREMBOURSEMENT (G) x 70%","PRIXPUBLIC","ACCORDPREALABLE"
PTM4728,"ARTESUN 30 mg poudre pour solution injectable,boîte de flacon + 1 ampoule de 0,5 ml de bicarbo-nate de sodium + 1 ampoule de 2,5 ml de chlorurede sodium",Artésunate,Antipaludique,"Infectiologie-parasi-tologie","640,5",915,-
PTM0344,"ARTESUN 60 mg poudre pour solution injectable,boîte de flacon + 1 ampoule de 0,5 ml de bicarbo-nate de sodium + 1 ampoule de 2,5 ml de chlorurede sodium",Artésunate,Antipaludique,"Infectiologie-parasi-tologie",1141,1630,-
PTM4732,"ARTESUNATE AMODIAQUINE WINTHROP 25/67,5mg comprimé, boîte de 1 blisters de 3","Artesunate/Amo-diaquine",Antipaludique,"Infectiologie-parasi-tologie","458,5",655,-
PTM4733,"ARTESUNATE AMODIAQUINE WINTHROP 50/135 mgcomprimé, boîte de 1 blisters de 3","Artesunate/Amo-diaquine",Antipaludique,"Infectiologie-parasi-tologie","528,5",755,-
PTM4734,"ARTESUPPO-100 suppositoire, boîte de 6",Artésunate,Antipaludique,"Infectiologie-parasi-tologie",1848,2640,-
PTM4735,"ARTESUPPO-200 suppositoire, boîte de 6",Artésunate,Antipaludique,"Infectiologie-parasi-tologie","2285,5",3265,-
PTM4736,"ARTESUPPO-50 suppositoire, boîte de 6",Artésunate,Antipaludique,"Infectiologie-parasi-tologie","1242,5",1775,-
PTM4737,"ARTESWI 80 mg solution injectable, boîte de 10",Artéméther,Antipaludique,"Infectiologie-parasi-tologie","2789,5",3985,-
PTM4738,"ARTESYN 60 mg poudre pour injection, boîte de 1flacon + solvants",Artesunate,Antipaludique,"Infectiologie-parasi-tologie",861,1230,-
PTM4739,"ARTHEL 20 mg/120 mg comprimé dispersible, boîtede 24","Arteméther/ Lumé-fantrine",Antipaludique,"Infectiologie-parasi-tologie","1893,5",2705,-
PTM4740,"ARTHEL 60 mg injection, boîte de 1",Artesunate,Antipaludique,"Infectiologie-parasi-tologie",1183,1690,-
PTM4741,"ARTHEL 30 mg injection, boîte de 1",Artesunate,Antipaludique,"Infectiologie-parasi-tologie","640,5",915,-
PTM4742,"ARTHEL 120 mg injection, boîte de 1",Artesunate,Antipaludique,"Infectiologie-parasi-tologie",1995,2850,-
PTM4743,"ARTHEL  180m/1080mg suspension buvable, flaconde 60 ml","Arteméther/ Lumé-fantrine",Antipaludique,"Infectiologie-parasi-tologie",2100,3000,-
"",,,SOUS CLASSE,PRIX BASE DE,,
"",,,CLASSE PHARMACO-,,PRIX,ACCORD
CODES,DESIGNATION,COMPOSITION,PHARMACO-,REMBOURSE,,
"",,,THERAPEUTIQUE,,PUBLIC,PREALABLE
"",,,THERAPEUTIQUE,MENT (G) x 70%,,
"",,Arteméther/ Lumé-,Infectiologie-parasi-,,,
PTM4744,"ARTHEL  40 mg/240 mg comprimé, boîte de 12",-fantrine,Antipaludique tologie,"1949,5",2785,
"",,Arteméther/ Lumé-,Infectiologie-parasi-,,,
PTM4745,"ARTHEPA PLUS 80/480 mg comprimé, boîte de 6",-fantrine,Antipaludique tologie,1736,2480,
"",,Extrait d’eglantier,,,,
PTM4746,ARTHRO-ACTIVE DENK sachet b/14,-+acide hyaluronique,Antiarthrosique Rhumatologie,"7325,5",10465,
"",,,Anti-inflammatoires,,,
PTM4747,"ARTIBREX 200 mg comprimé, boîte de 10",Célecoxid,Anti-inflammatoires,1463,2090,-
"",,,non stérodiens,,,
"",,,Anti-inflammatoires,,,
PTM4748,"ARTIBREX 200 mg gélule, boîte de 20",Célecoxid,Anti-inflammatoires,2933,4190,-
"",,,non stérodiens,,,
"",,,Anti-inflammatoires,,,
PTM4749,"ARTIBREX 200 mg gélule, boîte de 30",Célecoxid,Anti-inflammatoires,"4749,5",6785,-
"",,,non stérodiens,,,
"",,Glucosamine/chondroî-,,,,
PTM4750,"ARTIFLEX gélule, boîte de 30",-tine,Arthrose Rhumatologie,"3041,5",4345,
"",,Arteméther/ Lumé-,Infectiologie-parasi-,,,
PTM4751,"ARTILEX 80/480 mg comprimé, boîte de 6",-fantrine,Antipaludique tologie,1736,2480,
"",,Arteméther/ Lumé-,Infectiologie-parasi-,,,
PTM4752,"ARTILEX suspension buvable, flacon de 60 ml",-fantrine,Antipaludique tologie,1463,2090,
"",,Arteméther/ Lumé-,Infectiologie-parasi-,,,
PTM0352,"ARTIZ DP 80/480 mg comprimé, boîte de 6",-fantrine,Antipaludique tologie,"2285,5",3265,
"",,Arteméther/ Lumé-,Infectiologie-parasi-,,,
PTM0351,"ARTIZ FORTE 40/ 240 mg comprimé, boîte de 2x6",-fantrine,Antipaludique tologie,"2285,5",3265,
"",,Arteméther/ Lumé-,Infectiologie-parasi-,,,
PTM0350,"ARTIZ suspension buvable, flacon de 60 ml",-fantrine,Antipaludique tologie,"2285,5",3265,
"",,Arteméther/ Lumé-,Infectiologie-parasi-,,,
PTM4753,"ARTLUF-FORTE 80 mg/480 mg comprimé, boîte de 6",-fantrine,Antipaludique tologie,"2012,5",2875,
"","ARTLUF-FORTE 180 mg/1080 mg sirop, flacon de 60",Arteméther/ Lumé-,Infectiologie-parasi-,,,
PTM4754,,,Antipaludique,1645,2350,-
"",ml,fantrine,tologie,,,
"",,Arteméther/ Lumé-,Infectiologie-parasi-,,,
PTM0353,"ARTOME suspension buvable, flacon de 60 ml",-fantrine,Antipaludique tologie,2128,3040,
"",,Arteméther/ Lumé-,Infectiologie-parasi-,,,
PTM0356,"ARTRIM 40/240 mg comprimés, boîte de 2X6",-fantrine,Antipaludique tologie,"2082,5",2975,
"",,Arteméther/ Lumé-,Infectiologie-parasi-,,,
PTM4755,"ARTRIM GH 80/480 comprimé, boîte de 6",-fantrine,Antipaludique tologie,2009,2870,
CODES,DESIGNATION,COMPOSITION,"SOUS CLASSEPHARMACO-THERAPEUTIQUE","CLASSE PHARMACO-THERAPEUTIQUE","PRIX BASE DEREMBOURSEMENT (G) x 70%","PRIXPUBLIC","ACCORDPREALABLE"
PTM0355,"ARTRIM sirop, flacon de 60 ml","Arteméther/ Lumé-fantrine",Antipaludique,"Infectiologie-parasi-tologie","2376,5",3395,-
PTM4756,"ARTXON 1 g injection, boîte de 1 flacon + solvant de10 ml",Ceftriaxone,"Antibactérien (cépha-losporines)","Infectiologie-parasi-tologie",1463,2090,-
PTM4757,"ASBENZOL-400 comprimé, boîte de 1",Albendazole,Antihelminthique,"Infectiologie-parasi-tologie","465,5",665,-
PTM0358,ASCABIOL lotion flacon de 125 ml,Benzyl benzoate,"Antiparasitaire systé-mique (Scabicide)","Infectiologie-parasi-tologie",2485,3550,-
PTM4758,ASEF KIT 150 mg/ 1 g/ 1 g comprimé boîte de 4,"Fluconazole/ Azi-thromycine / Secni-dazole","Antibacteriens asso-ciations","Infectiologie-parasi-tologie",2716,3880,-
PTM4759,"ASMETAMOL 250 mg/5 mL sirop, flacon de 100 Ml",Paracetamol,"Antalgigues-Antipyré-tiques","Antalgiques-Antipy-rétiques-Antispas-modiques",1050,1500,-
PTM4760,"ASMET-GZ 500 mg/80 mg comprimé, boîte de 30",Metformine/ Gliclazide,Antidiabétique,"Métabolisme-Dia-bète-Nutrition",4571,6530,-
PTM4761,"ASMOCET-L comprimé, boîte de 20","Lévocétirizine/ Mon-telukast",Antiasthmatique,Pneumologie,"4112,5",5875,-
PTM4762,"ASMOCET-MTS comprimé, boîte de 20",Lévocétirizine,Antihistaminique,Allergologie,"7311,5",10445,-
PTM4763,"ASMOCID comprimé, boîte de 20","Pantoprazole/ Dompé-ridone","Ulcere-Gastro-Duo-denal","Gastro-Enté-ro-Hépathologie",4753,6790,-
PTM4764,"ASMOFLAM suspension buvable, flacon de 60 Ml","Ibuprofène/Paraceta-mol",Antalgique + AINS,"Antalgiques-Antipy-rétiques-Antispas-modiques",1372,1960,-
PTM4765,"ASMOCOLD suspension buvable, flacon de 100 mL","Paracétamol/Phény-lephrine /Chlorphéni-ramine","Rhinites - sinusites -Rhumes","Oto-Rino-Laryngo-logie",910,1300,-
PTM4766,"ASMOCOLD comprimés, boîte de 4","Paracétamol/Phény-lephrine /Chlorphéni-ramine","Rhinites - Sinusites -Rhumes","Oto-Rino-Laryngo-logie",210,300,-
PTM4767,"ASMOFLOX 200 mg comprimé, boîte de 20",Ofloxacine,"Antibactérien (Quino-lone)","Infectiologie-parasi-tologie",4571,6530,-
"",,,SOUS CLASSE,PRIX BASE DE,,
"",,,CLASSE PHARMACO-,,PRIX,ACCORD
CODES,DESIGNATION,COMPOSITION,PHARMACO-,REMBOURSE,,
"",,,THERAPEUTIQUE,,PUBLIC,PREALABLE
"",,,THERAPEUTIQUE,MENT (G) x 70%,,
"",,Losartan potassique  50,,,,
"",,,Antihypertenseur(sar- Cardiologie-angeio-,,,
PTM4769,"ASMOLOS-HT comprimé, boîte de 30",mg / Hydrochlorothia-,-tan+diurétique logie,5180,7400,
"",,"zide BP 12,5 mg",,,,
"",,,Métabolisme-Dia-,,,
PTM4770,"ASMORIDE-2 comprimé, boîte de 30",Glimépiride,Antidiabetique bète-Nutrition,"2194,5",3135,-
"",ASMOXIME 100 mg/5 mL poudre pour suspension,,Antibactérien (cépha- Infectiologie-parasi-,,,
PTM4771,"-orale, flacon de 100 mL",Céfixime,losporines) tologie,"4112,5",5875,
"","Antalgiques - ASPEGIC 100 mg poudre pr sol buv, boite de 20",,Antalgique -Antipyré-,,,
PTM0370,-sachets,Acide acétyl salicylique,Antipyrétiques - An- tique,1050,1500,
"",,,tispasmodiques,,,
"","Antalgiques - ASPEGIC 1000 mg poudre pr sol buv, boite de 20",,Antalgique -Antipyré-,,,
PTM0369,-sachets,Acide acétyl salicylique,Antipyrétiques - An- tique,1855,2650,
"",,,tispasmodiques,,,
"","Antalgiques - ASPEGIC 1000 mg/5 ml solution à usage parentéral,",,Antalgique -Antipyré-,,,
PTM0371,-B/1 flacon,Acide acétylsalicylique,Antipyrétiques - An- tique,1190,1700,
"",,,tispasmodiques,,,
"","Antalgiques - ASPEGIC 250 mg poudre pr sol buv, boite de 20",,Antalgique -Antipyré-,,,
PTM0373,-sachets,Acide acétyl salicylique,Antipyrétiques - An- tique,"1067,5",1525,
"",,,tispasmodiques,,,
"","Antalgiques - ASPEGIC 500 mg poudre pr sol buv, boite de 20",,Antalgique -Antipyré-,,,
PTM0374,-sachets,Acide acétyl salicylique,Antipyrétiques - An- tique,1316,1880,
"",,,tispasmodiques,,,
"","Antalgiques - ASPEGIC 500 mg/5 ml solution à usage parentéral, 1",,Antalgique -Antipyré-,,,
PTM4772,-flacon,Acide acétylsalicylique,Antipyrétiques - An- tique,"409,5",585,
"",,,tispasmodiques,,,
"","Antalgiques - ASPIRIN CARDIO 100 mg comprimé gastrorésistant,",,Antalgique -Antipyré-,,,
PTM4773,-boîte de 3x10,Acide acétyl salicylique,Antipyrétiques - An- tique,1260,1800,
"",,,tispasmodiques,,,
"","Antalgiques - ASPIRINE UPSA 1000 mg comprimé effervescent,",,Antalgique -Antipyré-,,,
PTM0381,-boîte de 20,Acide acétyl salicylique,Antipyrétiques - An- tique,1911,2730,
"",,,tispasmodiques,,,
"",,,Antalgiques -,,,
"",ASPIRINE UPSA VITAMINE C TAMPONNEE EFFERVES-,Acide acétyl salicylique,Antalgique -Antipyré-,,,
PTM0382,"-CENT, comprimé effervescent, boîte de 20",/ Vitamine C,Antipyrétiques - An- tique,"850,5",1215,
"",,,tispasmodiques,,,
CODES,DESIGNATION,COMPOSITION,"SOUS CLASSEPHARMACO-THERAPEUTIQUE","CLASSE PHARMACO-THERAPEUTIQUE","PRIX BASE DEREMBOURSEMENT (G) x 70%","PRIXPUBLIC","ACCORDPREALABLE"
PTM0383,"ASTAPH 500 mg gélule, boite de 12",Flucloxacilline,"Antibatérien (Pénicil-lines)","Infectiologie-parasi-tologie",2751,3930,-
PTM0385,"ASTAPH 250mg/5ml, pdre pour susp buvable, flaconde 60ml",Flucloxacilline,"Antibatérien (Pénicil-lines)","Infectiologie-parasi-tologie","2054,5",2935,-
PTM0384,"ASTAPH 125 mg/5ml, pdre pour susp buvable, flaconde 60 ml",Flucloxacilline,"Antibatérien (Pénicil-lines)","Infectiologie-parasi-tologie",1736,2480,-
PTM4775,"ASTAPH 1000 mg poudre et solvant pour solutioninjectable, boîte de 1 flacon de poudre et 1 ampoulede solvant",Flucloxacilline,"Antibatérien (Pénicil-lines)","Infectiologie-parasi-tologie",1372,1960,-
PTM4776,"ASTAPH 250 mg poudre et solvant pour solutioninjectable, boîte de 1 flacon de poudre et 1 ampoulede solvant",Flucloxacilline,"Antibatérien (Pénicil-lines)","Infectiologie-parasi-tologie","640,5",915,-
PTM4777,"ASTAPH 250mg/5ml, pdre pour susp buvable, flaconde 100ml",Flucloxacilline,"Antibatérien (Pénicil-lines)","Infectiologie-parasi-tologie","2054,5",2935,-
PTM4778,"ASTAPH 500 mg poudre et solvant pour solutioninjectable, boîte de 1 flacon de poudre et 1 ampoulede solvant",Flucloxacilline,"Antibatérien (Pénicil-lines)","Infectiologie-parasi-tologie","822,5",1175,-
PTM4779,ASTYMIN® sirop Flacon de 110 ml,"Viamines/Acides ami-nés",Vitamines,"Métabolisme-Nutri-tion-Diabète",2065,2950,-
PTM0390,ASTYMIN® FORTE Boîte de 20,"Viamines/Acides ami-nés",Vitamines,"Métabolisme-Nutri-tion-Diabète",2212,3160,-
PTM0391,"ASTYMIN® C gouttes buvables, flacon de 15 ml","Viamines/Acides ami-nés",Vitamines,"Métabolisme-Nutri-tion-Diabète",959,1370,-
PTM0388,"ASTYFER capsule, boîte de 2x15",Fer+Viamines,"Stimulant de l’héma-topoïèse","Hémostase -Héma-topoïèse  -Hémoglobinopa-thies",2212,3160,-
PTM0389,"ASTYFER sirop, flacon de 200 mL",Fer+Viamines,"Stimulant de l’héma-topoïèse","Hémostase -Héma-topoïèse  -Hémoglobinopa-thies",1918,2740,-
PTM0393,"ASU-DENK fixed dose comprimé, boîte de 3","Artesunate/ Sulfamé-thoxypyrazine/ Pyrimé-thamine",Antipaludique,"Infectiologie-parasi-tologie",2282,3260,-
"",,,SOUS CLASSE,PRIX BASE DE,,
"",,,CLASSE PHARMACO-,,PRIX,ACCORD
CODES,DESIGNATION COMPOSITION,,PHARMACO-,REMBOURSE,,
"",,,THERAPEUTIQUE,,PUBLIC,PREALABLE
"",,,THERAPEUTIQUE,MENT (G) x 70%,,
"","Artesunate/ Sulfamé-ASUNATE DENK 100 mg Plus Juniorcomprimé, boite",,Infectiologie-parasi-,,,
PTM0395,-de 03 + 03 thoxypyrazine/ Pyrimé-,,Antipaludique tologie,1918,2740,
"",thamine,,,,,
"",Artesunate/ Sulfamé-,,,,,
"",,,Infectiologie-parasi-,,,
PTM0394,"ASUNATE DENK 200 PLUS comprimé, boite de 6 thoxypyrazine/ Pyrimé-",,Antipaludique,"2831,5",4045,-
"",,,tologie,,,
"",thamine,,,,,
"",,,Hémostase -Héma-,,,
"",,,Traitement  Surcharge topoïèse  -,,,
PTM4780,"ASUNRA 100 mg comprimé dispersible, boîte de 30 Déférasirox",,-en fer  Hémoglobinopa-,18200,26000,
"",,,thies,,,
"",,,Hémostase -Héma-,,,
"",,,Traitement  Surcharge topoïèse  -,,,
PTM4781,"ASUNRA 400 mg comprimé dispersible, boîte de 30 Déférasirox",,-en fer  Hémoglobinopa-,18200,26000,
"",,,thies,,,
"",,,Antihypertenseur Cardiologie-angeio-,,,
PTM0396,"ATACAND 16 mg comprimé, boîte de 30 Candesartan cilexetil",,-(Sartan) logie,14126,20180,
"",,,Antihypertenseur Cardiologie-angeio-,,,
PTM0397,"ATACAND 8 mg comprimé, boîte de 30 Candesartan cilexetil",,-(Sartan) logie,13440,19200,
"","ATENOLOL BIOGARAN®  50 mg comprimé sécable,",,Cardiologie-angeio-,,,
PTM4782,-boîte de 30 Atenolol,,Antihypertenseur logie,"2019,5",2885,
"",,,Cardiologie-angeio-,,,
PTM0402,"ATENOLOL  50 mg Denk, plaquette de 10 Atenolol",,Antihypertenseur,630,900,-
"",,,logie,,,
"",,,Cardiologie-angeio-,,,
PTM4783,"ATENOMED 50 mg comprimé, boite de 30 Atenolol",,Antihypertenseur,2485,3550,-
"",,,logie,,,
"",,,Cardiologie-angeio-,,,
PTM4784,"ATENOMED 100 mg comprimé, boite de 30 Atenolol",,Antihypertenseur,3794,5420,-
"",,,logie,,,
"",Adénosine triphosphate,,,,,
PTM0405,"ATEPADENE 30 mg gélule, boite de 30 -disodique",,Myorelaxant Rhumatologie,3654,5220,
"","ATHROZYCIN 200 mg/5 ml suspension buvable,",,Antibacterien (macro- Infectiologie-parasi-,,,
PTM4785,-flacon de 1 flacon de 15 ml Azithromycine,,lides) tologie,2485,3550,
"",,,Antibacterien (macro- Infectiologie-parasi-,,,
PTM4786,"ATHROZYCIN 250 mg comprimé, boîte de 1X3 Azithromycine",,,1372,1960,-
"",,,lides) tologie,,,
"",,,Antibacterien (macro- Infectiologie-parasi-,,,
PTM4787,"ATHROZYCIN 500 mg comprimé, boîte de 1X3 Azithromycine",,,"2740,5",3915,-
"",,,lides) tologie,,,
"",,,SOUS CLASSE,,PRIX BASE DE,,
"",,,,CLASSE PHARMACO-,,PRIX,ACCORD
CODES,DESIGNATION,COMPOSITION,PHARMACO-,,REMBOURSE,,
"",,,,THERAPEUTIQUE,,PUBLIC,PREALABLE
"",,,THERAPEUTIQUE,,MENT (G) x 70%,,
"",,,Antibacterien (macro-,Infectiologie-parasi-,,,
PTM4788,"ATMAX 200 mg suspension buvable, flacon de 15 ml",Azithromycine,,,"1536,5",2195,-
"",,,lides),tologie,,,
"",,,Antibacterien (macro-,Infectiologie-parasi-,,,
PTM4789,"ATMAX 500 mg comprimé, boîte de 3",Azithromycine,,,"2922,5",4175,-
"",,,lides),tologie,,,
"",,,,Cardiologie-Mé-,,,
"",,,Hypocholesterolé-,,,,
PTM0408,"ATORCAP 20 mg comprimé, boîte de 3X10",Atorvastatine,,tabolisme-Dia-,4767,6810,-
"",,,miant,,,,
"",,,,bète-Nutrition,,,
"",,,,Cardiologie-Mé-,,,
"",,,Hypocholesterolé-,,,,
PTM4790,"ATORCAP 40 mg comprimé, boîte de 30",Atorvastatine,,tabolisme-Dia-,5292,7560,-
"",,,miant,,,,
"",,,,bète-Nutrition,,,
"",,,,Cardiologie-Mé-,,,
"",,,Hypocholesterolé-,,,,
PTM4791,"ATOREX 10 mg comprimé pelliculé, boîte de 30",Atorvastatine,,tabolisme-Dia-,4466,6380,-
"",,,miant,,,,
"",,,,bète-Nutrition,,,
"",,,,Cardiologie-Mé-,,,
"",,,Hypocholesterolé-,,,,
PTM4792,"ATOREX 20 mg comprimé pelliculé, boîte de 30",Atorvastatine,,tabolisme-Dia-,"6149,5",8785,-
"",,,miant,,,,
"",,,,bète-Nutrition,,,
"",,,,Cardiologie-Mé-,,,
"",,,Hypocholesterolé-,,,,
PTM0409,"ATORFIT 10 mg comp, boite de 3 blisters de 10",Atorvastatine,,tabolisme-Dia-,"4203,5",6005,-
"",,,miant,,,,
"",,,,bète-Nutrition,,,
"",,,,Cardiologie-Mé-,,,
"",,,Hypocholesterolé-,,,,
PTM0410,"ATORFIT 20 mg comp, boite de 3 blisters de 10",Atorvastatine,,tabolisme-Dia-,"5575,5",7965,-
"",,,miant,,,,
"",,,,bète-Nutrition,,,
"",,,,Cardiologie-Mé-,,,
"",,,Hypocholesterolé-,,,,
PTM4793,"ATORFIT-40 comprimé, boîte de 3 étuis de 10",Atorvastatine,,tabolisme-Dia-,"6303,5",9005,-
"",,,miant,,,,
"",,,,bète-Nutrition,,,
"",,,,Cardiologie-Mé-,,,
"",,,Hypocholesterolé-,,,,
PTM4794,"ATORLIP 10 mg comprimé, boîte de 30",Atorvastatine,,tabolisme-Dia-,"4567,5",6525,-
"",,,miant,,,,
"",,,,bète-Nutrition,,,
"",,,,Cardiologie-Mé-,,,
"",,,Hypocholesterolé-,,,,
PTM4795,"ATORLIP 20 mg comprimé, boîte de 3X10",Atorvastatine,,tabolisme-Dia-,"5939,5",8485,-
"",,,miant,,,,
"",,,,bète-Nutrition,,,
"",,,,Cardiologie-Mé-,,,
"",,,Hypocholesterolé-,,,,
PTM4796,"ATORLIP 40 mg comprimé, boîte de 3X10",Atorvastatine,,tabolisme-Dia-,7308,10440,-
"",,,miant,,,,
"",,,,bète-Nutrition,,,
"",,,SOUS CLASSE,PRIX BASE DE,,
"",,,CLASSE PHARMACO-,,PRIX,ACCORD
CODES,DESIGNATION,COMPOSITION,PHARMACO-,REMBOURSE,,
"",,,THERAPEUTIQUE,,PUBLIC,PREALABLE
"",,,THERAPEUTIQUE,MENT (G) x 70%,,
"",,,Cardiologie-Mé-,,,
"",,,Hypocholesterolé-,,,
PTM4797,"ATORVACOR 10 comprimé, boîte de 30",Atorvastatine,tabolisme-Dia-,3472,4960,-
"",,,miant,,,
"",,,bète-Nutrition,,,
"",,,Cardiologie-Mé-,,,
"",,,Hypocholesterolé-,,,
PTM4798,"ATORVACOR 20 comprimé, boîte de 30",Atorvastatine,tabolisme-Dia-,"4868,5",6955,-
"",,,miant,,,
"",,,bète-Nutrition,,,
"","Cardiologie-Mé-ATORVASTATINE SP® 20mg comprimé pelliculé, boîte",,Hypocholesterolé-,,,
PTM4799,-de 30,Atorvastatine,tabolisme-Dia- miant,5026,7180,
"",,,bète-Nutrition,,,
"","Cardiologie-Mé-ATORVASTATINE SP® 40mg comprimé pelliculé, boîte",,Hypocholesterolé-,,,
PTM4800,-de 30,Atorvastatine,tabolisme-Dia- miant,"7304,5",10435,
"",,,bète-Nutrition,,,
"","ATRICAN 250 mg capsule molle gastro-résistante,",,Infectiologie-parasi-,,,
PTM0411,-boîte de 8.,Ténonitrozole,Antiparasitaire tologie,2695,3850,
"","Amoxicilline sodique/ AUGMACILLIN 400mg/57mg suspension buvable,",,Antibactérien(Peni- Infectiologie-parasi-,,,
PTM0422,-flacon de 60 ml,Clavulanate de potas-,cilline) tologie,2786,3980,
"",,sium,,,,
"",Amoxicilline sodique/ AUGMENTIN 1 g/200 mg poudre pour solution injec-,,Antibactérien(Peni- Infectiologie-parasi-,,,
PTM0423,"-table pour IV, boîte/1",Clavulanate de potas-,cilline) tologie,"2376,5",3395,
"",,sium,,,,
"",,Néomy-,,,,
PTM4801,"AURICAP Gouttes auriculaires, flacon de 10,5 ml",cine+Polymyxine+Dexa-,Anti-infectieux Ophtalmologie,"1046,5",1495,-
"",,méthasone,,,,
"",,Phénazone/ Lidocaïne,Anti-inflammatoire,,,
PTM0435,"AURIPAX gouttes auriculaires, flacon de 15 ml",,Anti-inflammatoire,"1095,5",1565,-
"",,chlorhydrate,non stéroïdien,,,
"",,Artemether/ Lume-,Infectiologie-parasi-,,,
PTM4802,"AUROTHER 20/120 comprimé dispersible, boîte de 6",-fantrine,Antipaludique tologie,"577,5",825,
"","AUROTHER 40/240 comprimé dispersible, boîte de",Artemether/ Lume-,Infectiologie-parasi-,,,
PTM4803,,,Antipaludique,2065,2950,-
"",12,fantrine,tologie,,,
"",,Artemether/ Lume-,Infectiologie-parasi-,,,
PTM4804,"AUROTHER 80/480 comprimé, boîte de 6",-fantrine,Antipaludique tologie,"2068,5",2955,
"","AUROTHRIN 200 mg/5 ml suspension buvable, fla-",,Antibacterien (macro- Infectiologie-parasi-,,,
PTM4805,-con de 15 ml,Azithromycine,lides) tologie,1918,2740,
"",,,Antibacterien (macro- Infectiologie-parasi-,,,
PTM4806,"AUROTHRIN 500 mg comprimé, boîte de 3",Azithromycine,,"3755,5",5365,-
"",,,lides) tologie,,,
CODES,DESIGNATION,COMPOSITION,"SOUS CLASSEPHARMACO-THERAPEUTIQUE","CLASSE PHARMACO-THERAPEUTIQUE","PRIX BASE DEREMBOURSEMENT (G) x 70%","PRIXPUBLIC","ACCORDPREALABLE"
PTM4807,"AVAS 10 mg comprimé, boîte de 30",Atorvastatine,"Antibacterien (macro-lides)","Infectiologie-parasi-tologie",4109,5870,-
PTM4808,"AVERTISO® 200 mcg comprimés, boîte de 4",Misoprostol,Prostaglandines PGE1,"Gastro-Entero-He-patologie","556,5",795,-
PTM4809,"AVSAR® 80 mg/ 5 mg comprimé pelliculé, boîte de28",Amlodipine/Valsartan,Antihypertenseurs,"Cardiologie-angeio-logie","8431,5",12045,-
PTM4810,"AVAZIR 0,3% solution ophtalmique stérile, flacon de10 ml",Tobramycine,"Antibactérien (Amino-sides)",Ophtalmologie,"1536,5",2195,-
PTM4811,"AZARGA 10 mg/ml + 5 mg/ml collyre, flacon de 5 ml",Brinzolamide/ Timolol,"Ophtalmologie (Anti-glaucomateux)",Ophtalmologie,12061,17230,-
PTM0453,"AZIBACT 250 mg comprimé, boite de 6",Azithromycine,"Antibacterien (macro-lides)","Infectiologie-parasi-tologie","3181,5",4545,-
PTM0454,"AZIBACT 500 mg comprimé, boite de 3",Azithromycine,"Anti-bacterien(macrolides)","Infectiologie-parasi-tologie","3181,5",4545,-
PTM4812,"AZICIN 500 comprimé, boîte de 3",Azithromycine,"Anti-bacterien(macrolides)","Infectiologie-parasi-tologie",2744,3920,-
PTM4813,"AZICINE 500 comprimé, boîte de 3",Azithromycine,"Anti-bacterien(macrolides)","Infectiologie-parasi-tologie",3108,4440,-
PTM0456,"AZICURE 200 mg/5 ml suspension buvable, flaconde 15",Azithromycine,"Anti-bacterien(macrolides)","Infectiologie-parasi-tologie",1827,2610,-
PTM0457,"AZICURE 250 mg comprimé, boîte de 6",Azithromycine,"Anti-bacterien(macrolides)","Infectiologie-parasi-tologie","2194,5",3135,-
PTM0458,"AZICURE 500 mg comprimé, boîte de 3",Azithromycine,"Anti-bacterien(macrolides)","Infectiologie-parasi-tologie","2922,5",4175,-
PTM4814,"AZIENT 500 mg comprimé, boîte de 3",Azithromycine,"Anti-bacterien(macrolides)","Infectiologie-parasi-tologie",2877,4110,-
PTM4815,"AZILIN 200 mg/5 mL suspension buvable, flacon de30 Ml",Azithromycine,"Anti-bacterien(macrolides)","Infectiologie-parasi-tologie",3563,5090,-
PTM4816,"AZIFAIR 200 mg/5 ml suspension buvable, flacon de15 ml",Azithromycine,"Anti-bacterien(macrolides)","Infectiologie-parasi-tologie",2338,3340,-
PTM4817,"AZIFAIR-500 comprimé, boîte de 3",Azithromycine,"Anti-bacterien(macrolides)","Infectiologie-parasi-tologie",3143,4490,-
"",,,,SOUS CLASSE,PRIX BASE DE,,
"",,,,CLASSE PHARMACO-,,PRIX,ACCORD
CODES,,DESIGNATION,COMPOSITION,PHARMACO-,REMBOURSE,,
"",,,,THERAPEUTIQUE,,PUBLIC,PREALABLE
"",,,,THERAPEUTIQUE,MENT (G) x 70%,,
"",,,,Anti-bacterien Infectiologie-parasi-,,,
PTM4819,AZIKWAL cp  500 mg,,Azithromycine,-(macrolides) tologie,3500,5000,
"",,,,Anti-bacterien Infectiologie-parasi-,,,
PTM4820,"AZILIDE 500 mg comprimé, boîte de 3",,Azithromycine,-(macrolides) tologie,"2649,5",3785,
"",,,,Anti-bacterien Infectiologie-parasi-,,,
PTM4821,"AZIMO-250 comprimé, boîte de 6",,Azithromycine,-(macrolides) tologie,"3678,5",5255,
"",,,,Anti-bacterien Infectiologie-parasi-,,,
PTM4822,"AZIMO-500 comprimé, boîte de 3",,Azithromycine,-(macrolides) tologie,"2915,5",4165,
"","AZINA poudre pour suspension orale, flacon de 22,5",,,Anti-bacterien Infectiologie-parasi-,,,
PTM4823,,,Azithromycine,,1148,1640,-
"",ml,,,(macrolides) tologie,,,
"",,,,Anti-bacterien Infectiologie-parasi-,,,
PTM4824,"AZIOCIN 500 mg comprimé, boîte de 3",,Azithromycine,-(macrolides) tologie,"2285,5",3265,
"",,,,Anti-bacterien Infectiologie-parasi-,,,
PTM4825,"AZIRAL-500 comprimés, boîte de 3",,Azithromycine,-(macrolides) tologie,2779,3970,
"",,,,Anti-bacterien Infectiologie-parasi-,,,
PTM4826,"AZIRON 500 mg comprimé, boîte de 1X3",,Azithromycine,-(macrolides) tologie,3654,5220,
"",,,,Anti-bacterien Infectiologie-parasi-,,,
PTM4827,"AZIT 500 mg comprimé, boîte de 3",,Azithromycine,-(macrolides) tologie,"2537,5",3625,
"","AZIT poudre pour suspension buvable, flacon de 15",,,Anti-bacterien Infectiologie-parasi-,,,
PTM4828,,,Azithromycine,,1645,2350,-
"",ml,,,(macrolides) tologie,,,
"",,,,Anti-bacterien Infectiologie-parasi-,,,
PTM4829,"AZITHRIN 250 mg capsule, boîte de 1X6",,Azithromycine,-(macrolides) tologie,3654,5220,
"",AZITHRIN® 200 mg/5 ml poudre pour suspension,,,Anti-bacterien Infectiologie-parasi-,,,
PTM4830,"-buvable, flacon de 15 ml",,Azithromycine,(macrolides) tologie,"2922,5",4175,
"",,,,Anti-bacterien Infectiologie-parasi-,,,
PTM0459,"AZITHRIN® 500mg, capsules boite de 1 x 3",,Azithromycine,-(macrolides) tologie,2877,4110,
"",,,,Anti-bacterien Infectiologie-parasi-,,,
PTM4831,"AZITHRIX 500 mg comprimé, boîte de 3",,Azithromycine,-(macrolides) tologie,6027,8610,
"",AZITHRIX 600 mg/15 mL poudre pour suspension,,,Anti-bacterien Infectiologie-parasi-,,,
PTM4832,"-buvable, flacon de 15 mL",,Azithromycine,(macrolides) tologie,"1242,5",1775,
"",,,,Anti-bacterien Infectiologie-parasi-,,,
PTM4833,"AZITHRO-500 gélule, boîte de 3",,Azithromycine,-(macrolides) tologie,2338,3340,
"",,,,Anti-bacterien Infectiologie-parasi-,,,
PTM4834,"AZITHRO-500 mg DENK gélule, boîte de 3",,Azithromycine,-(macrolides) tologie,3213,4590,
CODES,DESIGNATION,COMPOSITION,"SOUS CLASSEPHARMACO-THERAPEUTIQUE","CLASSE PHARMACO-THERAPEUTIQUE","PRIX BASE DEREMBOURSEMENT (G) x 70%","PRIXPUBLIC","ACCORDPREALABLE"
PTM4835,"AZITHRO-250 mg DENK gélule, boîte de 6",Azithromycine,"Anti-bacterien(macrolides)","Infectiologie-parasi-tologie","2789,5",3985,-
PTM4836,"AZITHROCINE 250 mg gélule, boîte de 6",Azithromycine,"Anti-bacterien(macrolides)","Infectiologie-parasi-tologie",3591,5130,-
PTM4837,"AZITHROMYCINE Pfizer 250 mg comprimé pélliculé,boite de 6",Azithromycine,"Anti-bacterien(macrolides)","Infectiologie-parasi-tologie",3199,4570,-
PTM0460,"AZITRINE 250 mg comprimé, boîte de 6",Azithromycine,"Anti-bacterien(macrolides)","Infectiologie-parasi-tologie",1827,2610,-
PTM4838,"AZITRINE 40 mg/ml poudre pour solution buvable,flacon de 15 ml",Azithromycine,"Anti-bacterien(macrolides)","Infectiologie-parasi-tologie",1827,2610,-
PTM4839,AZITRINE® 500 mg comprimés boite de 3,Azithromycine,"Anti-bacterien(macrolides)","Infectiologie-parasi-tologie","2831,5",4045,-
PTM4840,AZITROMED 500 mg comprimés boite de 3,Azithromycine,"Anti-bacterien(macrolides)","Infectiologie-parasi-tologie",4627,6610,-
PTM0468,"AZIX 500 mg comprimé pélliculé, boite de 3",Azithromycine,"Anti-bacterien(macrolides)","Infectiologie-parasi-tologie",3199,4570,-
PTM4841,"AZIX 900 mg poudre pour solution orale, flacon de22,5 ml",Azithromycine,"Anti-bacterien(macrolides)","Infectiologie-parasi-tologie",3101,4430,-
PTM4842,"AZODERM 2% crème, tube de 15 g",Kétoconazole,Antifongique,"Infectiologie-parasi-tologie","913,5",1305,-
PTM4843,"AZOLE 1% crème, tube de 20 g",Clotrimazole,Antifongique,"Infectiologie-parasi-tologie",420,600,-
PTM4844,"AZOLE-V 100 mg comprimé vaginal, boîte de 1X6",Clotrimazole,Antifongique,"Infectiologie-parasi-tologie",504,720,-
PTM4845,"AZOMYCIN 200 mg/ 5 mL poudre pour suspensionorale, flacon de 15 mL + solvant",Azithromycine,"Anti-bacterien(macrolides)","Infectiologie-parasi-tologie","1186,5",1695,-
PTM4846,"AZOMYCIN 250 mg gélule, boîte de 6",Azithromycine,"Anti-bacterien(macrolides)","Infectiologie-parasi-tologie",1372,1960,-
PTM0471,"AZOPT collyre 10 mg/mL collyre en suspension,flacon de 5 mL",Brinzolamide 10 mg,Antiglaucomateux,Ophtalmologie,"8900,5",12715,-
PTM4847,"AZRO 500 mg comprimé, boîte de 3",Azithromycine,"Antibacterien (macro-lides)","Infectiologie-parasi-tologie",2926,4180,-
"",,,SOUS CLASSE,PRIX BASE DE,,
"",,,CLASSE PHARMACO-,,PRIX,ACCORD
CODES,DESIGNATION,COMPOSITION,PHARMACO-,REMBOURSE,,
"",,,THERAPEUTIQUE,,PUBLIC,PREALABLE
"",,,THERAPEUTIQUE,MENT (G) x 70%,,
"","AZRO 900 mg poudre pour suspension buvable,",,Antibacterien (macro- Infectiologie-parasi-,,,
PTM4849,"-flacon de 22,5 ml",Azithromycine,lides) tologie,2331,3330,
"",AZYTER 15 mg/g collyre en solution en recipient,,Antibacterien (macro- Infectiologie-parasi-,,,
PTM0472,"-unidose, boîte de 6",Azithromycine,lides) tologie,3654,5220,
"",,,Antibacterien (macro- Infectiologie-parasi-,,,
PTM4628,"AZYTHROMYCINA 500 mg comprimé, boite de 3",Azithromycine,,3500,5000,-
"",,,lides) tologie,,,
"",,Culture lyophilisée,,,,
"",de Lactobacillus casei BACILOR®  Diarrhée poudre pour suspension bu-,,Infectiologie-parasi-,,,
PTM4850,"-vable, boîte de 10 sachet-dose de 1,5 g",variété rhamnosus tologietitrant au minimum 108,Antidiarrhéique,2583,3690,
"",,germes par gramme,,,,
"",,Culture lyophilisée de,,,,
"",,Lactobacillus casei va-,,,,
"",,,Infectiologie-parasi-,,,
PTM4851,"BACILOR® Diarrhée gélule, boîte de 20",riété rhamnosus titrant,Antidiarrhéique,2478,3540,-
"",,,tologie,,,
"",,au minimum 8x108,,,,
"",,germes par gramme,,,,
"",,,Antalgiques -,,,
PTM4852,"BACLAN comprimé  10 mg, boîte de 10",Baclofène,Myorelaxant Antipyrétiques - An-,700,1000,-
"",,,tispasmodiques,,,
"",,,Antalgiques -,,,
PTM4853,"BACLAN comprimé  10 mg, boite de 100",Baclofène,Myorelaxant Antipyrétiques - An-,5572,7960,-
"",,,tispasmodiques,,,
"",BACPERAZONE 1 g poudre pour suspension injec-,Céfopérazone sodium/,Antibactérien(cepha- Infectiologie-parasi-,,,
PTM4854,"-table, boîte de 1 flacon de 100 ml",Sulbactam sodium,losporines) tologie,3563,5090,
"","BACPERAZONE 2 g poudre pour solution injectable,",Céfopérazone sodium/,Antibactérien(cepha- Infectiologie-parasi-,,,
PTM4855,-boîte de 1 flacon de 20 ml,Sulbactam sodium,losporines) tologie,5481,7830,
"",,,Antibactérien(fluoro- Infectiologie-parasi-,,,
PTM0480,"BACTIFLOXTM NEO 500 mg Lactab, boîte de 10",Ciprofloxacine,-quinolone) tologie,5026,7180,
"",,,Antibactérien(fluoro- Infectiologie-parasi-,,,
PTM0481,"BACTIFLOXTM NEO 750 mg Lactab, boîte de 10",Ciprofloxacine,-quinolone) tologie,"5939,5",8485,
"",,,Infectiologie-parasi-,,,
PTM4856,"BACTIGRAM 500 mg capsule, boîte de 8",Céfaclor,Antibacterien,3444,4920,-
"",,,tologie,,,
CODES,DESIGNATION,COMPOSITION,"SOUS CLASSEPHARMACO-THERAPEUTIQUE","CLASSE PHARMACO-THERAPEUTIQUE","PRIX BASE DEREMBOURSEMENT (G) x 70%","PRIXPUBLIC","ACCORDPREALABLE"
PTM0482,"BACTOPOUMON suspension, flacon de 100 ml","Sulfametoxazol/  Trime-thoprim/ Fluid extrac-de Tolu/ Bromhexinehydrochloride","Antibactérien (Sulfa-mide)","Infectiologie-parasi-tologie",1442,2060,-
PTM0485,"BACTOX 250 mg/5 ml poudre pour suspension bu-vable, flacon de 60 ml",Amoxicilline,"Antibactérien(Penicilline)","Infectiologie-parasi-tologie","1186,5",1695,-
PTM0488,"BACTOX 500 mg gélule,boîte de 12",Amoxicilline,"Antibactérien (Peni-cilline)","Infectiologie-parasi-tologie",1491,2130,-
PTM0486,"BACTOX 500 mg/5 ml poudre pour suspension bu-vable, flacon de 60 ml",Amoxicilline,"Antibactérien (Peni-cilline)","Infectiologie-parasi-tologie","1963,5",2805,-
PTM4857,"BACTOXIME DS 100 mg suspension buvable, flaconde 60 ml",Céfixime,"Antibactérien(cepha-losporines)","Infectiologie-parasi-tologie",2093,2990,-
PTM4858,"BACTOXIME DT 200 comprimé dispersible, boîte de10",Céfixime,"Antibactérien(cepha-losporines)","Infectiologie-parasi-tologie",3346,4780,-
PTM4859,"BALERYTHRO 500 mg comprimés pelliculés, boîte de10",Erythromycine,"Antibactérien(macro-lides)","Infectiologie-parasi-tologie","395,5",565,-
PTM4860,"BALFEN 400 mg comprimé, boîte de 10",Ibuprofène,"Anti-inflammatoirenonstéroïdien","Antalgiques -Antipyrétiques - An-tispasmodiques","738,5",1055,-
PTM4861,"BALTRIM 480 mg comprimé, boîte de 20","Sulfaméthoxazole/Trimethoprime","Antibactérien (Sulfa-mide)","Infectiologie-parasi-tologie",2135,3050,-
PTM0539,"BANEOCIN pommade, tube de 20 g","Polymyxine B sulfate/Sulfate de néomycine/Bacitracine zinc/ Basede onguent","Antibactérien (Asso-ciation)","Infectiologie-parasi-tologie","1207,5",1725,-
PTM0540,"BANEOCIN poudre, flacon de 10 g","Polymyxine B sulfate/Sulfate de néomycine/Bacitracine zinc/ Basede onguent","Antibactérien (Asso-ciation)","Infectiologie-parasi-tologie",1155,1650,-
"",,,SOUS CLASSE,PRIX BASE DE,,
"",,,CLASSE PHARMACO-,,PRIX,ACCORD
CODES,DESIGNATION,COMPOSITION,PHARMACO-,REMBOURSE,,
"",,,THERAPEUTIQUE,,PUBLIC,PREALABLE
"",,,THERAPEUTIQUE,MENT (G) x 70%,,
"",,,Antalgiques - Analgésique-Antipy-,,,
PTM0544,"BAUME AROMA crème, tube de 50 g",Methyl salicylate,-rétique Antipyrétiques - An-,"1389,5",1985,
"",,,tispasmodiques,,,
"",,Lévomenthol/ Salicy-,,,,
"",,,Anti-inflammatoire +,,,
PTM0546,"BAUME SAINT BERNARD crème, tube de 100 g",late d’amyle/ Camphre -Révulsifracémique,Rhumatologie,1890,2700,
"",,Lévomenthol/ Salicy-,,,,
"",,,Anti-inflammatoire +,,,
PTM0547,"BAUME SAINT BERNARD crème, tube de 42 g",late d’amyle/ Camphre -Révulsifracémique,Rhumatologie,1498,2140,
"",,,Métabolisme - Dia-,,,
PTM4863,"B-COLEN sirop, flacon de 200 mL",Vitamines B complexe,Vitamines -bète - Nutrition,"2285,5",3265,
"",,Vitamine B1 (250 mg) ;,,,,
"",,,Métabolisme - Dia-,,,
PTM4864,"BECIDOUZE dragée, boîte de 20","Vitamine B6 (250 mg) ; -bète - NutritionVitamine B12 (1,8 mg)",Vitamines,2191,3130,
"",,Amoxicilline/ Acide,Antibactérien (Péni- Infectiologie-parasi-,,,
PTM4865,"BECLAV 312,5 suspension buvable, flacon de 100 ml",-clavulanique,cilline) tologie,"2285,5",3265,
"",,Amoxicilline/ Acide,Antibactérien (Péni- Infectiologie-parasi-,,,
PTM4866,"BECLAV 625 comprimé, boîte de 20",-clavulanique,cilline) tologie,"4567,5",6525,
"",,Amoxicilline/ Acide,Antibactérien (Péni- Infectiologie-parasi-,,,
PTM4867,"BECLAV 1g Forte comprimé, boîte de 12",-clavulanique,cilline) tologie,3290,4700,
"","BECLAV 1,2 g poudre pour solution injectable, boîte",Amoxicilline/ Acide,Antibactérien (Péni- Infectiologie-parasi-,,,
PTM4868,-de 1 flacon,clavulanique,cilline) tologie,1918,2740,
"","BECTACEF 1500 mg poudre pour solution injectable,",,Antibactérien (Cepha- Infectiologie-parasi-,,,
PTM4869,-boîte de 1 flacon + solvant de 10 ml,Ceftriaxone/ Sulbactam,losporines) tologie,1827,2610,
"",,,Antiacides et panse-,,,
"",,Montmorillonite beidel-,Gastro-Entéro-,,,
PTM0557,"BEDELIX pdre pour susp buv en sachet, boite de 30",-litique,ments gastro- intes- Hépathologietinaux,2933,4190,
"",BEKRACINE® 100 mg poudre pour suspension bu-,,Antibactérien (Cepha- Infectiologie-parasi-,,,
PTM4870,"-vable, flacon de 60 ml",Céfixime,losporines) tologie,3290,4700,
"","BEKRACINE® 200 mg comprimé dispersible, boîte de",,Antibactérien (Cepha- Infectiologie-parasi-,,,
PTM4871,,Céfixime,,3290,4700,-
"",10,,losporines) tologie,,,
"","BEKRAZOL®  400 mg comprimé pelliculé à croquer,",,Infectiologie-parasi-,,,
PTM4872,-boîte de 1,Albendazole,Antihelminthique tologie,665,950,
"",,,Infectiologie-parasi-,,,
PTM4873,"BEKRAZOL®  suspension buvable, flacon de 10 ml",Albendazole,Antihelminthique,665,950,-
"",,,tologie,,,
CODES,DESIGNATION,COMPOSITION,"SOUS CLASSEPHARMACO-THERAPEUTIQUE","CLASSE PHARMACO-THERAPEUTIQUE","PRIX BASE DEREMBOURSEMENT (G) x 70%","PRIXPUBLIC","ACCORDPREALABLE"
PTM4874,"BERNY 3 g granulé poudre pour solution orale, boîtede 2 sachets",Fosfomycine,"Antibacterien (acidesphosphoniques)","Infectiologie-parasi-tologie",6916,9880,-
PTM4875,"BESAR HT comprimé, boîte de 30","Irbésartan/ Hydrochlo-rotiazide","Antihypertenseur(sar-tan+diurétique)","Cardiologie-angeio-logie",4879,6970,-
PTM0574,"BETADINE 10% solution bain de bouche, flacon de125 ml",Polyvidone iodée,Antiseptiques locaux,Dermatologie,"1095,5",1565,-
PTM4876,"BETADINE ALCOOLIQUE 5 % solution pour applica-tion cutanée, flacon de 500 ml",Polyvidone iodée,Antiseptiques locaux,Dermatologie,"4385,5",6265,-
PTM0578,"BETADINE DERMIQUE 10 %  solution pour applica-tion locale, flacon de 125 mL",Polyvidone iodée,Antiseptiques locaux,Dermatologie,1141,1630,-
PTM0582,"BETADINE TULLE 10 % pansement médicamenteux,boîte de 10",Polyvidone iodée,Antiseptiques locaux,Dermatologie,1995,2850,-
PTM4877,"BETALIN® 0,5 mg/ml solution buvable en goutte,flacon de 30 ml",Bétaméthasone,"Anti-inflammatoiresstéroïdiens (AIS)",Anti-inflammatoires,1673,2390,-
PTM4878,"BETALEN® 2 mg comprimé, boîte de 20",Bétaméthasone,"Anti-inflammatoiresstéroïdiens (AIS)",Anti-inflammatoires,1372,1960,-
PTM4879,"BETALIN 4mg/ml injection, boîte de 3 ampoules",Bétaméthasone,"Anti-inflammatoiresstéroïdiens (AIS)",Anti-inflammatoires,"2229,5",3185,-
PTM4880,"BETALIN-D 2 mg comprimé dispersible, boîte de 30",Bétaméthasone,"Anti-inflammatoiresstéroïdiens (AIS)",Anti-inflammatoires,1701,2430,-
PTM4881,"BETALINE 0,1% lotion, Flacon de 100 ml",Bétaméthasone,"Anti-inflammatoiresstéroïdiens (AIS)",Dermatologie,2100,3000,-
PTM4882,"BETAMECRO 2 mg comprimé  , boîte de 10",Bétaméthasone,"Anti-inflammatoiresstéroïdiens (AIS)",Anti-inflammatoires,1372,1960,-
PTM0586,"BETAMED 0,05% pommade, tube de 30 g",Bétaméthasone,"Anti-inflammatoiresstéroïdiens (AIS)",Dermatologie,"1872,5",2675,-
PTM0588,"BETAMED 0,05 Crème, tube de 30 g",Bétaméthasone,"Anti-inflammatoiresstéroïdiens (AIS)",Dermatologie,1974,2820,-
PTM0587,"BETAMED 4mg/ml solution injectable, boîte de 5ampoules",Bétaméthasone,"Anti-inflammatoiresstéroïdiens (AIS)",Anti-inflammatoires,4431,6330,-
"",,,SOUS CLASSE,PRIX BASE DE,,
"",,,CLASSE PHARMACO-,,PRIX,ACCORD
CODES,DESIGNATION,COMPOSITION,PHARMACO-,REMBOURSE,,
"",,,THERAPEUTIQUE,,PUBLIC,PREALABLE
"",,,THERAPEUTIQUE,MENT (G) x 70%,,
"",,,Neurologie -Psychia-,,,
PTM0598,"BETASERC 24 mg comprimé, boîte de 60",Betahistine,Antivertigineux,6279,8970,-
"",,,trie,,,
"",,,Corticosteroïdes,,,
PTM4883,"BETASOL crème, tube de 15 g",Clobétasol propionate,-topiquesDermatologie,182,260,
"",,,Corticosteroïdes,,,
PTM4884,"BETASOL crème, tube de 30 g",Clobétasol propionate,-topiquesDermatologie,364,520,
"",,,Corticosteroïdes,,,
PTM4885,"BETASOL lotion, flacon de 30 ml",Clobétasol propionate,-topiquesAnti-inflammatoires,455,650,
"",,,Anti-inflammatoires,,,
PTM4886,"BETASTENE 0,05% solution buvable, flacon de 30 ml",Bétaméthasone,stéroïdiens (AIS) Anti-inflammatoires,"2054,5",2935,-
"",,,Antibactérien Infectiologie-parasi-,,,
PTM0599,"BETAZIDIM 1 g injectable, boîte de 1 flacon",Ceftazidime Sterile,-(Céphalosporine) tologie,"7311,5",10445,
"","BETOLINA® 100 mg/ 20 mLsolution injectable,",,Anesthésie -,,,
PTM4888,-boîte de 5 flacons,Bupivacaïne,Anesthésie locale Réanimation,"9005,5",12865,
PTM0603,"BETOPTIC 0,5% collyre, flacon de 3 ml",Betaxolol hydrochloride,Antiglaucomateux Ophtalmologie,2933,4190,-
"",,Médicament du Bisoprolol hémifuma-,Cardiologie-angeio-,,,
PTM0610,"BIBLOC 5 mg comprimé pelliculé, boîte de 30",,système cardiovascu-,1827,2610,-
"",,rate,logie,,,
"",,,laire,,,
"",,Médicament du Bisoprolol hémifuma-,Cardiologie-angeio-,,,
PTM0609,"BIBLOC 10 mg comprimé pelliculé, boîte de 30",,système cardiovascu-,3199,4570,-
"",,rate,logie,,,
"",,,laire,,,
"",,,Infectiologie-parasi-,,,
PTM4889,BIBACTIN 480 mg comprimé B/10,Cotrimoxazole,Antibacterien,"458,5",655,-
"",,,tologie,,,
"",,,Infectiologie-parasi-,,,
PTM4890,"BIBACTIN suspension buvable, flacon de 60 ml",Cotrimoxazole,Antibacterien,"1004,5",1435,-
"",,,tologie,,,
"","BIDONTOGYL 1,5 MUI/250 mg comprimé, boîte de",Spiramycine base/ Mé-,Antibactérien Infectiologie-parasi-,,,
PTM0618,,,,"4567,5",6525,-
"",16,tronidazole,(Association) tologie,,,
PTM0619,"BIFOSA 35 mg comprimé, boîte de 04",Alendronate de sodium,Bisphosphonate Rhumatologie,"4112,5",5875,-
PTM0620,"BIFOSA 70 mg comprimé, boîte de 04",Alendronate de sodium,Bisphosphonate Rhumatologie,5481,7830,-
PTM0621,"BILAXTEN 20 mg comprimé, boîte de 10",Bilastine (DCI),Antihistaminique H1 Allergologie,"2852,5",4075,-
"","BILAXTEN 2,5 mg/mL solution buvable, flacon de",,,,,
PTM4891,,Bilastine (DCI),Antihistaminique H1 Allergologie,"4413,5",6305,-
"",120 mL,,,,,
CODES,DESIGNATION,COMPOSITION,"SOUS CLASSEPHARMACO-THERAPEUTIQUE","CLASSE PHARMACO-THERAPEUTIQUE","PRIX BASE DEREMBOURSEMENT (G) x 70%","PRIXPUBLIC","ACCORDPREALABLE"
PTM4892,"BILOR® comprimé, boîte de 10",Loratadine,Antihistaminique H1,Allergologie,"1536,5",2195,-
PTM0622,"BILOR® sirop, flacon de 60 ml",Loratadine,Antihistaminique H1,Allergologie,1372,1960,-
PTM4893,"BIMALARIL 80 mg/480 mg comprimé, boîte de 6","Artéméther/ Lumé-fantrine",Antipaludique,"Infectiologie-parasi-tologie","2082,5",2975,-
PTM4894,"BIMALARIL Adolescent 60 mg/360 mg poudre poursuspension buvable, flacon de 30 ml","Artéméther/ Lumé-fantrine",Antipaludique,"Infectiologie-parasi-tologie",2009,2870,-
PTM4895,"BIMALARIL Nourrisson 20 mg/120 mg poudre poursuspension buvable, flacon de 30 ml","Artéméther/ Lumé-fantrine",Antipaludique,"Infectiologie-parasi-tologie",1043,1490,-
PTM4896,"BIMALARIL-20 mg/120 mg Nourrisson comprimédispersible, boîte de 6","Artéméther/ Lumé-fantrine",Antipaludique,"Infectiologie-parasi-tologie",1043,1490,-
PTM4897,"BIMALARIL-40 mg/240 mg Nourrisson comprimédispersible, boîte de 6","Artéméther/ Lumé-fantrine",Antipaludique,"Infectiologie-parasi-tologie","1480,5",2115,-
PTM4898,"BIMALARIL-40/240 Enfant comprimé, boîte de 6","Artéméther/ Lumé-fantrine",Antipaludique,"Infectiologie-parasi-tologie","1746,5",2495,-
PTM4899,"BIMALARIL-60 mg/360 mg Grand-enfant comprimédispersible, boîte de 6","Artéméther/ Lumé-fantrine",Antipaludique,"Infectiologie-parasi-tologie",2009,2870,-
PTM4900,"BIMALARIL-PLUS 80 mg/480 mg gélule molle, boîtede 6","Artéméther/ Lumé-fantrine",Antipaludique,"Infectiologie-parasi-tologie","2376,5",3395,-
PTM0625,"BINOCLAR 250mg comprimé pelliculé, boîte de 10",Clarithromycine,"Antibactérien (Macro-lide)","Infectiologie-parasi-tologie","5015,5",7165,-
PTM7263,"BINOCLAR 500mg comprimé pelliculé, boîte de 14",Clarithromycine,"Antibactérien (Macro-lide)","Infectiologie-parasi-tologie",12264,17520,-
PTM0626,"BINOZYT 200mg/5ml pdre pr susp buv, flacon de 15ml",Azithromycine,"Antibactérien (Macro-lide)","Infectiologie-parasi-tologie",2870,4100,-
PTM0627,"BINOZYT 250 mg gélule, boîte de 6",Azithromycine,"Antibactérien (Macro-lide)","Infectiologie-parasi-tologie",3353,4790,-
PTM0628,"BINOZYT 500 mg gélule, boîte de 3",Azithromycine,"Antibactérien (Macro-lide)","Infectiologie-parasi-tologie",3654,5220,-
PTM4901,"BIOCLAV® Enfants 500 mg/62,5 mg poudre poursuspension buvable en sachet-dose, boîte de 12","Amoxicilline/ Acideclavulanique","Antibactérien (Peni-cilline)","Infectiologie-parasi-tologie",2968,4240,-
PTM0630,"BIODROXIL 1000 mg comp enrob, boite de 12",Céfadroxil,"Antibactérien (Cépha-losporine)","Infectiologie-parasi-tologie",6671,9530,-
"",,,SOUS CLASSE,PRIX BASE DE,,
"",,,CLASSE PHARMACO-,,PRIX,ACCORD
CODES,DESIGNATION,COMPOSITION,PHARMACO-,REMBOURSE,,
"",,,THERAPEUTIQUE,,PUBLIC,PREALABLE
"",,,THERAPEUTIQUE,MENT (G) x 70%,,
"",,,Antibactérien (Cépha- Infectiologie-parasi-,,,
PTM0633,"BIODROXIL 500 mg gél, boite de 12",Céfadroxil,,3654,5220,-
"",,,losporine) tologie,,,
"",,Hémostase -Héma-Fer / Acide folique /,,,,
"",,,topoïèse  -,,,
PTM0650,"BIOFER-12 sirop, flacon de 200 ml",Cyanocobalamine (vita-,Antianémique,1946,2780,-
"",,,Hémoglobinopa-,,,
"",,mine B12),,,,
"",,,thies,,,
"",BIOTIC PLUS 1 g/125 mg poudre pour suspension,Amoxicilline/ Acide,Antibacterien (peni- Infectiologie-parasi-,,,
PTM4902,"-buvable, boîte de 14 sachets",clavulanique,cilline) tologie,3654,5220,
"",BIOTIC PLUS 1 g/125 mg poudre pour suspension,Amoxicilline/ Acide,Antibacterien (peni- Infectiologie-parasi-,,,
PTM4903,"-buvable, boîte de 24 sachets",clavulanique,cilline) tologie,6853,9790,
"",,Amoxicilline/ Acide,Antibacterien (peni- Infectiologie-parasi-,,,
PTM4904,s,-clavulanique,cilline) tologie,3563,5090,
"",BIOTIC PLUS Enfant 100 mg/ml poudre pour suspen-,Amoxicilline/ Acide,Antibacterien (peni- Infectiologie-parasi-,,,
PTM4905,"-sion buvable, flacon de 60 ml",clavulanique,cilline) tologie,2576,3680,
"",,,Antibacterien (Imi- Infectiologie-parasi-,,,
PTM0664,"BIOZOLE 500 mg comprimé, boîte de 14",Métronidazole,,"731,5",1045,-
"",,,dazolé) tologie,,,
"","Antihypertenseur BIPRETERAX ARGININE 10 mg/2,5 mg comprimé",Périndopril arginine/,Cardiologie-angeio-,,,
PTM0669,"-pelliculé, boîte de 30",Indapamide,(IEC + logieDiurétique),"13933,5",19905,
"","Antihypertenseur BIPRETERAX ARGININE 5 mg/2,5 mg comprimé pelli-",Périndopril arginine/,Cardiologie-angeio-,,,
PTM0671,"-culé, boîte de 30",Indapamide,(IEC + logieDiurétique),10052,14360,
"","Antihypertenseur BIPRETERAX ARGININE 5 mg/1 ,25 mg comprimé",Périndopril arginine/,Cardiologie-angeio-,,,
PTM0670,"-pelliculé, boîte de 30",Indapamide,(IEC + logieDiurétique),10052,14360,
"","Anti-inflammatoire BI-PROFENID LP 100 mg, comprimés sécables, boîte",,,,,
PTM0673,-de 20,Kétoprofène,non Anti-inflammatoire,"2740,5",3915,
"",,,stéroïdien,,,
"",,,Antihypertenseur Cardiologie-angeio-,,,
PTM4906,"BISOTOL 10 mg comprimé pelliculé, boîte de 30",Bisoprolol,-(Beta bloquant) logie,1505,2150,
"",,,Antihypertenseur Cardiologie-angeio-,,,
PTM4907,"BISOTOL 5 mg comprimé pelliculé, boîte de 30",Bisoprolol,-(Beta bloquant) logie,1505,2150,
"","BI-SPIROGYL 1,5MUI/250 mg comprimé pelliculé,",Spiramycine/ Métroni-,Antibacterien (asso- Infectiologie-parasi-,,,
PTM4908,-boîte de 20,dazole,ciation) tologie,"3874,5",5535,
CODES,DESIGNATION,COMPOSITION,"SOUS CLASSEPHARMACO-THERAPEUTIQUE","CLASSE PHARMACO-THERAPEUTIQUE","PRIX BASE DEREMBOURSEMENT (G) x 70%","PRIXPUBLIC","ACCORDPREALABLE"
PTM4909,"BISPIRAZOLE 1,5MUI/250 mg comprimé pelliculé,boîte de 21","Spiramycine/ Métroni-dazole","Antibacterien (asso-ciation)","Infectiologie-parasi-tologie",3675,5250,-
PTM0680,"BLOKIUM 100mg comprimé, boite de 15",Atenolol,"Antihypertenseur(Beta bloquant)","Cardiologie-angeio-logie",2569,3670,-
PTM0681,"BLOKIUM 100mg comprimé, boîte de 30",Atenolol,"Antihypertenseur(Beta bloquant)","Cardiologie-angeio-logie","4595,5",6565,-
PTM0682,"BLOKIUM 50mg comprimé, boite de 15",Atenolol,"Antihypertenseur(Beta bloquant)","Cardiologie-angeio-logie",1855,2650,-
PTM0683,"BLOKIUM 50mg comprimé, boîte de 30",Atenolol,"Antihypertenseur(Beta bloquant)","Cardiologie-angeio-logie",3353,4790,-
PTM0684,"BLOKIUM DIU comprimé, boite de 20",Atenolol/ Chlortalidone,"Antihypertenseur(Beta bloquant)","Cardiologie-angeio-logie","2852,5",4075,-
PTM4910,"BLOPEN 100 mg comprimé, boîte de 10",Diclofenac,"Anti-inflammatoirenon stéroïdien",Anti-inflammatoire,280,400,-
PTM4911,"BLOPEN 50 mg comprimé, boîte de 10",Diclofenac,"Anti-inflammatoirenonstéroïdien",Anti-inflammatoire,175,250,-
PTM4912,BONCARE PLUS gel boite/60,"glucosamine/chondroî-tine/sulphontylme-thane",Arthrose,Rhumatologie,"9117,5",13025,-
PTM4913,"BONCIPPRO 0,3% gouttes, flacon de 5 ml",Ciprofloxacine,"Antibacterien (Fluoro-quinolone)","Infectiologie-parasi-tologie",1372,1960,-
PTM4914,"BONCIPRO 200 mg perfusion, flacon de 100 ml",Ciprofloxacine,"Antibacterien (Fluoro-quinolone)","Infectiologie-parasi-tologie","2740,5",3915,-
PTM4915,"BONCIPRO 500 mg comprimé, boîte de 20",Ciprofloxacine,"Antibacterien (Fluoro-quinolone)","Infectiologie-parasi-tologie",3199,4570,-
PTM4916,"BONCIPRO 750 mg comprimé, boîte de 20",Ciprofloxacine,"Antibacterien (Fluoro-quinolone)","Infectiologie-parasi-tologie","4567,5",6525,-
PTM4917,"BONFERON-Z gélule, boîte de 30","Fer-carbonyle/ Acidefolique/ Vitamine B12/ Zinc",Antianémique,"Hémostase -Héma-topoïèse  -Hémoglobinopa-thies",2051,2930,-
PTM4918,"BONFERON III sirop, flacon de 200 ml","Fer-carbonyle/ Acidefolique",Antianémique,"Hémostase -Héma-topoïèse  -Hémoglobinopa-thies",2079,2970,-
"",,,SOUS CLASSE,PRIX BASE DE,,
"",,,CLASSE PHARMACO-,,PRIX,ACCORD
CODES,DESIGNATION COMPOSITION,,PHARMACO-,REMBOURSE,,
"",,,THERAPEUTIQUE,,PUBLIC,PREALABLE
"",,,THERAPEUTIQUE,MENT (G) x 70%,,
"",,,Asthme et,,,
PTM0689,"BRICANYL LP 5 mg comprimé, boîte de 60 Sulfate de terbutaline",,bronchopneumopa- Pneumologie,4186,5980,-
"",,,thies chroniques,,,
"","Tratrate de brimo-BRIMOCHECK-T gouttes ophtalmiques, flacon de 5",,,,,
PTM4919,nidine/ Maléate de,,Antiglaucomateux Ophtalmologie,5026,7180,-
"",ml,,,,,
"",timolol,,,,,
"","BRIMONIDINE BIOGARAN  2mg/ml collyre, flacon de",,,,,
PTM4920,-5 mlTratrate de brimonidine,,Antiglaucomateux Ophtalmologie,3654,5220,
"","BRINZOLAMIDE BIOGARAN 0,01% collyre, flacon de",,,,,
PTM4921,-5 mlBrinzolamide,,Antiglaucomateux Ophtalmologie,6398,9140,
"",BRISTOPEN 1 g/5 ml poudre et sovant pour solu-,,,,,
"",,,Antibatérien Infectiologie-parasi-,,,
PTM0693,"tion injectable IV, boîte de 1 flacon + 1 ampoule de tologiesolvant de 5 mlOxacilline",,-(Pénicillines),1316,1880,
"",BROMAZEPAM  BIOGARAN 6 mg comprimé quadri-,,Neurologie-Psychia-,,,
PTM4922,"-sécable, boîte de 30 Bromazépam",,Anxiolytique trie,1582,2260,
"",BRONCALENE ADULTE toux sèches toux d’irritation Pholcodine/Chorphe-,,,,,
PTM0694,"-solution buvable, flacon de 150 mL namine",,Antitussifs opioïdes Pneumologie,1918,2740,
"",BRONCATHIOL EXPECTORANT ADULTE solution bu-,,,,,
PTM0696,"-vable sans sucre, flacon de 150 MlCarbocisteine/Paraben",,Fluidifiant bronchique Pneumologie,1736,2480,
"","BRONCATHIOL ENFANT solution buvable sans sucre,",,,,,
PTM0697,-flacon de 125 MlCarbocisteine/Paraben,,Fluidifiant bronchique Pneumologie,1561,2230,
"",Acéfylline pipérazine/,,,,,
PTM0707,"BRONCOXIL 45 mg/5 ml sirop, flacon de 120 ml",,Mucolytique Pneumologie,"1095,5",1565,-
"",Diphénhydramine HCl,,,,,
"",Triméthoprime/,,,,,
"",Sulfaméthoxazole/,,,,,
"","BRONQUIDIAZINA CR suspension orale, flacon de Bromhexine CIH/",,Antibactérien (Sulfa- Infectiologie-parasi-,,,
PTM0708,-150 ml Benzoate de Sodium/,,midé) tologie,2009,2870,
"",Extrait fluide de baume,,,,,
"",de tolu,,,,,
"",Ambroxole/ guaife-,,,,,
PTM0709,"BROXOL sirop, flacon de 100 Ml nesine / terbutaline /",,Mucolytique Pneumologie,1463,2090,-
"",chlorpheramine,,,,,
"",,,Antalgiques - Anti-inflammatoire,,,
PTM0710,"BRUFEN 400 mg comprimé pelliculé, boîte de 30 Ibuprofene",,Antipyrétiques - An-,"1781,5",2545,-
"",,,non stéroïdien,,,
"",,,tispasmodiques,,,
CODES,DESIGNATION,COMPOSITION,"SOUS CLASSEPHARMACO-THERAPEUTIQUE","CLASSE PHARMACO-THERAPEUTIQUE","PRIX BASE DEREMBOURSEMENT (G) x 70%","PRIXPUBLIC","ACCORDPREALABLE"
PTM0711,"BRUFEN sirop pédiatrique, flacon de 100 ml",Ibuprofene,"Anti-inflammatoirenon stéroïdien","Antalgiques -Antipyrétiques - An-tispasmodiques","2229,5",3185,-
PTM4923,"BRUSTAN 400/325 mg comprimé, boîte de 10","Ibuprofène/Paraceta-mol","Anti-inflammatoirenon stéroïdien+Antal-gique","Antalgiques -Antipyrétiques - An-tispasmodiques","731,5",1045,-
PTM4924,"BRUSTAN sirop, flacon de 100 ml","Ibuprofène/Paraceta-mol","Anti-inflammatoirenon stéroïdien+Antal-gique","Antalgiques -Antipyrétiques - An-tispasmodiques",833,1190,-
PTM0717,"BUFALGAN 100 mg/5 ml suspension orale, flacon de100 ml",Ibuprofène,"Anti-inflammatoirenon stéroïdien","Antalgiques -Antipyrétiques - An-tispasmodiques","1753,5",2505,-
PTM0718,"BUFALGAN 400 mg comprimé, boîte de 30",Ibuprofène,"Anti-inflammatoirenon stéroïdien","Antalgiques -Antipyrétiques - An-tispasmodiques",1799,2570,-
PTM4925,"BUFENOL 800 comprimé à libération prolongé, boîtede 9",Ibuprofène,"Anti-inflammatoirenon stéroïdien","Antalgiques -Antipyrétiques - An-tispasmodiques",3493,4990,-
PTM4926,"BUNASE 200 μg inhalation, boîte de 200 doses",Budesonide,Antiasthmatique,Pneumologie,3199,4570,-
PTM4927,"BUPROFENE 400 mg comprimé, boîte de 10",Ibuprofene,"Anti-inflammatoirenon stéroidien","Antalgiques -Antipyrétiques - An-tispasmodiques",210,300,-
PTM4928,"BURNCOOL crème, tube de 15 g","Sulfadiazine d’argent/chlorhexidine","Antibacterien (sulfo-namides)",Dermatologie,1827,2610,-
PTM0732,"BUTO-ASMA aérosol 200 doses, flacon de 10 ml",Salbutamol,"Médicament del’asthme et de la BCPO",Pneumologie,2149,3070,-
PTM4929,"B-VIT FORT comprimé ,boite 20",Vitamines B complexe,Vitamines,"Neurologie-Psychia-trie",1379,1970,-
PTM4930,"CABERLEX® 0,5 mg comprimé, flacon de 2",Cabergoline,Antiparkinsonien,"Neurologie -Psychia-trie","9208,5",13155,-
PTM0735,"CACIP 500 mg comprimé, boite de 10",Ciprofloxacine,"Antibacterien (Fluoro-quinolone)","Infectiologie-parasi-tologie",875,1250,-
"",,,SOUS CLASSE,PRIX BASE DE,,
"",,,CLASSE PHARMACO-,,PRIX,ACCORD
CODES,DESIGNATION,COMPOSITION,PHARMACO-,REMBOURSE,,
"",,,THERAPEUTIQUE,,PUBLIC,PREALABLE
"",,,THERAPEUTIQUE,MENT (G) x 70%,,
"",,,Antibacterien (Fluoro- Infectiologie -Parasi-,,,
PTM0736,"CACIP perfusion 200 mg/100 ml, flacon de 100 ml",Ciprofloxacine,-quinolone) tologie,1148,1640,
"",,,Métabolisme -Dia-,,,
PTM4932,"CADITOR 10 mg comprimé, boîte de 3X10",Atorvastatine,Hypolipémiants -bète - Nutrition,"3426,5",4895,
"",,,Métabolisme -Dia-,,,
PTM4933,"CADITOR 20 mg comprimé, boîte de 3X10",Atorvastatine,Hypolipémiants -bète - Nutrition,"4385,5",6265,
"",,,Métabolisme -Dia-,,,
PTM4934,"CADITOR 40 mg comprimé, boîte de 3X10",Atorvastatine,Hypolipémiants -bète - Nutrition,"6394,5",9135,
"",,,Infectiologie-parasi-,,,
PTM0741,"CALBEN 400 mg comprimé, boite de 1",Albendazole,Antihelminthique,497,710,-
"",,,tologie,,,
"",,,Infectiologie-parasi-,,,
PTM0740,"CALBEN 400 mg/10ml sirop, flacon de 10 ml",Albendazole,Antihelminthique,497,710,-
"",,,tologie,,,
"",,,Antihypertenseur (An- Cardiologie-angeio-,,,
PTM0743,CALCHEK 5mg comprimé boîte de 30,Amlodipine,-tagoniste calcique) logie,"2649,5",3785,
"",,,Antihypertenseur (An- Cardiologie-angeio-,,,
PTM0742,CALCHEK10 mg comprimé boîte de 30,Amlodipine,-tagoniste calcique) logie,3563,5090,
"",,Bromo-galactogluco-,Medicament du Neurologie -Psychia-,,,
PTM0745,"CALCIBRONAT 2g comprimé, boîte de 20",,,"2082,5",2975,-
"",,nate de calcium,trouble de sommeil trie,,,
"",Calci D-DENK 1000 mg/880UI comprimé efferves-,Calcium carbonate/,Métabolisme-Dia-,,,
PTM0744,"-cent, B/20",Cholécalciférol,Minéreaux bète- Nutrition,3654,5220,
"",,,Antihypertenseur (An- Cardiologie-angeio-,,,
PTM4935,"CALCINIB® 10 mg comprimé, boîte de 28",Amlodipine,-tagoniste calcique) logie,3801,5430,
"",,,Antihypertenseur (An- Cardiologie-angeio-,,,
PTM4936,"CALCINIB® 5 mg comprimé, boîte de 28",Amlodipine,-tagoniste calcique) logie,3654,5220,
"","CALCIUM ACTIVE Denk comprimé effervescent, boîte",,Métabolisme-Dia-,,,
PTM4937,-de 20,calcium,Minéreaux bète- Nutrition,2009,2870,
"",,Vitamine D3/ Calcium,Métabolisme-Dia-,,,
PTM4938,"CALCIZEN D3® comprimé à croquer, boîte de 10",-(carbonate de calcium),Minéreaux bète- Nutrition,2079,2970,
"",,Antalgiques - Paracétamol/ Ibupro-,Antalgique+Anti-in-,,,
PTM4939,"CALDOL PLUS sirop, flacon de 100 ml",-fène,Antipyrétiques - An- flammatoire,"1249,5",1785,
"",,,tispasmodiques,,,
"",,,Metabolisme- nutri-,,,
PTM4940,"CALEX®-500 mg comprimé à croquer, boîte de 30",Calcium,Minéreaux -tion-diabete,"2740,5",3915,
CODES,DESIGNATION,COMPOSITION,"SOUS CLASSEPHARMACO-THERAPEUTIQUE","CLASSE PHARMACO-THERAPEUTIQUE","PRIX BASE DEREMBOURSEMENT (G) x 70%","PRIXPUBLIC","ACCORDPREALABLE"
PTM0755,"CALGIN 500 mg comprimé, boîte de 10",Métamizole sodique,"Antalgiques - Antipyré-tiques","Antalgiques -Antipyrétiques - An-tispasmodiques",616,880,-
PTM0756,"CALGIN 500 mg/ml injectable IM/IV, 1 ampoule",Métamizole sodique,"Antalgiques - Antipyré-tiques","Antalgiques -Antipyrétiques - An-tispasmodiques",168,240,-
PTM4941,"CALMZ gélule, boîte de 3X10",Fluoxétine,Antidepresseur,"Neurologie -Psychia-trie",4571,6530,-
PTM0759,CALSEPTINE® cp à sucer Tube de 30,"Cétylpyridinium chlo-rure /  Lysozyme",Anti-infectieux,"Infectiologie-parasi-tologie",1554,2220,-
PTM0760,CALTOUX sirop Adulte fl/100 ml,Dextrométhorphane,Antitussif,Pneumologie,"1116,5",1595,-
PTM0761,CALTOUX sirop Enfant fl/100 ml,Dextrométhorphane,Antitussif,Pneumologie,833,1190,-
PTM0762,"CAMOQUIN enfant sirop, flacon de 60 ml",Amodiaquine,Antipaludique,"Infectiologie-parasi-tologie","1396,5",1995,-
PTM4942,"CANAFLUCAN 150mg gélule, boîte de 1",Fluconazole,Antifongique,"Infectiologie-parasi-tologie",1736,2480,-
PTM0768,"CANDI 150 mggélule, boîte de 4",Fluconazole,Antifongique,"Infectiologie-parasi-tologie",3654,5220,-
PTM4943,"CANDI-50 suspension buvable, flacon de 60 ml",Fluconazole,Antifongique,"Infectiologie-parasi-tologie","1459,5",2085,-
PTM4944,"CANDIGO 10% crème, tube de 7 g avec applicateur",Clotrimazole,Antifongique,"Infectiologie-parasi-tologie",1827,2610,-
PTM4945,"CANISON – B crème, tube de 15 g","Clotrimazole / Dipro-pionate de Béclomé-thasone",Antifongique,Dermatologie,1589,2270,-
PTM4946,"CANISON VAGINAL 200 mg comprimé vaginal, boîtede 3",Clotrimazole,Antifongique,"Infectiologie-parasi-tologie",1645,2350,-
PTM0771,"CAPCAÏNE 2%  injectable, boite de 1flacon de 30 ml",Lidocaine,Anesthesique local,"Anesthésie-Réani-mation","766,5",1095,-
"",,,SOUS CLASSE,PRIX BASE DE,
"",,,CLASSE PHARMACO-,PRIX,ACCORD
CODES,DESIGNATION,COMPOSITION,PHARMACO-,REMBOURSE,
"",,,THERAPEUTIQUE,PUBLIC,PREALABLE
"",,,THERAPEUTIQUE,MENT (G) x 70%,
"",,,Cardiologie-angeio-,,
PTM0772,"CAPEN 50 mg comprimé, boite de 30",Captopril,Antihypertenseur,4935 7050,-
"",,,logie,,
"",,,Métabolisme-Nutri-,,
PTM4948,"CAPFORMIN 500 mg comprimé, Boite de 30",Metformine,Antidiabétiques oraux -tion-Diabete,840 1200,
"",,,Métabolisme-Nutri-,,
PTM4949,"CAPFORMIN 850 mg comprimé, Boite de 30",Metformine,Antidiabétiques oraux -tion-Diabete,1449 2070,
"",,,Métabolisme-Nutri-,,
PTM4950,"CAPFORMIN 1000 mg comprimé, Boite de 30",Metformine,Antidiabétiques oraux -tion-Diabete,2765 3950,
"",,Riboflavine/ Pyridoxine/,,,
"",,,Metabolisme- nutri-,,
PTM0774,"CAPLEX sirop, flacon de 100ml",Nicotinamide/ Thia-,Vitamines -tion-diabete,819 1170,
"",,mine,,,
"",,Riboflavine/ Pyridoxine/,,,
"",,,Metabolisme- nutri-,,
PTM4951,"CAPLEX Forte comprimé, boite de 30",Nicotinamide/ Thia-,Vitamines -tion-diabete,819 1170,
"",,mine,,,
"","CAPLIN- CAPRAZOLE 40 mg injectable, boîte de 1",Omeprazole/ Bicarbo-,Gastro-Enté-,,
PTM0779,-flacon + solvant,nate de sodium,Antiacide ro-Hépathologie,2576 3680,
"","Céfadroxil (DCF) mo-CAPLIN- FEDROX  250 mg suspension buvable, flacon",,Antibacterien (cepha- Infectiologie-parasi-,,
PTM1780,-de 60 ml,nohydrate exprimé en,losporine) tologie,"2341,5 3345",
"",,produit anhydre,,,
"",,Omeprazole/ Bicarbo-,Gastro-Enté-,,
PTM4952,"CAPLIN-CAPRAZOLE B poudre en sachet, boîte de 30",,Antiacide,"4595,5 6565",-
"",,nate de sodium,ro-Hépathologie,,
"",,Diclofénac sel de,Antalgiques -,,
PTM1422,"CAPLIN-DICLOPAR PLUS comprimé, boîte de 30",sodium/ Paracétamol/,Antalgique+AINS Antipyrétiques - An-,1827 2610,-
"",,Chlorzoxane,tispasmodiques,,
"",,,Infectiologie-parasi-,,
PTM4953,"CAPLIN-DOXY 100 mg comprimé, boite de 20",Doxycycline,Antibacterien,1400 2000,-
"",,,tologie,,
"",,,Infectiologie-parasi-,,
PTM1538,"CAPLIN-DOXY 200 mg comprimé, boite de 10",Doxycycline,Antibacterien,1379 1970,-
"",,,tologie,,
"","Antalgiques - CAPLIN-GLUMELO poudre pour solution orale, boîte",Meloxicam/ Glucosa-,Antispamodique non,,
PTM4954,-de 10 sachets,mine,Antipyrétiques - An- stéroïdien,"2089,5 2985",
"",,,tispasmodiques,,
"",,,Antibactérien (Imi- Infectiologie-parasi-,,
PTM4955,"CAPLIN-METROWIN 500 ovule, boîte de 10",Métronidazole,,"1116,5 1595",-
"",,,dazolé) tologie,,
PTM4956,"CAPLIN-P-GRAB 150 mg gélule, boîte de 10",Pregabaline,Antiépileptiques Neurologie,"4875,5 6965",-
CODES,DESIGNATION,COMPOSITION,"SOUS CLASSEPHARMACO-THERAPEUTIQUE","CLASSE PHARMACO-THERAPEUTIQUE","PRIX BASE DEREMBOURSEMENT (G) x 70%","PRIXPUBLIC","ACCORDPREALABLE"
PTM4957,"CAPLIN-RISCAP 2 mg comprimé, boîte de 10",Rispéridone,Antipsychotique,Psychiatrie,8533,12190,-
PTM4958,"CAPLIN-RISCAP 1 mg comprimé, boîte de 10",Rispéridone,Antipsychotique,Psychiatrie,2786,3980,-
PTM4959,"CAPLIN-SPARAZ 40 mg comprimé, boîte de 30",Esoméprazole,"Ulcère gastroduodé-nal","Gastro-Enté-ro-Hépathologie",4172,5960,-
PTM4960,"CAPLIN - TISAR HT 80 mg comprimés pelliculés, boîtede 30",Telmisartan,Antihypertenseur,"Cardiologie-angeio-logie",5565,7950,-
PTM4961,"CAPLIN - TISAR  40 mg comprimés pelliculés, boîtede 30",Telmisartan,Antihypertenseur,"Cardiologie-angeio-logie",4200,6000,-
PTM0775,"CAPOCARD 25 mg comprimé sécable, boîte de 30",Captopril,Antihypertenseur(IEC),"Cardiologie-angeio-logie","2740,5",3915,-
PTM0776,"CAPOCARD 50 mg comprimé sécable, boîte de 30",Captopril,Antihypertenseur(IEC),"Cardiologie-angeio-logie","4567,5",6525,-
PTM0778,"CAPRAZOLE 20 mg comprimé, boite de 30",Oméprazole,"Inhibiteur de la sécré-tion acide gastrique","Gastro-Enté-ro-Hépathologie",4095,5850,-
PTM0779,CAPRAZOLE 40 mg injectable,Oméprazole,"Inhibiteur de la sécré-tion acide gastrique","Gastro-Enté-ro-Hépathologie",2576,3680,-
PTM4962,"CAPRAZOLE B sachet,boite de 30","Oméprazole + Bicor-bonte de soduim","Inhibiteur de la sécré-tion acide gastrique","Gastro-Enté-ro-Hépathologie","4595,5",6565,-
PTM4963,"CAPRAZOLE B gelule ,boite de 30","Oméprazole + Bicor-bonte de soduim","Inhibiteur de la sécré-tion acide gastrique","Gastro-Enté-ro-Hépathologie",4550,6500,-
PTM4964,"CAPRAZOLE DSR 20 mg comprimé, boite de 30","Oméprazole+Dompé-ridone","Inhibiteur de la sécré-tion acide gastrique","Gastro-Enté-ro-Hépathologie",4515,6450,-
PTM4965,"CAPRIL 25 mg comprimé sécable, boîte de 30",Captopril,Antihypertenseur(IEC),"Cardiologie-angeio-logie","2285,5",3265,-
PTM4966,"CAPRIL 50 mg comprimé sécable, boîte de 30",Captopril,Antihypertenseur(IEC),"Cardiologie-angeio-logie","4567,5",6525,-
PTM0780,"CAPSULIDE 100 mg comprimé, boite de 10",Nimésulide,"Anti-inflammatoirenon stéroïdien",Anti-inflammatoire,476,680,-
PTM4967,"CAPSULIDE PLUS comprimé, boite de 10","Nimésulide+Paraceta-mol","Anti-inflammatoirenon stéroïdien",Anti-inflammatoire,1260,1800,-
"",,,SOUS CLASSE,PRIX BASE DE,,
"",,,CLASSE PHARMACO-,,PRIX,ACCORD
CODES,DESIGNATION,COMPOSITION,PHARMACO-,REMBOURSE,,
"",,,THERAPEUTIQUE,,PUBLIC,PREALABLE
"",,,THERAPEUTIQUE,MENT (G) x 70%,,
"",,,Antihypertenseur(Be-,,,
"",,Aténolol + hydrocloro-,Cardiologie-angeio-,,,
PTM4968,"CAPTENOL DU 50 mg comprimé, boîte de 30",,ta bloquant + Duire-,1253,1790,-
"",,thiazidide,logietique),,,
"",,,Antihypertenseur(Be-,,,
"",,Aténolol + hydrocloro-,Cardiologie-angeio-,,,
PTM4969,"CAPTENOL DU 100 mg comprimé, boîte de 30",,ta bloquant + Duire-,2506,3580,-
"",,thiazidide,logietique),,,
"",,,Antihypertenseur(Be-,,,
"",,Aténolol + hydrocloro-,Cardiologie-angeio-,,,
PTM4970,"CAPTENOL AM100 mg comprimé, boîte de 30",,ta bloquant + Duire-,3836,5480,-
"",,thiazidide,logietique),,,
"","CAPTO HCT CARE 50 mg/25 mg comprimé, boîte de",Captopril/ Hydrochloro-,Antihyperten- Cardiologie-angeio-,,,
PTM4971,,,,987,1410,-
"",30,thiazide,seur(IEC+Diuéretique) logie,,,
"",,,Cardiologie-angeio-,,,
PTM4972,"CAPTOMAX 25 mg comprimé, boîte de 30",Captopril,Antihypertenseur(IEC),1099,1570,-
"",,,logie,,,
"",,,Cardiologie-angeio-,,,
PTM4973,"CAPTOMAX 50 mg comprimé, boîte de 30",Captopril,Antihypertenseur(IEC),"2558,5",3655,-
"",,,logie,,,
"",,Captopril,Cardiologie-angeio-,,,
PTM0784,"CAPTOPRIL 25 mg comprimés, plaquette de 10",,Antihypertenseur(IEC),"1319,5",1885,-
"",,25 mg,logie,,,
"",,,Cardiologie-angeio-,,,
PTM4974,"CAPTOPRIL TM 25 mg comprimé, plaquette de 10",Captopril,Antihypertenseur(IEC),"332,5",475,-
"",,,logie,,,
"","CAPTOPRIL+HCT DENK 50/25 comprimé, plaquette",Captopril/ Hydrochloro-,Antihyperten- Cardiologie-angeio-,,,
PTM0790,-de 10,thiazide,seur(IEC+Diuéretique) logie,1134,1620,
"",,,Cardiologie-angeio-,,,
PTM0786,"CAPTOPRIL DENK 25 mg comprimé, plaquette de 10",Captopril,Antihypertenseur(IEC),"570,5",815,-
"",,,logie,,,
"","CAPTRIM 240 mg/5 ml suspension orale, flacon de",Sulfaméthoxazole/,Antibactérien (Sulfa- Infectiologie-parasi-,,,
PTM4975,,,,"696,5",995,-
"",60 ml,Triméthoprime,midé) tologie,,,
"",,Sulfaméthoxazole/,Antibactérien (Sulfa- Infectiologie-parasi-,,,
PTM0791,"CAPTRIM 480 mg comprimé, boite de 20",,,497,710,-
"",,Triméthoprime,midé) tologie,,,
"",,Sulfaméthoxazole/,Antibactérien (Sulfa- Infectiologie-parasi-,,,
PTM0792,"CAPTRIM 960 mg comprimé, boite de 10",,,616,880,-
"",,Triméthoprime,midé) tologie,,,
"",,Sulfaméthoxazole/,Antibactérien (Sulfa- Infectiologie-parasi-,,,
PTM4976,"CAPTRIM 480 mg injectable, boite de 5",,,3850,5500,-
"",,Triméthoprime,midé) tologie,,,
PTM4977,"CARBIGEN® 20 mg comprimé, boîte de 30",Carbimazole,Antithyroïdien Endocrynologie,1827,2610,-
PTM0800,"CARBOMUC 5 % solution buvable, flacon de 125 ml",Carbocystéine,Mucolytique Pneumologie,959,1370,-
PTM4979,"CARBOSOL 5% sirop, flacon de 100 ml",Carbocystéine,Mucolytique Pneumologie,483,690,-
CODES,DESIGNATION,COMPOSITION,"SOUS CLASSEPHARMACO-THERAPEUTIQUE","CLASSE PHARMACO-THERAPEUTIQUE","PRIX BASE DEREMBOURSEMENT (G) x 70%","PRIXPUBLIC","ACCORDPREALABLE"
PTM4980,"CARBOTOPKAV 2% sirop, flacon de 100 ml",Carbocystéine,Mucolytique,Pneumologie,"486,5",695,-
PTM4981,"CARBOTOPKAV 5% sirop, flacon de 100 ml",Carbocystéine,Mucolytique,Pneumologie,"836,5",1195,-
PTM0809,"CARBOTOUX gélule, boîte de 2 X 10",Carbocisteïne,Mucolytique,Pneumologie,1372,1960,-
PTM0806,"CARBOTOUX sirop enfant, Fl/100 ml",Carbocisteïne,Mucolytique,Pneumologie,833,1190,-
PTM0808,"CARBOTOUX sirop adulte, Fl/100 ml",Carbocisteïne,Mucolytique,Pneumologie,"976,5",1395,-
PTM4982,CARBOX 2% sirop flacon de 100 ml,Carbocisteïne,Mucolytique,Pneumologie,"416,5",595,-
PTM4983,"CARBOZEN® gélule, boîte de 60",Charbon,"Antispasmodique(Spasmolytique)","Gastro-Enté-ro-Hépathologie","3622,5",5175,-
PTM4984,"CARDENSIEL 2,5 mg comprimé, boite de 30",Bisoprolol,Betabloquant,"Cardiologie-angeio-logie",4900,7000,-
PTM4985,"CARDENSIEL 5 mg comprimé, boite de 30",Bisoprolol,Betabloquant,"Cardiologie-angeio-logie",3654,5220,-
PTM4986,"CARDENSIEL 1,25 mg comprimé, boite de 30",Bisoprolol,Betabloquant,"Cardiologie-angeio-logie",4480,6400,-
PTM4987,"CARDIOTEM® -10 comprimés, boîte de 30","AmLodipine10 mg","Antihypertenseur(Be-ta bloquant)","Cardiologie-angeio-logie",1673,2390,-
PTM4988,"CARDIOTEM® -5 comprimés, boîte de 30","AmLodipine5 mg","Antihypertenseur(Be-ta bloquant)","Cardiologie-angeio-logie","1116,5",1595,-
PTM4989,"CARDIOVALAM H® comprimé pelliculé sécable, boîtede 30","AmLodipine / Valsartan/ Hydrochlorothiazide","Antihypertenseur(Be-ta bloquant+Sartan+-Diuéretique)","Cardiologie-angeio-logie","9138,5",13055,-
PTM4990,"CARDIPIN -10 comprimé, boîte de 10x10",Amlodipine,"Antihypertenseur(Be-ta bloquant)","Cardiologie-angeio-logie","9131,5",13045,-
PTM0811,"CARDIURINE comprimé, boîte de 3 blisters de 10","Captopril/ Hydrochloro-thiazide","Antihyperten-seur(IEC+Diuéretique)","Cardiologie-angeio-logie","2740,5",3915,-
PTM4992,"CARDOL-XL 50 comprimé pelliculé LP, boîte de 30",Metoprolol,Betabloquant,"Cardiologie-angeio-logie",3199,4570,-
"",,,SOUS CLASSE,PRIX BASE DE,,
"",,,CLASSE PHARMACO-,,PRIX,ACCORD
CODES,DESIGNATION,COMPOSITION,PHARMACO-,REMBOURSE,,
"",,,THERAPEUTIQUE,,PUBLIC,PREALABLE
"",,,THERAPEUTIQUE,MENT (G) x 70%,,
"",,,Alpha bloquant /,,,
PTM0814,CARDOX® 4 mg cp Boîte de 30,Doxazosine,Hypertrophie benigne Urologie,7665,10950,-
"",,,de la prostate,,,
"",,Doxazocine (Sous forme,Alpha bloquant /,,,
PTM4993,"CARDULAR PP URO 4 mg comprimé, boîte de 28",de Mésilate de doxazo-,Hypertrophie benigne Urologie,"12463,5",17805,-
"",,"cine 4,85 mg)",de la prostate,,,
"",,,cardiologie-angeio-,,,
PTM4994,"CARDYLOL 40 mg comprimé, Boite de 30",Propranolol,Anthypertenseur,1743,2490,-
"",,,logie,,,
"",,,cardiologie-angeio-,,,
PTM4995,"CARDYLOL 160 mg comprimé, Boite de 30",Propranolol,Antihypertenseur,2800,4000,-
"",,,logie,,,
"",,Bromhexine/Amoxicil-,,,,
PTM0816,"CARMOX 500 mg gélule, boîte de 10",,Mucolytique Pneumologie,1274,1820,-
"",,line,,,,
"","CARMOX 250 mg/ml Suspension buvable, flacon de",Bromhexine/Amoxicil-,,,,
PTM0815,,,Mucolytique Pneumologie,1316,1880,-
"",60 ml,line,,,,
PTM4996,"CAROCIST 2% suspension orale, flacon de 100 ml",Carbocistéine,Mucolytique Pneumologie,"731,5",1045,-
"","CARTEOL LP 1% collyre à lib prolongée, flacon de 3",Chlorhydrate de car-,,,,
PTM0821,,,Antiglaucomateux Ophtalmologie,"6660,5",9515,-
"",ml,téolol,,,,
"","CARTEOL LP 2% collyre à lib prolongée, flacon de 3",Chlorhydrate de car-,,,,
PTM0820,,,Antiglaucomateux Ophtalmologie,"4889,5",6985,-
"",ml,téolol,,,,
"","CARTEOL LP 2% collyre, en récipient unidose, boîte",Chlorhydrate de car-,,,,
PTM0822,-de 20,téolol,Antiglaucomateux Ophtalmologie,"6660,5",9515,
"",,Sulfate de chondroïtine,,,,
"",,,Anti-inflammatoire et,,,
PTM4997,"CARTILAMINE PLUS  comprimé, boîte de 30",/ sulfate de glucosa-,-AntirhumatismauxRhumatologie,3654,5220,
"",,mine,,,,
PTM4999,"CARVID 5% sirop, flacon de 100 ml",Carbocisteïne,Mucolytique Pneumologie,"486,5",695,-
"",,,Beta bloquant(Insuffi- cardiologie-angeio-,,,
PTM0823,CARVEDI-DENK 25 mg B/30,Carvédilol,-sance cardiaque) logie,4571,6530,
"",,,Beta bloquant(Insuffi- cardiologie-angeio-,,,
PTM0824,"CARVEDI-DENK 6,25 mg B/30",Carvédilol,-sance cardiaque) logie,"2831,5",4045,
"","CARY 125 mg/5ml suspension buvable, flacon de",,Antibacterien (Macro- Infectiologie-parasi-,,,
PTM0827,,Erythromycine,,"731,5",1045,-
"",60ml,,lides) tologie,,,
"",,,Antibacterien (Macro- Infectiologie-parasi-,,,
PTM0828,"CARY 500 mg comprimé, boite de 10",Erythromycine,,"1186,5",1695,-
"",,,lides) tologie,,,
CODES,DESIGNATION,COMPOSITION,"SOUS CLASSEPHARMACO-THERAPEUTIQUE","CLASSE PHARMACO-THERAPEUTIQUE","PRIX BASE DEREMBOURSEMENT (G) x 70%","PRIXPUBLIC","ACCORDPREALABLE"
PTM0826,"CARY 250 mg/ml suspension buvable, flacon de 60ml",Erythromycine,"Antibacterien (Macro-lides)","Infectiologie-parasi-tologie","1053,5",1505,-
PTM5000,"CARZOLINE 20mg, comprimé Boite de 60",Carbimazole,Antithyroïdien,Endocrynologie,2800,4000,-
PTM5001,"CARZOLINE 5mg, comprimé Boite de 60",Carbimazole,Antithyroïdien,Endocrynologie,2100,3000,-
PTM0829,"CATACOL 0,1% collyre, flacon de 10 ml","Inosine disodium dihy-drate phosphate","Antibacterien ophtal-mique",Ophtalmologie,"794,5",1135,-
PTM0833,"CATAFLAM 1,5% goutte buvable, flacon de 15 ml",Diclofénac potassium,"Anti-inflammatoirenon stéroidien (AINS)",Anti-inflammatoire,"1837,5",2625,-
PTM0830,"CATAFLAM 1,8mg/ml suspension orale, flacon de120 ml",Diclofénac potassium,"Anti-inflammatoirenon stéroidien (AINS)",Anti-inflammatoire,2240,3200,-
PTM0831,"CATAFLAM 25 mg comprimés, boite de 20",Diclofénac potassium,"Anti-inflammatoirenon stéroidien (AINS)",Anti-inflammatoire,"1298,5",1855,-
PTM0832,"CATAFLAM 50 mg comprimé, boite de 20",Diclofénac potassium,"Anti-inflammatoirenon stéroidien (AINS)",Anti-inflammatoire,"2593,5",3705,-
PTM5002,"CAVDIOL®  12,5 mg comprimé sécable, boîte de 28",Carvédilol,"Beta bloquant(Insuffi-sance cardiaque)","Cardiologie-angeio-logie","2831,5",4045,-
PTM0852,"CEBEMYXINE pommade ophtalmique, tube de 5 g","Sulfate de néomycine/Sulfate de polymyxine B","Antibacteriens ophtal-miques",Ophtalmologie,"731,5",1045,-
PTM5003,"CEFADUR-500 gélule, boîte de 10",Céfadroxil,"Antibacterien (cepha-losporine)","Infectiologie-parasi-tologie",1232,1760,-
PTM5004,"CEFALORAL Enfant 100 mg/5 mL   poudre pour sus-pension buvable, flacon de 40 Ml",Céfixime,"Antibacterien (cepha-losporine)","Infectiologie-parasi-tologie","3153,5",4505,-
PTM0862,"CEFAMOR 125mg/5 mL poudre pour suspensionbuvable, flacon de 100 mL",Cefalexine,"Antibacterien (cepha-losporine)","Infectiologie-parasi-tologie",1232,1760,-
PTM5005,"CEFDIA 400 mg comprimé pelliculé, boîte de 10",Céfixime,"Antibacterien (cepha-losporine)","Infectiologie-parasi-tologie",3654,5220,-
PTM5006,"CEFEXOL 400 mg gélule, boîte de 5",Cefixime,"Antibacterien (cepha-losporine)","Infectiologie-parasi-tologie","4476,5",6395,-
PTM0863,"CEFICAP 100 mg/5ml suspension orale, flacon de 50ml",Céfixime,"Antibacterien (cepha-losporine)","Infectiologie-parasi-tologie",3941,5630,-
PTM5007,"CEFICAP 200 mg dispersible, boite de 10",Céfixime,"Antibacterien (cepha-losporine)","Infectiologie-parasi-tologie",2730,3900,-
"",,,SOUS CLASSE,PRIX BASE DE,,
"",,,CLASSE PHARMACO-,,PRIX,ACCORD
CODES,DESIGNATION,COMPOSITION,PHARMACO-,REMBOURSE,,
"",,,THERAPEUTIQUE,,PUBLIC,PREALABLE
"",,,THERAPEUTIQUE,MENT (G) x 70%,,
"",,,Antibacterien (cepha- Infectiologie-parasi-,,,
PTM5008,"CEFICAP PLUS comprimés pelliculés, boîte de 10",Céfixime  / Ornidazole,-losporine+Imidazolé) tologie,4053,5790,
"",,Céfixime  +Acide clavu-,Antibacterien (cepha- Infectiologie-parasi-,,,
PTM5009,"CEFICLAV 200mg/125mg comprimé, Boite de 10",-lanique,losporine) tologie,"3482,5",4975,
"","CEFICLAV sirop 50mg/31,5mg suspension buvable,",Céfixime  +Acide clavu-,Antibacterien (cepha- Infectiologie-parasi-,,,
PTM5010,-flacon de 50 ml,lanique,losporine) tologie,2436,3480,
"",,,Antibacterien (cepha- Infectiologie-parasi-,,,
PTM5011,"CEFIDIS 200 mg comprimé, boîte de 10",Céfixime,,"2733,5",3905,-
"",,,losporine) tologie,,,
"",,,Antibacterien (cepha- Infectiologie-parasi-,,,
PTM5330,"CEFIKIDS 100 mg/5 ml, flacon de 60 ml",Céfixime,,1820,2600,-
"",,,losporine) tologie,,,
"",,,Antibacterien (cepha- Infectiologie-parasi-,,,
PTM5012,"CEFIM 200 mg, boîte de 12 gélules",Céfixime,,3654,5220,-
"",,,losporine) tologie,,,
"",,,Antibacterien (cepha- Infectiologie-parasi-,,,
PTM5013,"CEFIM 100 mg, suspension orale, flacon de 60 ml",Céfixime,,3836,5480,-
"",,,losporine) tologie,,,
"",,,Antibacterien (cepha- Infectiologie-parasi-,,,
PTM5331,"CEFISYL  200 mg comprimé, boîte de 10",Céfixime,,1925,2750,-
"",,,losporine) tologie,,,
"",,,Antibacterien (cepha- Infectiologie-parasi-,,,
PTM5014,"CEFIX-200 comprimé, boîte de 10",Céfixime,,3290,4700,-
"",,,losporine) tologie,,,
"",CEFIXIDEL 100 mg poudre granules boite de 12,,Antibacterien (cepha- Infectiologie-parasi-,,,
PTM0865,-sachets,Céfixime,losporine) tologie,3220,4600,
"",,,Antibacterien (cepha- Infectiologie-parasi-,,,
PTM0866,CEFIXIDEL 200 mg capsules boite de 12,Céfixime,,3500,5000,-
"",,,losporine) tologie,,,
"",,,Antibacterien (cepha- Infectiologie-parasi-,,,
PTM5015,"CEFIXIME BIOGARAN 200 mg omprimé, boite de 8",Céfixime,,2688,3840,-
"",,,losporine) tologie,,,
"",,,Antibacterien (cepha- Infectiologie-parasi-,,,
PTM5016,"CEFIXIME SP 200 mg comprimé pelliculé, boîte de 30",Céfixime,,"3601,5",5145,-
"",,,losporine) tologie,,,
"",CEFIXIME SP® 100 mg/5 ml poudre pour suspension,,Antibacterien (cepha- Infectiologie-parasi-,,,
PTM5017,"-buvable, flacon de 60 ml",Céfixime,losporine) tologie,"4112,5",5875,
"",CEFIXIME SP® 50 mg/5 ml poudre pour suspension,,Antibacterien (cepha- Infectiologie-parasi-,,,
PTM5018,"-buvable, flacon de 30 ml",Céfixime,losporine) tologie,"2047,5",2925,
"","CEFKAV 1 g poudre pour injection, boîte de 1 flacon",,Antibacterien (cepha- Infectiologie-parasi-,,,
PTM5019,-+ solvant de 10 m,Ceftriaxone,losporine) tologie,455,650,
"",,,Antibacterien (cepha- Infectiologie-parasi-,,,
PTM5020,"CEFLEX 1 g poudre pour injection, boîte de 1 flacon",Ceftriaxone,,350,500,-
"",,,losporine) tologie,,,
CODES,DESIGNATION,COMPOSITION,"SOUS CLASSEPHARMACO-THERAPEUTIQUE","CLASSE PHARMACO-THERAPEUTIQUE","PRIX BASE DEREMBOURSEMENT (G) x 70%","PRIXPUBLIC","ACCORDPREALABLE"
PTM5021,"CEFLOXINE® 2 mg/ mL  perfusion, poche de 100 Ml",Ciprofloxaine,"Antibacterien (cepha-losporine)","Infectiologie-parasi-tologie",3836,5480,-
PTM5022,"CEFOLAC 400 mg gélule, boîte de 10",Céfixime,"Antibacterien (cepha-losporine)","Infectiologie-parasi-tologie",3738,5340,-
PTM0869,"CEFORAN 1g poudre pour inj IV, boîte de 1 flacon+solvant",Cefotaxime,"Antibacterien (cepha-losporine)","Infectiologie-parasi-tologie","1564,5",2235,-
PTM5023,"CEFPOWEL DS 50 mg/5 ml suspension, flacon de 30ml",Cefpodoxime,"Antibacterien (cepha-losporine)","Infectiologie-parasi-tologie",1988,2840,-
PTM5024,"CEFROTIL 500 mg comprimé, boîte de 1 blister de 10",Céfuroxime axétil,"Antibacterien (cepha-losporine)","Infectiologie-parasi-tologie",4410,6300,-
PTM5025,"CEFSULEX® 1,5 g poudre injection, boîte de 1 flacon+ solvant",Ceftriaxone/ Sulbactam,"Antibacteriens asso-ciations","Infectiologie-parasi-tologie",1708,2440,-
PTM5026,CEFTAZIDIME SP 1 g poudre pour solution injectable,Ceftazidime,"Antibacterien (cepha-losporine)","Infectiologie-parasi-tologie",8680,12400,-
PTM5027,"CEFTAZIDINE SANDOZ 1 g  injectable/perfusion,boîte de 1",Ceftazidime,"Antibacterien (cepha-losporine)","Infectiologie-parasi-tologie",7308,10440,-
PTM5030,"CEFTIMED 1g  injectable, boîte de 1 flacon",Ceftriaxone,"Antibacterien (cepha-losporine)","Infectiologie-parasi-tologie",455,650,-
PTM5031,"CEFTRIFAST 1g injectable, boîte de 1 flacon",Ceftriaxone sodique,"Antibacterien (cepha-losporine)","Infectiologie-parasi-tologie",364,520,-
PTM5032,"CEFTRIFAST PLUS 1 g injectable, boîte de 1 flacon","Ceftriaxone sodique/Sulbactam","Antibacterien (cepha-losporine)","Infectiologie-parasi-tologie","661,5",945,-
PTM5033,"CEFTRI-P 1g  injectable, boîte de 1 flacon+ solvant",Ceftriaxone,"Antibacterien (cepha-losporine)","Infectiologie-parasi-tologie",364,520,-
PTM5034,"CEFTRISOL 1 g injectable, boîte de 1 flacon+solvant",Ceftriaxone,"Antibacterien (cepha-losporine)","Infectiologie-parasi-tologie",490,700,-
PTM5035,"CEFTRIAXONE BIOGARAN 1 g/ 3,5 mL, poudre etsolvant pour solution injectable (IM), boîte de 1",Ceftriaxone,"Antibacterien (cepha-losporine)","Infectiologie-parasi-tologie","2285,5",3265,-
PTM5036,"CEFTRIAXONE BIOGARAN 1 g/ 10 mL, poudre etsolvant pour solution injectable (IM), boîte de 1",Ceftriaxone,"Antibacterien (cepha-losporine)","Infectiologie-parasi-tologie",1372,1960,-
PTM5037,"CEFTRIAXONE IG 1000 mg poudre pour injection,boîte de 1 flacon+solvant de 10 Ml",Ceftriaxone,"Antibacterien (cepha-losporine)","Infectiologie-parasi-tologie",1232,1760,-
"",,,SOUS CLASSE,PRIX BASE DE,,
"",,,CLASSE PHARMACO-,,PRIX,ACCORD
CODES,DESIGNATION,COMPOSITION,PHARMACO-,REMBOURSE,,
"",,,THERAPEUTIQUE,,PUBLIC,PREALABLE
"",,,THERAPEUTIQUE,MENT (G) x 70%,,
"","CEFTRIAXONE SP 250 mg injectable, boite de 1 fla-",,Antibacterien (cepha- Infectiologie-parasi-,,,
PTM5039,-con + solvant,Ceftriaxone,losporine) tologie,1645,2350,
"","CEFTRIAXONE SP 1000 mg injectable, boite de 1",,Antibacterien (cepha- Infectiologie-parasi-,,,
PTM5040,-flacon + solvant,Ceftriaxone,losporine) tologie,"2922,5",4175,
"","CEFTRIAZ 1000 mg injectable, boite de 1 flacon +",,Antibacterien (cepha- Infectiologie-parasi-,,,
PTM0892,-solvant,Ceftriaxone,losporine) tologie,"2852,5",4075,
"","CEFTRIAZ 250 mg injectable, boite de 1 flacon +",,Antibacterien (cepha- Infectiologie-parasi-,,,
PTM0891,-solvant,Ceftriaxone,losporine) tologie,1197,1710,
"","CEFTRIAZ 500 mg injectable, boite de 1 flacon +",,Antibacterien (cepha- Infectiologie-parasi-,,,
PTM0893,-solvant,Ceftriaxone,losporine) tologie,"1431,5",2045,
"",,,Infectiologie-parasi-,,,
PTM5041,"CEFTRIAZ Plus  1000 mg injectable, boite de 1",Ceftriaxone +sulbactam,Antibacterien,4865,6950,-
"",,,tologie,,,
"",,,Infectiologie-parasi-,,,
PTM5042,"CEFTRIAZ Plus  500 mg injectable, boite de 1 flacon",Ceftriaxone +sulbactam,Antibacterien,2646,3780,-
"",,,tologie,,,
"",,,Infectiologie-parasi-,,,
PTM5043,"CEFTRIAZ Plus 250 mg injectable, boite de 1 flacon",Ceftriaxone +sulbactam,Antibacterien,1393,1990,-
"",,,tologie,,,
"","""CEFUROXIME SP 750 mg poudre pour préparation",,Infectiologie-parasi-,,,
PTM0897,"-injectable + solvant, boîte de 1 flacon",Cefuroxime,Antibacterien tologie,"2740,5",3915,
"","""CEFUROXIME SP 1500 mg poudre pour préparation",,Infectiologie-parasi-,,,
PTM0896,"-injectable + solvant, boîte de 1 flacon",Cefuroxime,Antibacterien tologie,5481,7830,
"",,,Infectiologie-parasi-,,,
PTM0899,"""CEFUROXIME SP 250 mg comprimé, boite de 10",Cefuroxime,Antibacterien,"4385,5",6265,-
"",,,tologie,,,
"",,,Infectiologie-parasi-,,,
PTM0898,"""CEFUROXIME SP 500 mg comprimé, boite de 10",Cefuroxime,Antibacterien,"4385,5",6265,-
"",,,tologie,,,
"",,,Antibacterien (cepha- Infectiologie-parasi-,,,
PTM5044,"CEFZAR 1G injectable, boîte de 1 flacon",Ceftriaxone,,"521,5",745,-
"",,,losporine) tologie,,,
"",,,Antibacterien (cepha- Infectiologie-parasi-,,,
PTM5045,"CEFZAR 500 mg injectable, boîte de 1 flacon",Ceftriaxone,,"465,5",665,-
"",,,losporine) tologie,,,
"",,,Anti-inflammatoire,,,
"",,Bétaméthasone/ Dex-,,,,
PTM5046,"CELAMINE 0,25/2,00 mg comprimé, boîte de 3X10",,stéroidien+antihista- Anti-inflammatoire,1463,2090,-
"",,chlorphéniramine,,,,
"",,,minique,,,
"",,,Anti-inflammatoire,,,
PTM5047,"CELASONE 0,5 mg comprimé, boîte de 3X10",Bétaméthasone,Anti-inflammatoire,1141,1630,-
"",,,stéroidien,,,
CODES,DESIGNATION,COMPOSITION,"SOUS CLASSEPHARMACO-THERAPEUTIQUE","CLASSE PHARMACO-THERAPEUTIQUE","PRIX BASE DEREMBOURSEMENT (G) x 70%","PRIXPUBLIC","ACCORDPREALABLE"
PTM0900,"CELEBREX 100 mg gélule, boîte de 20",Celecoxib,"Anti-inflammatoirenon stéroidien",Anti-inflammatoire,6048,8640,-
PTM0901,"CELEBREX 200 mg gélule, boîte de 10",Celecoxib,"Anti-inflammatoirenon stéroidien",Anti-inflammatoire,6048,8640,-
PTM5048,"CELECOXIB SP® 200 mg gélule, boîte de 20",Celecoxib,"Anti-inflammatoirenon stéroidien",Anti-inflammatoire,5481,7830,-
PTM5049,"CELECOXIB BIOGARAN 100 mg gélule, boîte de 30",Celecoxib,"Anti-inflammatoirenon stéroidien",Anti-inflammatoire,"2922,5",4175,-
PTM5050,"CELECOXIB BIOGARAN 200 mg gélule, boîte de 30",Celecoxib,"Anti-inflammatoirenon stéroidien",Anti-inflammatoire,3836,5480,-
PTM5051,"CELECOXIB SAHAM 200 mg gélule, boîte de 20",Celecoxib,"Anti-inflammatoirenon stéroidien",Anti-inflammatoire,5481,7830,-
PTM5052,"CELESPAR®  0,05 % solution buvable, flacon compte-gouttes de 30 ml",Bétaméthasone,"Anti-inflammatoirestéroidien",Anti-inflammatoire,1631,2330,-
PTM0902,"CELESTAMINE comprimé, boîte de 30","Bétaméthasone/ Dex-chlorphéniramine","Anti-inflammatoirestéroidien",Anti-inflammatoire,1379,1970,-
PTM5053,"CELESTENE 0,05% solution buvable en gouttes, fla-con de 30 ml",Bétaméthasone,"Anti-inflammatoirestéroidien",Anti-inflammatoire,2128,3040,-
PTM0905,"CELESTENE 2 mg comprimé dispersible, boîte de 20",Bétaméthasone,"Anti-inflammatoirestéroidien",Anti-inflammatoire,"2229,5",3185,-
PTM0907,"CELESTENE 4 mg/ml solution injectable, boîte de 3ampoules",Bétaméthasone,"Anti-inflammatoirestéroidien",Anti-inflammatoire,2485,3550,-
PTM0908,"CELESTENE CHRONO 5,7 mg/ml solution injectable,boîte de 3 ampoules",Bétaméthasone,"Anti-inflammatoirestéroidien",Anti-inflammatoire,"1536,5",2195,-
PTM5054,"CÉLIPROLOL BIOGARAN®  200 mg comprimé  , boîtede 28",Celiprolol,Antihypertenseur,"Cardiololgie-angéio-logie","3580,5",5115,-
PTM0909,"CELLTRIAXON 1 g injectable, boîte de 1 flacon",Ceftriaxone anhydre,"Ant-bacterien (cepha-losporine)","Infectiologie-parasi-tologie",2331,3330,-
PTM0911,"CENAZOL 250 mg comprimé, boîte de 20.",Métronidazole,"Ant-bacterien (Imi-dazolé)","Infectiologie-parasi-tologie",1050,1500,-
PTM0912,"CENAZOL 500 mg comprimé, boîte de 20.",Métronidazole,"Ant-bacterien (Imi-dazolé)","Infectiologie-parasi-tologie",1400,2000,-
"",,,SOUS CLASSE,PRIX BASE DE,,
"",,,CLASSE PHARMACO-,,PRIX,ACCORD
CODES,DESIGNATION,COMPOSITION,PHARMACO-,REMBOURSE,,
"",,,THERAPEUTIQUE,,PUBLIC,PREALABLE
"",,,THERAPEUTIQUE,MENT (G) x 70%,,
"","CEPROLEN D goutte ophtalmique et auriculaire,",Ciprofloxacine/ Dexa-,Ant-bacterien+anti-in-,,,
PTM5056,-flacon de 5 ml,méthasone,Ophtalmologie flammatoire,1673,2390,
"","CERANID® 50 mg/2 ml solution injectable, boîte de",,Gastro-Enté-,,,
PTM5057,-5 ampoules,Ranitidine,Anti-histaminique H2 ro-Hépathologie,"3132,5",4475,
"","CEREBROFORTE 800 mg comprimé pelliculé, boîte",,Troubles vasculaires Neurologie-Psychia-,,,
PTM0915,-de 30,Piracetam,cérébraux trie,3619,5170,
"","CEREBROFORTE 20% solution buvable, flacon de 120",,Troubles vasculaires Neurologie-Psychia-,,,
PTM0916,,Piracetam,,"2194,5",3135,-
"",ml,,cérébraux trie,,,
"",,,Antiseptique et désin-,,,
"",,,Oto-rino-Laryngo-,,,
PTM0917,"CERULYSE 5% solution auriculaire, flacon de 10 ml",Xylène,fectant,1372,1960,-
"",,,logie,,,
"",,,Antiagrégant plaquet-,,,
"",,,Cardiologie-Hema-,,,
PTM5058,"CERUVIN A comprimé, boîte de 28",Clopidogrel/ Aspirine,taire,5299,7570,-
"",,,tologie,,,
"","Antibactérien (Cépha-CETAFOR 1000 mg IM poudre injectable, boîte de 1+",,Infectiologie-parasi-,,,
PTM0918,-solvant,Ceftriaxone,losporines) tologie,1372,1960,
"","Antibactérien (Cépha-CETAFOR 500 mg pdre et solv soluttion inj IM, Boite",,Infectiologie-parasi-,,,
PTM0919,-de 1,Ceftriaxone,losporines) tologie,"1277,5",1825,
"",Anti-bactérien CETAFOR 1000mg pdre +Lydocaine et solv solution,,Infectiologie-parasi-,,,
PTM5059,"-inj IV, B/1",Ceftriaxone,(Céphalosporines) tologie,"1277,5",1825,
"",,,Antalgiques -Antipy-Antalgique-Antipyré-,,,
PTM5060,"CETAMYL 1 g comprimé, boîte de 10",Paracétamol,-tique rétiques -,329,470,
"",,,Antispasmodiques,,,
"",,,Antalgiques -Antipy-Antalgique-Antipyré-,,,
PTM5061,CETAMYL 100 suppositoire,Paracétamol,-tique rétiques -,"696,5",995,
"",,,Antispasmodiques,,,
"",,,Antalgiques -Antipy-Antalgique-Antipyré-,,,
PTM5062,"CETAMYL 150 suppositoire, boîte de 10",Paracétamol,-tique rétiques -,"549,5",785,
"",,,Antispasmodiques,,,
"",,,Antalgiques - Antalgique-Antipyré-,,,
PTM5063,"CETAMYL 3% sirop, flacon de 90 ml",Paracétamol,-tique Antipyrétiques -,"822,5",1175,
"",,,Antispasmodiques,,,
CODES,DESIGNATION,COMPOSITION,"SOUS CLASSEPHARMACO-THERAPEUTIQUE","CLASSE PHARMACO-THERAPEUTIQUE","PRIX BASE DEREMBOURSEMENT (G) x 70%","PRIXPUBLIC","ACCORDPREALABLE"
PTM5064,"CETAMYL 300 sachet, boîte de 12",Paracétamol,"Antalgique-Antipyré-tique","Antalgiques -Antipy-rétiques -Antispasmodiques",777,1110,-
PTM5065,"CETAMYL 300 suppositoire, boîte de 10",Paracétamol,"Antalgique-Antipyré-tique","Antalgiques -Antipyrétiques -Antispasmodiques","640,5",915,-
PTM5066,"CETAMYL 500 comprimé effervescent, boîte de 10",Paracétamol,"Antalgique-Antipyré-tique","Antalgiques -Antipy-rétiques -Antispasmodiques","738,5",1055,-
PTM0926,"CETAZONE 1g injectable, boîte de 1 flacon + solvant",Ceftriaxone,"Anti-bactérien(Céphalosporines)","Infectiologie-parasi-tologie","2285,5",3265,-
PTM0927,"CETAZONE 250 mg inj IV/IM, boîte de 1flacon +solvant 5ml",Ceftriaxone,"Anti-bactérien(Céphalosporines)","Infectiologie-parasi-tologie",749,1070,-
PTM0928,"CETAZONE 500 mg inj IV/IM, Bte de 1 flacon + sol-vant 5 ml",Ceftriaxone,"Anti-bactérien(Céphalosporines)","Infectiologie-parasi-tologie",1827,2610,-
PTM5067,"CETEN-L 10 mg comprimés pelliculés, boîte de 2 x 10","Lévocétirizine Hy-drochloride",Anti-histaminique H1,"Oto-Rino-Laryngo-logie","2740,5",3915,-
PTM5068,"CETICAD sirop, flacon de 60 ml",Cétirizine,Anti-histaminique H1,"Oto-Rino-Laryngo-logie",1372,1960,-
PTM5069,"CETIX 10 mg comprimé à sucer, boîte de 7","Chlorhydrate de céti-rizine",Anti-histaminique H1,"Oto-Rino-Laryngo-logie",1169,1670,-
PTM0931,"CETRAXAL 500mg comprimé, boite de 10",Ciprofloxacine,"Anti-bactérien(Céphalosporines)","Infectiologie-parasi-tologie",5026,7180,-
PTM0932,"CETRAXAL 750 mg comprimé, boîte de 10",Ciprofloxacine,"Anti-bactérien (Quino-lones)","Infectiologie-parasi-tologie",5621,8030,-
PTM0933,"CETRAXAL OTICO goutte auriculaire, flacon de 10mL",Ciprofloxacine,"Anti-bactérien (Quino-lones)","Infectiologie-parasi-tologie",3199,4570,-
PTM5070,"CEUROX-250 mg comprimé pelliculé, boîte de 10",Cefuroxime,"Antibacterien (Cepha-losporines)","Infectiologie-parasi-tologie",2828,4040,-
PTM5071,"CEUROX-500 mg comprimé pelliculé, boîte de 10",Cefuroxime,"Antibacterien (Cepha-losporines)","Infectiologie-parasi-tologie","4595,5",6565,-
PTM5072,"CEXIME DS 100 mg poudre pour suspension buvable,flacon de 100 Ml",Céfixime,"Antibacterien (cepha-losporine)","Infectiologie-parasi-tologie",2128,3040,-
"",,,SOUS CLASSE,PRIX BASE DE,,
"",,,CLASSE PHARMACO-,,PRIX,ACCORD
CODES,DESIGNATION,COMPOSITION,PHARMACO-,REMBOURSE,,
"",,,THERAPEUTIQUE,,PUBLIC,PREALABLE
"",,,THERAPEUTIQUE,MENT (G) x 70%,,
"",,Sulfate de néomycine/,Anti-bactérien+Corti-,,,
PTM0943,"CHIBRO CADRON  collyre en solution, flacon de 5 ml",,Ophtalmologie,"1333,5",1905,-
"",,Dexaméthasone,coïde,,,
PTM0945,"CHIBROXINE 0,3% collyre en solution, flacon de 5 Ml",Norfloxacine,Antibacterien Ophtalmologie,2065,2950,-
"",,Complexe d’Hydroxyde,,,,
"",,Polymaltose de Fer (III),,,,
PTM5075,"CHOCOFER sirop, flacon de 200 ml",-Equivalent au Fer élé-,Anti-anémique Hematologie,1673,2390,
"",,ment/ Acide folique,,,,
"","CHOLESTROM® 10 mg comprimé pelliculé, boite de",,Cardiologie-Angeio-,,,
PTM5076,,Atorvastatine,Hypolipémiant,3619,5170,-
"",3x10,,logie,,,
"","CHOLESTROM® 20 mg comprimé pelliculé, boite de",,Cardiologie-Angeio-,,,
PTM5077,,Atorvastatine,Hypolipémiant,"5015,5",7165,-
"",3x10,,logie,,,
"",,,Hémostase -Héma-,,,
"",,,Stimulant de l’héma- topoïèse  -,,,
PTM5078,"CICALFER sirop, flacon de 200 Ml",fer,,1904,2720,-
"",,,topoïèse  Hémoglobinopa-,,,
"",,,thies,,,
"",,Allantoïne/ Guala-,,,,
"",,zulène/ Para-chloro-,,,,
PTM0977,"CICATRYL pommade en sachet-dose, boîte de 14",,Protecteurs cutanés Dermatologie,5026,7180,-
"",,métacresol/ Acétate,,,,
"",,d’alpha tocophérol,,,,
"",,,Anti-bactérien,,,
"",,,Infectiologie-parasi-,,,
PTM5079,"CICIAN 500 mg comprimés pelliculés, boîte de 10",Ciprofloxacine USP,(Céphalosporines),"458,5",655,-
"",,,tologie,,,
"",,Cinitapride  (tartrate,Gastro-Enté-,,,
PTM0980,"CIDINE 1 mg comprimés, boîte de 50",,Antiulcereux,"3426,5",4895,-
"",,acide),ro-Hépathologie,,,
"","Anti-bactérien CIELCEF 100 mg/5 ml suspension buvable, flacon de",,Infectiologie-parasi-,,,
PTM5080,,Cefixime,(Céphalosporines),3654,5220,-
"",100 ml,,tologie,,,
"",,,Anti-bactérien,,,
"",,,Infectiologie-parasi-,,,
PTM5081,"CIELCEF- 200 mg comprimé, boîte de 10",Cefixime,(Céphalosporines),3654,5220,-
"",,,tologie,,,
"",,,Anti-bactérien,,,
"",,,Infectiologie-parasi-,,,
PTM5082,"CIELCEF-O 200/500 mg comprimé, boîte de 10",Cefixime/ Ornidazole,(Céphalosporines),5481,7830,-
"",,,tologie,,,
"",,Acéclofenac/ Pracéta-,Antalgique-Antpy-,,,
PTM5083,"CIELNAC comprimé, boîte de 10",,AINS+Antalgique,1568,2240,-
"",,mol,retique,,,
CODES,DESIGNATION,COMPOSITION,"SOUS CLASSEPHARMACO-THERAPEUTIQUE","CLASSE PHARMACO-THERAPEUTIQUE","PRIX BASE DEREMBOURSEMENT (G) x 70%","PRIXPUBLIC","ACCORDPREALABLE"
PTM5084,"CIELPRAZ 40 mg injectable, boîte de 1 flacon +solvant",Pantoprazole,"Inhibiteur de la secre-tion d’acide","Gastro-Enté-ro-Hépathologie","2740,5",3915,-
PTM0983,"CILOXAN 0,3% collyre, flacon de 5 mL","Ciprofloxacine 0,3 g","Anti-bactérien(Céphalosporines)","Infectiologie-parasi-tologie",2968,4240,-
PTM0984,"CILOXAN 0,3% pommade ophtalmique, boîte de 1tube de 3,5 g",Ciprofloxacine,"Anti-bactérien(Céphalosporines)","Infectiologie-parasi-tologie",3108,4440,-
PTM0991,"CINABAC 250 mg comprimé, boîte de 10",Ciprofloxacine,"Anti-bactérien(Céphalosporines)","Infectiologie-parasi-tologie",1827,2610,-
PTM0992,"CINABAC 500 mg comprimé, boîte de 10",Ciprofloxacine,"Anti-bactérien(Céphalosporines)","Infectiologie-parasi-tologie","2285,5",3265,-
PTM5086,"CINET 1 mg/ml suspension buvable, flacon de 200ml",Dompéridone,"Nausées et vomisse-ments","Gastro-Enté-ro-Hépathologie","1753,5",2505,-
PTM5087,"CINET 10 mg comprimé dispersible, boîte de 40",Dompéridone,"Nausées et vomisse-ments","Gastro-Enté-ro-Hépathologie","3034,5",4335,-
PTM5088,"CINET 10 mg comprimé, boîte de 10",Dompéridone,"Nausées et vomisse-ments","Gastro-Enté-ro-Hépathologie",595,850,-
PTM5089,"CINOD 10 comprimé, boîte de 3X10",Cilnidipine,"Anti-hypertenseur(IEC)","Cardiologie-angeio-logie","5939,5",8485,-
PTM5090,"CINOD 5 comprimé, boîte de 3X10",Cilnidipine,"Anti-hypertenseur(IEC)","Cardiologie-angeio-logie","4798,5",6855,-
PTM0995,"CIPFIL 500 mg comprimé, plaquette de 10",Ciprofloxacine,"Anti-bacterien(Fluoro-quinolone)","Infectiologie-parasi-tologie",525,750,-
PTM5091,"CIPKAYA 500 mg comprimé, boîte de 10",Ciprofloxacine,"Anti-bacterien(Fluoro-quinolone)","Infectiologie-parasi-tologie",525,750,-
CODES,DESIGNATION,COMPOSITION,"SOUS CLASSEPHARMACO-THERAPEUTIQUE","CLASSE PHARMACO-THERAPEUTIQUE","PRIX BASE DEREMBOURSEMENT (G) x 70%","PRIXPUBLIC","ACCORDPREALABLE"
PTM5093,"CIPRIX 500 mg comprimé, boîte de 10",Ciprofloxacine,"Anti-bacterien(Fluoro-quinolone)","Infectiologie-parasi-tologie",525,750,-
PTM5095,"CIPRO CARE 500 mg comprimé pelliculé, boîte de 10",Ciprofloxacine,"Anti-bacterien(Fluoro-quinolone)","Infectiologie-parasi-tologie","766,5",1095,-
PTM5096,"CIPROCIN 0,3% solution ophtalmique stérile, flaconde 5 ml",Ciprofloxacine,"Anti-bacterien(Fluoro-quinolone)","Infectiologie-parasi-tologie",966,1380,-
PTM5097,"CIPROCON 0,3% solution ophtalmique stérile, flaconde 5 ml",Ciprofloxacine,"Anti-bacterien(Fluoro-quinolone)","Infectiologie-parasi-tologie","640,5",915,-
PTM5098,"CIPRO-DENK 500 mg comprimé pelliculé, boîte de 10",Ciprofloxacine,"Anti-bacterien(Fluoro-quinolone)","Infectiologie-parasi-tologie",2513,3590,-
PTM5099,"CIPRO-DENK 750 mg comprimé pelliculé, boîte de 10",Ciprofloxacine,"Anti-bacterien(Fluoro-quinolone)","Infectiologie-parasi-tologie","2922,5",4175,-
PTM1007,"CIPRODYNE 500 mg comprimé enrobé, boîte de 20",Ciprofloxacine,"Anti-bacterien(Fluoro-quinolone)","Infectiologie-parasi-tologie",3745,5350,-
PTM1006,"CIPRODYNE 250 mg comprimé enrobé, boîte de 20",Ciprofloxacine,"Anti-bacterien(Fluoro-quinolone)","Infectiologie-parasi-tologie","2285,5",3265,-
PTM5100,"CIPROFLOX 500 mg comprimé pelliculé, boîte de 20",Ciprofloxacine,"Anti-bacterien(Fluoro-quinolone)","Infectiologie-parasi-tologie",2268,3240,-
PTM5101,"CIPROFLOX 750 mg comprimé pelliculé, boîte de 20",Ciprofloxacine,"Anti-bacterien(Fluoro-quinolone)","Infectiologie-parasi-tologie",5747,8210,-
PTM5102,"CIPROFLOXACIN SANDOZ 200 mg/100 ml solutionpour perfusion, boîte de 1 flacon",Ciprofloxacine,"Anti-bacterien(Fluoro-quinolone)","Infectiologie-parasi-tologie",847,1210,-
CODES,DESIGNATION,COMPOSITION,"SOUS CLASSEPHARMACO-THERAPEUTIQUE","CLASSE PHARMACO-THERAPEUTIQUE","PRIX BASE DEREMBOURSEMENT (G) x 70%","PRIXPUBLIC","ACCORDPREALABLE"
PTM5105,"CIPROFLOXACINE GP 500 mg comprimé pelliculé,boîte de 16",Ciprofloxacine,"Anti-bacterien(Fluoro-quinolone)","Infectiologie-parasi-tologie","2922,5",4175,-
PTM5106,"CIPROFLOXACINE KABI 200 mg/ 100 ml solutionpour perfusion, poche de 100 ml",Ciprofloxacine,"Anti-bacterien(Fluoro-quinolone)","Infectiologie-parasi-tologie",2359,3370,-
PTM5107,"CIPROFLOXACINE KABI 400 mg/ 200 ml solutionpour perfusion, poche de 200 ml",Ciprofloxacine,"Anti-bacterien(Fluoro-quinolone)","Infectiologie-parasi-tologie",2359,3370,-
PTM5108,"CIPROFLOXACINE TM 500 mg comprimé, boîte de 10",Ciprofloxacine,"Anti-bacterien(Fluoro-quinolone)","Infectiologie-parasi-tologie",875,1250,-
PTM5109,"CIPROKAV  500 mg comprimé, boîte de 10",Ciprofloxacine,"Anti-bacterien(Fluoro-quinolone)","Infectiologie-parasi-tologie","381,5",545,-
PTM5110,"CIPROLON 750 mg comprimé, boîte de 10",Ciprofloxacine,"Anti-bacterien(Fluoro-quinolone)","Infectiologie-parasi-tologie","1326,5",1895,-
PTM5111,"CIPROMED 500 mg comprimé pelliculé, boîte de 10",Ciprofloxacine,"Anti-bacterien(Fluoro-quinolone)","Infectiologie-parasi-tologie",1372,1960,-
PTM5112,"CIPROMED-TZ 500 mg/600 mg comprimé pelliculé,boîte de 10","Ciprofloxacine/Tini-dazole","Anti-bacterien(Fluoro-quinolone)","Infectiologie-parasi-tologie",1736,2480,-
PTM5113,"CIPRO MEDIS 0,3% Collyre",Ciprofloxacine,"Anti-bacterien(Fluoro-quinolone)","Infectiologie-parasi-tologie",3360,4800,-
PTM1017,"CIPRONAT 250 mg  Comprime,bte/14",Ciprofloxacine,"Anti-bacterien(Fluoro-quinolone)","Infectiologie-parasi-tologie","822,5",1175,-
CODES,DESIGNATION,COMPOSITION,"SOUS CLASSEPHARMACO-THERAPEUTIQUE","CLASSE PHARMACO-THERAPEUTIQUE","PRIX BASE DEREMBOURSEMENT (G) x 70%","PRIXPUBLIC","ACCORDPREALABLE"
PTM1019,"CIPRONAT 750 mg  Comprime,bte/14",Ciprofloxacine,"Anti-bacterien(Fluoro-quinolone)","Infectiologie-parasi-tologie",1463,2090,-
PTM5114,"CIPRONAT 200 mg solution pour perfusion, flacon de100 ml",Ciprofloxacine,"Anti-bacterien(Fluoro-quinolone)","Infectiologie-parasi-tologie",5026,7180,-
PTM5115,"CIPROTAB 500 mg comprimé, boîte de 10",Ciprofloxacine,"Anti-bacterien(Fluoro-quinolone)","Infectiologie-parasi-tologie","332,5",475,-
PTM1020,"CIPROX 500 mg comprimé, Boite de 10",Ciprofloxacine,"Anti-bacterien(Fluoro-quinolone)","Infectiologie-parasi-tologie","2467,5",3525,-
PTM5116,"CIPROXIN-500 comprimé, boîte de 10",Ciprofloxacine,"Anti-bacterien(Fluoro-quinolone)","Infectiologie-parasi-tologie",1918,2740,-
PTM5117,"CIPROZED 750 mg comprimé, boîte de 10",Ciprofloxacine,"Anti-bacterien(Fluoro-quinolone)","Infectiologie-parasi-tologie",3199,4570,-
PTM5118,"CIPROZOLE FORTE 500mg/600mg comprimé, boîtede 10","Ciprofloxacine/Tini-dazole","Anti-bacterien(Fluoro-quinolone+Imidazolé)","Infectiologie-parasi-tologie","2285,5",3265,-
PTM5119,"CIPTADINE® 4 mg comprimé sécable, boîte de 30",Cyprohéptadine,Anti-hystaminique H1,Allergologie,"913,5",1305,-
PTM5120,"CIPTIN ( 250mg+ 300 mg) Comprimé, boite de 10","Ciprofloxacine/ Tini-dazole","Anti-bacterien(Fluoro-quinolone)+Ant-fon-gique","Infectiologie-parasi-tologie",1169,1670,-
PTM1025,"CIPTIN Forte 500mg + 600mg comprimé, boite de 10","Ciprofloxacine/ Tini-dazole","Anti-bacterien(Fluoro-quinolone)+Ant-fon-gique","Infectiologie-parasi-tologie",1750,2500,-
PTM5121,"CIPTIN Plus Kit  500mg + 600mg +150 mg comprimé,boite de 12","Ciprofloxacine/ Tini-dazole+Fluconazole","Anti-bacterien(Fluoro-quinolone)+Ant-fon-giques","Infectiologie-parasi-tologie",3143,4490,-
PTM5122,"CITIHIR 250 mg solution injectable, boîte de 5ampoules",Citicoline sodium,"Medicament dutrouble de la vigilance",Psychiatrie,13706,19580,-
PTM5123,"CITAL liquide, bouteille de 100 Ml","Citrate d’Hydrogene desodium",Alcanisant urinaire,Urologie,2814,4020,-
PTM5124,"CITINEX 500 mg/600 mg comprimé, boîte de 30","Ciprofloxacine/ Tini-dazole","Anti-bacterien(Fluoro-quinolone)+Ant-fon-gique","Infectiologie-parasi-tologie",5663,8090,-
CODES,DESIGNATION,COMPOSITION,"SOUS CLASSEPHARMACO-THERAPEUTIQUE","CLASSE PHARMACO-THERAPEUTIQUE","PRIX BASE DEREMBOURSEMENT (G) x 70%","PRIXPUBLIC","ACCORDPREALABLE"
PTM1034,"CLABEN 5 mg comprimé, boîte de 10",Glibenclamide,Anti-diabetique,"Metabolisme- nu-trition-diabete",1750,2500,-
PTM5125,"CLAFORAN 0,5 g IV/IM  injectable, boîte de1+Solvant",Céfotaxime,"Anti-bacterien(cepha-losporine)","Infectiologie-parasi-tologie","6030,5",8615,-
PTM5126,"CLANOXY 228,5 mg suspension buvable, flacon de100 ml","Amoxicilline/ Acideclavulanique","Anti-bacterien(Peni-cilline)","Infectiologie-parasi-tologie","1116,5",1595,-
PTM5127,"CLANOXY 375 mg comprimé, boîte de 10","Amoxicilline/ Acideclavulanique","Anti-bacterien(Peni-cilline)","Infectiologie-parasi-tologie",1463,2090,-
PTM5128,"CLANOXY 625 mg comprimé, boîte de 10","Amoxicilline/ Acideclavulanique","Anti-bacterien(Peni-cilline)","Infectiologie-parasi-tologie",2156,3080,-
PTM5129,"CLANOXY 1,2 g  injectable, boîte de 1 flacon +solvant","Amoxicilline/ Acideclavulanique","Anti-bacterien(Peni-cilline)","Infectiologie-parasi-tologie",1316,1880,-
PTM5130,"CLANOXYL 1,2 g injectable, boîte de 1 flacon +solvant","Amoxicilline/ Acideclavulanique","Anti-bacterien(Peni-cilline)","Infectiologie-parasi-tologie",1372,1960,-
PTM5131,"CLARICIN-500 comprimé, boîte de 10",Clarithromycine,"Anti-bacterien(Macro-lide)","Infectiologie-parasi-tologie",4522,6460,-
PTM5132,"CLARIMAX 500® comprimé pelliculé, boîte de 14",Clarithromycine,"Anti-bacterien(Macro-lide)","Infectiologie-parasi-tologie",2674,3820,-
PTM5133,"CLARINEZ Adulte gouttes nasales, flacon de 10 ml",xylométazoline,Decongestionnant,"Oto-rino-Laryngo-logie",273,390,-
PTM5134,"CLARINEZ Enfant gouttes nasales, flacon de 10 ml",xylométazoline,Decongestionnant,"Oto-rino-Laryngo-logie",273,390,-
PTM5135,"CLARITHROMYCINE BIOGARAN 500 mg comprimé,boîte de 10",Clarithromycine,"Anti-bacterien(Macro-lide)","Infectiologie-parasi-tologie",4606,6580,-
PTM5136,"CLARITHROMYCINE BIOGARAN 250 mg comprimé,boîte de 10",Clarithromycine,"Anti-bacterien(Macro-lide)","Infectiologie-parasi-tologie",2604,3720,-
PTM1045,"CLARITRON 500 mg comprimé, boîte de 10",Clarithromycine,"Anti-bacterien(Macro-lide)","Infectiologie-parasi-tologie","5435,5",7765,-
PTM5137,"CLARIVA 250 mg comprimé, boîte de 14",Clarithromycine,"Anti-bacterien(Macro-lide)","Infectiologie-parasi-tologie",3654,5220,-
CODES,DESIGNATION,COMPOSITION,"SOUS CLASSEPHARMACO-THERAPEUTIQUE","CLASSE PHARMACO-THERAPEUTIQUE","PRIX BASE DEREMBOURSEMENT (G) x 70%","PRIXPUBLIC","ACCORDPREALABLE"
PTM5138,"CLARTEC 10 mg comprimé, boîte de 30",Loratadine,Anti-hystaminique H1,Allergologie,"2285,5",3265,-
PTM1051,"CLAVAM 1125 mg comprimé , boite de 12","Amoxicilline/ Acideclavulanique","Anti-bacterien(Peni-cilline)","Infectiologie-parasi-tologie","4175,5",5965,-
PTM1052,"CLAVAM 281,25 mg sirop , flacon de 60 ml","Amoxicilline/ Acideclavulanique","Anti-bacterien(Peni-cilline)","Infectiologie-parasi-tologie",2338,3340,-
PTM1053,"CLAVAM 562 mg comprimé , boite de 16","Amoxicilline/ Acideclavulanique","Anti-bacterien(Peni-cilline)","Infectiologie-parasi-tologie",3500,5000,-
PTM1054,"CLAVAM 562 mg sirop , flacon de 60 ml","Amoxicilline/ Acideclavulanique","Anti-bacterien(Peni-cilline)","Infectiologie-parasi-tologie","2530,5",3615,-
PTM1055,"CLAVAM 1200 mg injectable , IV/PERF  F/1","Amoxicilline/ Acideclavulanique","Anti-bacterien(Peni-cilline)","Infectiologie-parasi-tologie","1508,5",2155,-
PTM1057,"CLAVICIN 1000 mg/200 mg poudre pour injection,boîte de 1 ampoule","Amoxicilline/ Acideclavulanique","Anti-bacterien(Peni-cilline)","Infectiologie-parasi-tologie",1372,1960,-
PTM1058,"CLAVICIN XR 1000 mg comprimés, boîte de 1X10.","Amoxicilline/ Acideclavulanique","Anti-bacterien(Peni-cilline)","Infectiologie-parasi-tologie","4112,5",5875,-
PTM5139,"CLAVOXI CARE 1 g/125 mg comprimé pelliculé, boîtede 12","Amoxicilline/ Acideclavulanique","Anti-bacterien(Peni-cilline)","Infectiologie-parasi-tologie","3671,5",5245,-
PTM5140,"CLAVOXI CARE 500 mg/62,5 mg comprimé pelliculé,boîte de 12","Amoxicilline/ Acideclavulanique","Anti-bacterien(Peni-cilline)","Infectiologie-parasi-tologie",3199,4570,-
PTM1059,"CLAVUJECT 1,2 g poudre pour préparation injectable,boîte de 1","Amoxicilline/ Acideclavulanique","Anti-bacterien(Peni-cilline)","Infectiologie-parasi-tologie",1645,2350,-
PTM1063,"CLAVUMOCCID 1000 mg comprimé, boite de 20","Amoxicilline/ Acideclavulanique","Anti-bacterien(Peni-cilline)","Infectiologie-parasi-tologie","4112,5",5875,-
PTM1065,"CLAVUMOCCID 500 mg comprimé, boite de 20","Amoxicilline/ Acideclavulanique","Anti-bacterien(Peni-cilline)","Infectiologie-parasi-tologie","2922,5",4175,-
PTM1064,"CLAVUMOCCID 250 mg poudre pour suspensionbuvable, boîte de 2 flacons","Amoxicilline/ Acideclavulanique","Anti-bacterien(Peni-cilline)","Infectiologie-parasi-tologie",4613,6590,-
PTM5141,"CLAVUSUN 1000 comprimé, boîte de 7","Amoxicilline/ Acideclavulanique","Anti-bacterien(Peni-cilline)","Infectiologie-parasi-tologie","3482,5",4975,-
CODES,DESIGNATION,COMPOSITION,"SOUS CLASSEPHARMACO-THERAPEUTIQUE","CLASSE PHARMACO-THERAPEUTIQUE","PRIX BASE DEREMBOURSEMENT (G) x 70%","PRIXPUBLIC","ACCORDPREALABLE"
PTM5144,"CLAVUSUN 625 mg comprimé, Boite de 10","Amoxicilline/ Acideclavulanique","Anti-bacterien(Peni-cilline)","Infectiologie-parasi-tologie","2054,5",2935,-
PTM5145,"CLAVUSUN suspension néonatale, flacon de 100 ml","Amoxicilline/ Acideclavulanique","Anti-bacterien(Peni-cilline)","Infectiologie-parasi-tologie",2506,3580,-
PTM5146,"CLAVUSUN suspension pédiatrique, flacon de 100 ml","Amoxicilline/ Acideclavulanique","Anti-bacterien(Peni-cilline)","Infectiologie-parasi-tologie",3066,4380,-
PTM5147,"CLAVUXIN 500 mg/62,5 mg comprimé pelliculé,boîte de 4 X 6","Amoxicilline/ Acideclavulanique","Anti-bacterien(Peni-cilline)","Infectiologie-parasi-tologie",4340,6200,-
PTM5148,"CLAVUXIN 1g Injectable, boîte de 1","Amoxicilline/ Acideclavulanique","Anti-bacterien(Peni-cilline)","Infectiologie-parasi-tologie",1736,2480,-
PTM5149,"CLAXY 1125 mg comprimé, boîte 10","Amoxicilline/ Acideclavulanique","Anti-bacterien(Peni-cilline)","Infectiologie-parasi-tologie","2159,5",3085,-
PTM5150,"CLAXY 457 mg /5 ml suspension orale, flacon de 70ml","Amoxicilline/ Acideclavulanique","Anti-bacterien(Peni-cilline)","Infectiologie-parasi-tologie",2093,2990,-
PTM5151,"CLAXY 562,5 mg comprimé, boîte de 10","Amoxicilline/ Acideclavulanique","Anti-bacterien(Peni-cilline)","Infectiologie-parasi-tologie","1536,5",2195,-
PTM1067,"CLEDOMOX 562,5 mg/5 ml, poudre pour suspensionbuvable, flacon de 60 ml","Amoxicilline/ Acideclavulanique","Anti-bacterien(Peni-cilline)","Infectiologie-parasi-tologie",2303,3290,-
PTM1066,"CLEDOMOX 1125 mg comprimé pelliculé, boîte de16","Amoxicilline/  Acideclavulanique","Anti-bacterien(Peni-cilline)","Infectiologie-parasi-tologie",3654,5220,-
PTM1068,"CLEDOMOX 281,25 mg/5 mL suspension buvable,flacon de 60 Ml","Amoxicilline/  Acideclavulanique","Anti-bacterien(Peni-cilline)","Infectiologie-parasi-tologie","2236,5",3195,-
PTM1070,"CLIPTOL GEL, tube de 50 g",Ibuprofène,"Anti-inflammatoirenon steroidien",Anti-inflammatoire,2996,4280,-
PTM5154,"CLIVON comprimé vaginal, boite de 10",Lactobacilles,Anti-infectieux,Gynécologique,8400,12000,-
PTM5156,"CLITH 500 mg comprimé, boîte de 10",Clarithromycine,"Anti-bacterien(Macro-lide)","Infectiologie-parasi-tologie",2506,3580,-
PTM5157,"CLODIREX gel, tube de 30 g","Diclofénac Diethyla-mine/ Méthyl salicy-late/ Menthol","Anti-inflammatoirenon steroidien",Anti-inflammatoire,770,1100,-
CODES,DESIGNATION,COMPOSITION,"SOUS CLASSEPHARMACO-THERAPEUTIQUE","CLASSE PHARMACO-THERAPEUTIQUE","PRIX BASE DEREMBOURSEMENT (G) x 70%","PRIXPUBLIC","ACCORDPREALABLE"
PTM1073,"CLOMED crème, tube de 30 g","Clobetasol Sous formede dipropionate","Corticosteroïdestopiques",Dermatologie,"1305,5",1865,-
PTM5158,"CLOMED pommade, tube de 30 g","Clobetasol Sous formede dipropionate","Corticosteroïdestopiques",Dermatologie,"1305,5",1865,-
PTM5159,"CLOPID 75 mg comprimé, boîte de 3X10",Clopidogrel,"Antiagrégantplaquettaire",Cardiologie,"10734,5",15335,-
PTM1078,"CLOPI-DENK 75 comprimés pelliculés, boîte de 30","Clopidogrel ( sousforme de clopidogrelbésilate)","Antiagrégantplaquettaire",Cardiologie,"9138,5",13055,-
PTM5160,"CLOPIDOGREL IG 75 mg comprimé, boîte de 30","Clopidogrel ( sousforme de clopidogrelbésilate)","Antiagrégant plaquet-taire",Cardiologie,"5344,5",7635,-
PTM5161,"CLOPIDOGREL ZENTIVA® 75 mg compriméspelliculés, boîte de 30",Clopidogrel,"Antiagrégantplaquettaire",Cardiologie,17360,24800,-
PTM5162,"CLOPER SIROP, flacon de 120 ml","Fendizoate de clope-ratine",Antitussif,Pneumologie,1750,2500,-
PTM5163,"CLOTRIDERM 1% crème, tube de 30 g",Clotrimazole,Antimycosique,Dermatologie,1498,2140,-
PTM1081,"CLOTRI DENK 1% crème, tube de 20 g",Clotrimazole,Antimycosique,Dermatologie,"1326,5",1895,-
PTM1082,"CLOTRI DENK comprimé vaginal, boite de 6",Clotrimazole,Antimycosique,Dermatologie,1470,2100,-
PTM5164,"CLOTRIMAZOLE IG 200 mg ovules, boîte de 3",Clotrimazole,Antimycosique,Dermatologie,1575,2250,-
PTM5165,"CLOTRINE 1% crème, tube de 20 g",Clotrimazole,Antimycosique,Dermatologie,1330,1900,-
PTM1087,"CLOVACAÏNE solution, flacon de 15 ml","Hydrochloride deLignocaïne/ Huile degéranium/ Huile declove/ Alcool qsp",Anesthésie de surface,"Anesthésie -Réanimation","766,5",1095,-
PTM1095,"CO RENITEC 20 mg/12,5 mg comprimé sécable, boîtede 28","Maléate d’énalapril/Hydrochlorothiazide","Anti-hypertenseur(IEC+Diurétique)","Cardiologie-angeio-logie",6825,9750,-
CODES,DESIGNATION,COMPOSITION,"SOUS CLASSEPHARMACO-THERAPEUTIQUE","CLASSE PHARMACO-THERAPEUTIQUE","PRIX BASE DEREMBOURSEMENT (G) x 70%","PRIXPUBLIC","ACCORDPREALABLE"
PTM1099,"CO-AMOX-ACINO 457 mg, poudre pour susp. buv.,fl/70 ml","Amoxicilline/ Acideclavulanique","Anti-bacterien(Peni-cilline)","Infectiologie-parasi-tologie",3199,4570,-
PTM1097,"CO-AMOX-ACINO 1000 mg comprimé pelliculé, boîtede 12","Amoxicilline/ Acideclavulanique","Anti-bacterien(Peni-cilline)","Infectiologie-parasi-tologie",5026,7180,-
PTM5166,"CO-AMOXICLAV SP® 500 mg/62,5 mg ENFANTpoudre en sachets-dose, boîte de 16","Amoxicilline/ Acideclavulanique","Anti-bacterien(Peni-cilline)","Infectiologie-parasi-tologie","2712,5",3875,-
PTM5167,"CO-AMOXICLAV SP® 100 mg/12,5 mg NOURRISSON,poudre pour suspension buvable, flacon de 30 Ml","Amoxicilline/ Acideclavulanique","Anti-bacterien(Peni-cilline)","Infectiologie-parasi-tologie",1596,2280,-
PTM5168,"CO-AMOXICLAV SP® 1000 mg/125 mg  poudre ensachets-dose, boîte de 16","Amoxicilline/ Acideclavulanique","Anti-bacterien(Peni-cilline)","Infectiologie-parasi-tologie",5950,8500,-
PTM5169,"CO-AMOXICLAV SP® 1000 mg/125 mg  poudre ensachets-dose, boîte de 12","Amoxicilline/ Acideclavulanique","Anti-bacterien(Peni-cilline)","Infectiologie-parasi-tologie",4410,6300,-
PTM5170,"CO-AMSTAN 5mg/160mg/25mg comprimé, boite de30","Amlodipine/Valsartan/Hydrochlorothiazide",Antihypertenseurs,"Cardiologie-Angeio-logie",8113,11590,-
PTM5171,"CO-AMSTAN 10mg/160mg/12,5mg comprimé, boitede 30","Amlodipine/Valsartan/Hydrochlorothiazide",Antihypertenseurs,"Cardiologie-Angeio-logie",8288,11840,-
PTM5172,"CO-AMSTAN 10mg/160mg/25mg comprimé, boitede 30","Amlodipine/Valsartan/Hydrochlorothiazide",Antihypertenseurs,"Cardiologie-Angeio-logie",8463,12090,-
PTM5173,"CO-ANGINET 80/12,5 comprimé,boite30","Valsartan/Hydrocloro-thiazide","Antilipidique/duire-tique","Cardiologie-angeio-logie",6160,8800,-
PTM5174,"CO-ANGINET 160/12,5 comprimé,boite30","Valsartan/Hydrocloro-thiazide","Antilipidique/duire-tique","Cardiologie-angeio-logie",6664,9520,-
PTM5175,"CO-ANGINET 160/25comprimé,boite30","Valsartan/Hydrocloro-thiazide","Antilipidique/duire-tique","Cardiologie-angeio-logie","7563,5",10805,-
PTM1101,"COAPROVEL 150mg/12,5mg comprimé pélliculé,boite de 28","Irbésartan/ Hydrochlo-rothiazide","Anti-hypertenseur(Sartan+Diurétique)","Cardiologie-angeio-logie",12705,18150,-
PTM1102,"COAPROVEL 300/12,5 mg comprimé pelliculé, boîtede 28","Irbésartan/Hydrochlor-thiazide",Antihypertenseur,"Cardiologie-Angeio-logie","12673,5",18105,-
PTM1094,"CO-ARINATE enfant comprimé, boîte de 3","Artemether/ Luméfan-thrine",Antipaludique,"Infectiologie-parasi-tologie","1900,5",2715,-
"",,,SOUS CLASSE,PRIX BASE DE,,
"",,,CLASSE PHARMACO-,,PRIX,ACCORD
CODES,DESIGNATION,COMPOSITION,PHARMACO-,REMBOURSE,,
"",,,THERAPEUTIQUE,,PUBLIC,PREALABLE
"",,,THERAPEUTIQUE,MENT (G) x 70%,,
"",,Artemether/ Luméfan-,Infectiologie-parasi-,,,
PTM1108,"COARTEM 20/120 mg comprimé, boîtede 24",-thrine,Antipaludique tologie,3199,4570,
"",,Artemether/ Luméfan-,Infectiologie-parasi-,,,
PTM1110,"COARTEM 80/480 mg comprimé, boîte de 6",-thrine,Antipaludique tologie,2478,3540,
"","COARTEM DISPERSIBLE 20/120 mg comprimé, boîte",Artemether/ Luméfan-,Infectiologie-parasi-,,,
PTM1109,-de 6,thrine,Antipaludique tologie,"787,5",1125,
"","COARTEM DISPERSIBLE 20/120mg comprimé, boîte",Artemether/ Luméfan-,Infectiologie-parasi-,,,
PTM1107,-de 12,thrine,Antipaludique tologie,1372,1960,
"",Dihydroartémisine/ CO-ARTESIANE poudre pour susp buv flacon de 60,,Infectiologie-parasi-,,,
PTM1112,,Phosphate de pipé-,Antipaludique,1736,2480,-
"",ml,tologieraquine,,,,
"",Dihydroartémisine/ CO-ARTESIANE poudre pour susp orale flacon de 120,,Infectiologie-parasi-,,,
PTM1111,,Phosphate de pipé-,Antipaludique,3381,4830,-
"",ml,tologieraquine,,,,
"","CO-AVAZIR solution ophtalmique stérile, flacon de",Tobramycine/ Dexame-,Antibacterien ophtal-,,,
PTM6377,,,Ophtalmologie,1253,1790,-
"",5 ml,thasone,mique+AIS,,,
"","Antalgiques-Antipy-CODOLIPRANE 400 mg/20 mg comprimé pelliculé,",,Antalgique opioïde,,,
PTM1115,-boîte de 16,Paracétamol/ Codéine,rétiques-Antispas- Périphérique,"1389,5",1985,
"",,,modiques,,,
"",,Artéméther/ Lumé-,Infectiologie-parasi-,,,
PTM1118,"COFANTRINE 80/480 mg comprimé, boîte de 6",-fantrine,Antipaludique tologie,"1781,5",2545,
"",COFANTRINE Enfant 20/120 mg comprimé,Artéméther/ Lumé-,Infectiologie-parasi-,,,
PTM1117,"-dispersible, boîte de 6",fantrine,Antipaludique tologie,"731,5",1045,
"",COFANTRINE 180 mg/1080 mg poudre pour,Artéméther/ Lumé-,Infectiologie-parasi-,,,
PTM1119,"-suspension buvable, flacon de 60 mL.",fantrine,Antipaludique tologie,"2467,5",3525,
"",,Chlorhydrate d’Am-,,,,
PTM5176,"COFFRON GL suspension orale, flacon de 60 ml",broxol/ Guaifenesin/,Mucolytique Pneumologie,"1235,5",1765,-
"",,Levosalbutamol Sulfate,,,,
"",,,Infectiologie-parasi-,,,
PTM5177,"COFLOX – 500 mg comprimé, boîte de 10",Ciprofloxacine,Antibacterien -tologie,1827,2610,
"",,Salbutamol/,,,,
PTM5178,"COFNIL sirop, flacon de 60 ml",Bromhexine/ Guaife-,Antiasthmatique Pneumologie,1141,1630,-
"",,nesine,,,,
CODES,DESIGNATION,COMPOSITION,"SOUS CLASSEPHARMACO-THERAPEUTIQUE","CLASSE PHARMACO-THERAPEUTIQUE","PRIX BASE DEREMBOURSEMENT (G) x 70%","PRIXPUBLIC","ACCORDPREALABLE"
PTM1120,"COLART 20/120 mg comprimé, boîte de 24","Artéméther/ Lumé-fantrine",Antipaludique,"Infectiologie-parasi-tologie","2201,5",3145,-
PTM6134,"COLCHICAP 4 mg comprimé, boîte de 10",Thiocolchicoside,"Myorelaxant périphe-rique",Rhumatologie,"696,5",995,-
PTM1123,"COLCHICINE OPOCALCIUM 1 mg, comprimé sécable,boîte de 20",Colchicine cristallisée,Antigoutteux,Rhumatologie,"1634,5",2335,-
PTM1124,"COLCHIMAX comprimé pélliculé, boite de 20","Colchicine cristallisée/Méthylsulfate de tiémo-nium/ Poudre d’opium",Antigoutteux,Rhumatologie,2898,4140,-
PTM5179,"COLCIBRA 100 mg gélule, boîte de 30",Célécoxib,"Anti-inflammatoirenon steroidien",Rhumatologie,5320,7600,-
PTM5180,"COLDFREE sirop, flacon de 100 Ml","Cétirizine/Pheny-lephrine/Paracetamol","Rhinites-sinu-sites-Rhumes","Oto-Rino-Laryngo-logie",903,1290,-
PTM5181,"COLDRILIF capsule, boîte de 10","Chlorhydrate de Pheny-léphrine /Paracétamol/Maléate de Chlorphéni-ramine","Rhinites-Sinu-sites-Rhumes","Oto-Rino-Laryngo-logie",126,180,-
PTM5182,"COLDRILIF sirop, flacon de 60 ml","Chlorhydrate de Pheny-léphrine / Maléate deChlorphéniramine","Rhinites-Sinu-sites-Rhumes","Oto-Rino-Laryngo-logie","227,5",325,-
PTM5183,"COLESTOP 10 mg comprimé pelliculé, boîte de 30",Atorvastatine,Hypolipémiant,"Metabolisme- nu-trition-diabete","4112,5",5875,-
PTM5184,"COLESTOP 20 mg comprimés pelliculés, boîte de 30",Atorvastatine,Hypolipémiant,"Metabolisme- nu-trition-diabete",5481,7830,-
PTM5185,"COLESTOP 40 mg comprimés pelliculés, boîte de 30",Atorvastatine,Hypolipémiant,"Metabolisme- nu-trition-diabete",7308,10440,-
PTM5186,"COLICACIP 0,3% solution oculaire, flacon de 5 ml",Ciprofloxacine,"Anti-bacterien(fluoro-quinolone)","Infectiologie-parasi-tologie",1267,1810,-
PTM1125,"COLINIL goutte, flacon de 15 mL","Simethicone/huiled’anath/huile de fenouil","Traitement destroubles fonctionnelsdigestifs","Gastro-Entero-He-patologie",1372,1960,-
"",,,SOUS CLASSE,PRIX BASE DE,,
"",,,CLASSE PHARMACO-,,PRIX,ACCORD
CODES,DESIGNATION,COMPOSITION,PHARMACO-,REMBOURSE,,
"",,,THERAPEUTIQUE,,PUBLIC,PREALABLE
"",,,THERAPEUTIQUE,MENT (G) x 70%,,
"",,Hydroxyde de mé-,,,,
PTM1136,"COLLYRE BLEU LAITER, flacon de 10 ml",thylthioninium/ Nitrate,Antiseptique local Ophtalmologie,"1417,5",2025,-
"",,de naphazoline,,,,
"",,Losartan potassique,,,,
"","COLOSAR-DENK 100/12,5 comprimé pelliculé, boîte","(Equivalent à 45,76 mg",Antihypertenseur(Sar- Cardiologie-angeio-,,,
PTM5189,-de 28,de losartan)/  Hy-,tan+Diurétique) logie,"10965,5",15665,
"",,drochlorothiazide (HCT),,,,
"",,Losartan potassique,,,,
"","COLOSAR-DENK 50/12,5 comprimé pelliculé, boîte","(Equivalent à 45,76 mg",Antihypertenseur(Sar- Cardiologie-angeio-,,,
PTM1141,-de 28,de losartan)/  Hy-,tan+Diurétique) logie,"7766,5",11095,
"",,drochlorothiazide (HCT),,,,
"","Losartan potassique  CO-LOSAR 50 mg/12,5 mg comprimé pelliculé",,,,,
"",,"(Equivalent à 45,76 mg",Antihypertenseur(Sar- Cardiologie-angeio-,,,
PTM5190,"sécable,  logieboîte de 30.",-de losartan)/  Hy-,tan+Diurétique),5390,7700,
"",,drochlorothiazide (HCT),,,,
"",,Chlorquinaldol/ Pro-,,,,
PTM1143,"COLPOSEPTINE comp gynéco, boite de 18",-mestriène,Soins gynécologiques Gynécologique,"2558,5",3655,
"",,Artéméther/Lumé-,Infectiologie-parasi-,,,
PTM5191,"COMBIART 20/120mg comprimé, boîte de 12",-fantrine,Antipaludique tologie,1372,1960,
"",,Artéméther/Lumé-,Infectiologie-parasi-,,,
PTM5192,"COMBIART 20/120mg comprimé, boîte de 4x6",-fantrine,Antipaludique tologie,"1781,5",2545,
"",,Artéméther/Lumé-,Infectiologie-parasi-,,,
PTM5193,"COMBIART 80 mg /480 mg comprimé, boîte de 1X6",-fantrine,Antipaludique tologie,1827,2610,
"","COMBIART-DT 20/120 mg comprimé dispersible,",Artéméther/Lumé-,Infectiologie-parasi-,,,
PTM5194,-boîte de 18,fantrine,Antipaludique tologie,"2376,5",3395,
"","COMBIART-DT 20/120 mg comprimé dispersible,",Artéméther/Lumé-,Infectiologie-parasi-,,,
PTM5195,-boîte de 6,fantrine,Antipaludique tologie,"913,5",1305,
"",,Dihydroartémisinine/,Infectiologie-parasi-,,,
PTM5196,"COMBICURE SP 40 /320 comprimé, boîte de 9",-Pipéraquine Phosphate,Antipaludique tologie,"2558,5",3655,
"",COMBICURE SP®90/720 poudre pour suspension,Dihydroartémisinine/,Infectiologie-parasi-,,,
PTM5197,"-buvable, flacon de 60 ml",Pipéraquine Phosphate,Antipaludique tologie,2009,2870,
"",,,Infectiologie-parasi-,,,
PTM1155,"COMBIFRINIL suspension buvable, flacon de 15 ml",Pamoate de Pyrantel,Antihelminthique -tologie,1379,1970,
"",,,Infectiologie-parasi-,,,
PTM1154,"COMBIFRINIL250 mg comprimé, boîte de 3",Pamoate de Pyrantel,Antihelminthique -tologie,"1067,5",1525,
CODES,DESIGNATION,COMPOSITION,"SOUS CLASSEPHARMACO-THERAPEUTIQUE","CLASSE PHARMACO-THERAPEUTIQUE","PRIX BASE DEREMBOURSEMENT (G) x 70%","PRIXPUBLIC","ACCORDPREALABLE"
PTM5198,COMBITRINE SP 15/90 FL 60ml,"Artéméther/Lumé-fantrine",Antipaludique,"Infectiologie-parasi-tologie","1277,5",1825,-
PTM5199,"COMBITRINE SP 80/480 comprimé, boite de 6","Artéméther/Lumé-fantrine",Antipaludique,"Infectiologie-parasi-tologie",1463,2090,-
PTM5200,"COMBIMAL 525 mg comprimé, boîte de 3","Sulfadoxine/ Pyrimetha-mine",Antipaludique,"Infectiologie-parasi-tologie","332,5",475,-
PTM5201,"CONCOR AMLO 10 mg/10 mg comprimé, boîte de 30","Fumarate de bisopro-lol/ Amlodipine","Antihypertenseur(Be-tabloquant+antago-niste calcique)","Cardiologie-angeio-logie",4935,7050,-
PTM5202,"CONCOR AMLO 10 mg/5 mg comprimé, boîte de 30","Fumarate de bisopro-lol/ Amlodipine","Antihypertenseur(Be-tabloquant+antago-niste calcique)","Cardiologie-angeio-logie",4207,6010,-
PTM5203,"CONCOR AMLO 5 mg/10 mg comprimé, boîte de 30","Fumarate de bisopro-lol/ Amlodipine","Antihypertenseur(Be-tabloquant+antago-niste calcique)","Cardiologie-angeio-logie",4207,6010,-
PTM5204,"CONCOR AMLO 5 mg/5 mg comprimé, boîte de 30","Fumarate de bisopro-lol/ Amlodipine","Antihypertenseur(Be-tabloquant+antago-niste calcique)","Cardiologie-angeio-logie","3734,5",5335,-
PTM5205,"CONTRASAFE  150 mg  suspension injectable, boîtede 1 flacon",Medroxyprogesterone,"Regulation du Cyclemenstruel",Gynécologique,2779,3970,-
PTM5206,"COPIGREL 75 mg comprimé pelliculé, boîte de 30",Clopidogrel,"Antiagrégantplaquettaire",Cardiologie,"5666,5",8095,-
PTM1169,"COQUELUSÉDAL Enfant suppositoire, boîte de 10","Extrait hydro-alcooliquemou de  Grindélia/Extrait hydro-alcooliquemou de Gelsemium",Antitussif,Pneumologie,"1277,5",1825,-
PTM1170,"COQUELUSÉDAL Nourisson suppositoires, boîte de10","Extrait hydro-alcooliquemou de  Grindélia/Extrait hydro-alcooliquemou de Gelsemium",Antitussif,Pneumologie,1232,1760,-
PTM5208,"CORDARONE® 200 mg comprimé sécable, boîte de30",Amiodarone,Antiarythmique,"Cardiologie-angeio-logie","7283,5",10405,-
"",,,SOUS CLASSE,PRIX BASE DE,,
"",,,CLASSE PHARMACO-,,PRIX,ACCORD
CODES,DESIGNATION,COMPOSITION,PHARMACO-,REMBOURSE,,
"",,,THERAPEUTIQUE,,PUBLIC,PREALABLE
"",,,THERAPEUTIQUE,MENT (G) x 70%,,
"",,,Anti-inflammatoires,,,
PTM1178,"CORTANCYL 20 mg comprimé sécable, boite de 20",Prednisolone,-stéroïdiensAnti-inflammatoires,"2194,5",3135,
"",,,Anti-inflammatoires,,,
PTM1179,"CORTANCYL 5 mg comprimé sécable, boite de 30",Prednisolone,-stéroïdiensAnti-inflammatoires,1253,1790,
"",,Sulfaméthoxazole/,Antibactérien (Sulfa- Infectiologie-parasi-,,,
PTM5209,"CORTIM 240 mg/5 ml suspension, flacon de 100 ml",-Triméthoprime,midé) tologie,525,750,
"",,Sulfaméthoxazole/,Antibactérien (Sulfa- Infectiologie-parasi-,,,
PTM5210,"CORTIM 480 mg comprimé, boîte de 10",-Triméthoprime,midé) tologie,"556,5",795,
"",,,Vasodilatateurs Cardiologie - An-,,,
PTM1182,"CORVASAL 2 mg comprimé sécables, boîte de 30",Molsidomine,-(Antiangoreux) géiologie,"2803,5",4005,
"",,,Vasodilatateurs Cardiologie - An-,,,
PTM1183,"CORVASAL 4 mg comprimé sécable, boîte de 30",Molsidomine,-(Antiangoreux) géiologie,"4917,5",7025,
"","COSOPT 20 mg/ml + 5 mg/ml collyre en solution,",,,,,
PTM5211,-fl/5 ml,Dorzolamide/ Timolol,Antiglaucomateux Ophtalmologie,10052,14360,
"","COTRIS 240 mg /5 mL suspension buvable, flacon de",Sulfaméthoxazole/,Antibactérien (Sulfa- Infectiologie-parasi-,,,
PTM5214,,,,525,750,-
"",100 Ml,Triméthoprime,midé) tologie,,,
"",,Sulfaméthoxazole/,Antibactérien (Sulfa- Infectiologie-parasi-,,,
PTM5215,"COTRI CARE 480 mg comprimé, boîte de 10",-Triméthoprime,midé) tologie,420,600,
"",,Triméthoprime,,,,
"",,80 mg /,,,,
"",,,Antibactérien (Sulfa- Infectiologie-parasi-,,,
PTM1213,"COTRIM 480 mg comprimés, boîte de 10",Sulfaméthoxazoletologie400 mg,-midé),77,110,
"",,Triméthoprime,,,,
"",,80 mg /,,,,
"",,,Antibactérien (Sulfa- Infectiologie-parasi-,,,
PTM1214,"COTRIM 960 mg comprimés, boîte de 10",Sulfaméthoxazoletologie400 mg,-midé),"430,5",615,
"",,Triméthoprime,,,,
"",,80 mg /,,,,
"",,,Antibactérien (Sulfa- Infectiologie-parasi-,,,
PTM5216,"COTRIMOXAZOLE TM 480 mg comprimé, boîte de 10",Sulfaméthoxazoletologie400 mg,-midé),140,200,
"",,Sulfaméthoxazole/,Antibactérien (Sulfa- Infectiologie-parasi-,,,
PTM5217,"COTRI-P suspension orale, flacon de 100 ml",-Triméthoprime,midé) tologie,525,750,
CODES,DESIGNATION,COMPOSITION,"SOUS CLASSEPHARMACO-THERAPEUTIQUE","CLASSE PHARMACO-THERAPEUTIQUE","PRIX BASE DEREMBOURSEMENT (G) x 70%","PRIXPUBLIC","ACCORDPREALABLE"
PTM5218,"COTRIPED 20 mg comprimé, boite de 20",Prednisolone,"Anti-inflammatoiresstéroïdiens",Anti-inflammatoires,"2740,5",3915,-
PTM5219,"COTRITOPKAV 240 mg/5 ml sirop, flacon de 100 ml","Sulfaméthoxazole/Triméthoprime","Antibactérien (Sulfa-midé)","Infectiologie-parasi-tologie","416,5",595,-
PTM5220,"CoValsar-Denk 160/12,5 comprimé pelliculé, boîtede 28","Valsartan/  Hydrochlo-rothiazide","Antihypertenseur(Sar-tan+Diurétique)","Cardiologie-angeio-logie","9047,5",12925,-
PTM5221,"CoValsar-Denk 320/12,5 comprimé pelliculé, boîtede 28","Valsartan/  Hydrochlo-rothiazide","Antihypertenseur(Sar-tan+Diurétique)","Cardiologie-angeio-logie",7308,10440,-
PTM5222,"CoValsar-Denk 80/12,5 comprimé pelliculé, boîte de28","Valsartan/  Hydrochlo-rothiazide","Antihypertenseur(Sar-tan+Diurétique)","Cardiologie-angeio-logie","6394,5",9135,-
PTM5223,"CO-VEPRAN 150 mg/12,5 mg comprimé pelliculé,boîte de 28","Irbésartan/ Hydrochlo-rothiazide","Antihypertenseur(Sar-tan+Diurétique)","Cardiologie-angeio-logie","6688,5",9555,-
PTM5224,"CO-VEPRAN 300 mg/12,5 mg comprimé pelliculé,boîte de 28","Irbésartan/ Hydrochlo-rothiazide","Antihypertenseur(Sar-tan+Diurétique)","Cardiologie-angeio-logie","7675,5",10965,-
PTM5225,"CO-VEPRAN 300 mg/25 mg comprimé pelliculé,boîte de 28","Irbésartan/ Hydrochlo-rothiazide","Antihypertenseur(Sar-tan+Diurétique)","Cardiologie-angeio-logie","7857,5",11225,-
PTM1230,"COVERAM 5 mg/10 mg comprimé, boîte de 30",Périndopril/ Amlodipine,"Antihyperten-seur(IEC+Diurétique)","Cardiologie-angeio-logie","9824,5",14035,-
PTM1231,"COVERAM 5 mg/5 mg comprimé, boîte de 30",Périndopril/ Amlodipine,"Antihyperten-seur(IEC+Diurétique)","Cardiologie-angeio-logie","9593,5",13705,-
PTM1229,"COVERAM 10 mg/5 mg comprimé, boîte de 30",Périndopril/ Amlodipine,"Antihyperten-seur(IEC+Diurétique)","Cardiologie-angeio-logie","13933,5",19 905,-
PTM1228,"COVERAM 10 mg/10 mg comprimé, boîte de 30",Périndopril/ Amlodipine,"Antihyperten-seur(IEC+Diurétique)","Cardiologie-angeio-logie","14164,5",20 235,-
PTM1235,"COVERSYL 5 mg comprimé, boîte de 30",Périndopril/ Amlodipine,"Antihyperten-seur(IEC+Diurétique)","Cardiologie-angeio-logie",5894,8 420,-
PTM1232,"COVERSYL 10 mg comprimé, boîte de 30",Périndopril/ Amlodipine,"Antihyperten-seur(IEC+Diurétique)","Cardiologie-angeio-logie","8634,5",12 335,-
PTM1238,"COZAAR 50 mg comprimé pelliculé sécable, boîte de28",Losartan potassique,"Antihypertenseur(Sar-tan)","Cardiologie-angeio-logie",3654,5220,-
CODES,DESIGNATION,COMPOSITION,"SOUS CLASSEPHARMACO-THERAPEUTIQUE","CLASSE PHARMACO-THERAPEUTIQUE","PRIX BASE DEREMBOURSEMENT (G) x 70%","PRIXPUBLIC","ACCORDPREALABLE"
PTM5227,"CREACLAV 1 g/125 mg ADULTES poudre poursuspension buvable en sachet-dose, boîte de 12","Amoxicilline/Acideclavulanique",Antibacterien,"Infectiologie-parasi-tologie",3654,5220,-
PTM5228,"CREAZITHRO® 500 mg (Azithromycine) comprimépelliculé sécable -,  blisters de 3",Azithromycine,"Antibacterien(macro-lides)","Infectiologie-parasi-tologie","2180,5",3115,-
PTM1241,"CRESTOR 10 mg comprimé pelliculé, boîte de 30",Rosuvastatine,Hypolipémiants,"Cardiologie - An-géiologie- Métabo-lisme - Nutrition","12792,5",18275,-
PTM1243,"CRESTOR 20 mg comprimé pelliculé, boîte de 30",Rosuvastatine,Hypolipémiants,"Cardiologie - An-géiologie- Métabo-lisme - Nutrition","18273,5",26105,-
PTM1242,"CRESTOR 5 mg comprimé pelliculé, boîte de 30",Rosuvastatine,Hypolipémiants,"Cardiologie - An-géiologie- Métabo-lisme - Nutrition","7948,5",11355,-
PTM5232,"CROISCARD 500mg/250mg comprimé, boîte de 15",Calcium/ Vitamine D3,"Médecament de l’Os-téoporose",Traumatologie,"1277,5",1825,-
PTM5233,"CROISCARD-E suspension, flacon de 150 ml",Calcium/ Vitamine D3,"Médecament de l’Os-téoporose",Traumatologie,1827,2610,-
PTM1246,"CROMAX-2% collyre, flacon de 10 ml","Cromoglycate desodium",Antihistaminique H1,Ophtalmologie,1442,2060,-
PTM1250,"CROMOPTIC 2% collyre en solution, flacon de 10 ml",Acide cromoglicique,Antiallergique,Ophtalmologie,"2075,5",2965,-
PTM5234,"CRONOPEN 500 mg comprimé pelliculé, boîte de 3",Azithromycine,"Antibacterien(macro-lides)","Infectiologie-parasi-tologie",2814,4020,-
PTM5235,"CROSSCAL 500 mg comprimé pelliculé, boîte de 15",Calcium/ Vitamine D3,"Médecament de l’Os-téoporose",Traumatologie,"2740,5",3915,-
PTM5236,"CROSSCAL suspension orale, flacon de 200 ml",Calcium/ Vitamine D3,"Médecament de l’Os-téoporose",Traumatologie,"2670,5",3815,-
PTM5237,"CROTRIMA V6 100 mg comprimé vaginal,  boîte de12 avec applicateur",Clotrimazole,Antifongique,Gynécologie,"1361,5",1945,-
PTM1252,CURACNE 10 gellule boite de 30,Isotrétinoïne,Antiacnéique oral,Dermatologie,10976,15680,-
CODES,DESIGNATION,COMPOSITION,"SOUS CLASSEPHARMACO-THERAPEUTIQUE","CLASSE PHARMACO-THERAPEUTIQUE","PRIX BASE DEREMBOURSEMENT (G) x 70%","PRIXPUBLIC","ACCORDPREALABLE"
PTM5238,"CURAM 100 + 125 mg/5 ml nourrisson poudre poursuspension buvable, flacon de 30 ml","Amoxicilline/ Acideclavulanique","Antibacterien(Penicil-lines)","Infectiologie-parasi-tologie",1701,2430,-
PTM1255,"CURAM 1000 mg comprimé pelliculé, boîte de 10","Amoxicilline/ Acideclavulanique","Antibacterien(Penicil-lines)","Infectiologie-parasi-tologie",5712,8160,-
PTM1254,"CURAM 500 mg/100 mg poudre pour solutioninjectable, boîte de 1","Amoxicilline/ Acideclavulanique","Antibacterien(Penicil-lines)","Infectiologie-parasi-tologie","1277,5",1825,-
PTM1260,"CURAM 500 mg/62,5 mg comprimé pelliculé, boîtede 16","Amoxicilline/ Acideclavulanique","Antibacterien(Penicil-lines)","Infectiologie-parasi-tologie",3290,4700,-
PTM1256,"CURAM 1000 + 125 mg poudre pour suspensionorale en sachet, boîte de 12","Amoxicilline/ Acideclavulanique","Antibacterien(Penicil-lines)","Infectiologie-parasi-tologie",4935,7050,-
PTM1258,"CURAM 1000 mg/200 mg poudre pour solutioninjectable, boîte de 1","Amoxicilline/ Acideclavulanique","Antibacterien(Penicil-lines)","Infectiologie-parasi-tologie",2128,3040,-
PTM1261,"CURAPEL® crème, tube de 30 g",Sulfadiazine d’Argent,"Antibactérien (Sulfa-midé)",Dermatologie,"2740,5",3915,-
PTM1262,"CURTEC 10 mg comprimé, boite de 15",Cétirizine,Antihistaminique H1,Allergologie,"2285,5",3265,-
PTM6323,"CURTEC 1mg/1ml solution buvable, flacon de 60 ml",Cétirizine,Antihistaminique H1,Allergologie,1463,2090,-
PTM1263,"CUTACNYL 10% Creme, tube de 40 g",Peroxyde de benzoyle,Antiacnéique,Dermatologie,"1809,5",2 585,-
PTM1264,"CUTACNYL 5% Creme, tube de 40 g",Peroxyde de benzoyle,Antiacnéique,Dermatologie,"1809,5",2 585,-
PTM1270,"CYCLO 3 crème, tube de 100 g","Petit houx (Ruscus acu-leatus L.) (Extrait sec derhizome de) / Mélilot(Melilotus officinalis (L.)Lam) (extrait fluide desparties aériennes de)","Vasculoprotecteurs etveinotonique(Veinotrope et capilla-rotrope)","Cardiologie-angeio-logie",6195,8850,-
"",,,SOUS CLASSE,PRIX BASE DE,,
"",,,CLASSE PHARMACO-,,PRIX,ACCORD
CODES,DESIGNATION,COMPOSITION,PHARMACO-,REMBOURSE,,
"",,,THERAPEUTIQUE,,PUBLIC,PREALABLE
"",,,THERAPEUTIQUE,MENT (G) x 70%,,
"",,,Anti-inflammatoire,,,
PTM5239,"CYCLODEX® 20 mg comprimés sécables, boîte de 14",Piroxicam,non Anti-inflammatoires,"2159,5",3085,-
"",,,stéroïdien,,,
"",,Dicyclovérine/ Simé-,Analgésique+relaxant Gastro-Entéro-,,,
PTM5240,"CYCLOPAM comprimé, boîte de 10",-thicone,musculaire Hépathologie,"1389,5",1985,
"",,Dicyclovérine/ Simé-,Analgésique+relaxant Gastro-Entéro-,,,
PTM5241,"CYCLOPAM suspension buvable, flacon de 30 ml",-thicone,musculaire Hépathologie,630,900,
"",,Diisethionate d’hexami-,,,,
"",,"dine 0,1g/Digluconate",,,,
PTM1279,"CYTEAL solution moussante, flacon de 250 ml",-de chlorhexidine20%/,Antiseptique Dermatologie,2121,3030,
"",,"Chlorocrésol 0,30g",,,,
"",,Diisethionate d’hexami-,,,,
"",,"dine 0,1g/Digluconate",,,,
PTM1280,"CYTEAL solution moussante, flacon de 500 ml",-de chlorhexidine20%/,Antiseptique Dermatologie,3885,5550,
"",,"Chlorocrésol 0,30g",,,,
"",CYVAX® 125 mcg /25 mcg suspension pour,Flucticasone propionate,Adrenergiques/An-,,,
PTM5243,"-inhalation, flacon de 120 doses",/ Salméterol xinafoate,Pneumologie tiasthmatique,5418,7740,
"",CYVAX® 250 mcg /25mcg suspension pour,Flucticasone propionate,Adrenergiques/An-,,,
PTM5244,"-inhalation, flacon de 120 doses",/ Salméterol xinafoate,Pneumologie tiasthmatique,"6723,5",9605,
"",,Losartan potassique,Antihypertenseur(sar- Cardiologie-angeio-,,,
PTM5245,"CZARTAN 50 mg comprimé, boîte de 30",-50 mg,tan) logie,"2740,5",3915,
"",,Cholécalciférol (Vita-,Médicament de l’Os-,,,
PTM5246,"D3 ACTIVE DENK comprimé, boîte de 100",-mine D3),Traumatologie téoporose,5040,7200,
"","D3 JUNIOR DENK comprimé, boîte de 4 blisters de",Cholécalciférol (vita-,Médicament de l’Os-,,,
PTM5247,,,Traumatologie,"4252,5",6075,-
"",25,mine D3),téoporose,,,
"",,,Solutions pour perfu-,,,
"",,,Anesthésie - Réani-,,,
PTM5248,"D5 solution pour perfusion, flacon de 500 ml",Glucosé,sion -mation,525,750,
"",,,Solutions pour perfu-,,,
"",,,Anesthésie - Réani-,,,
PTM5249,"D50 solution pour perfusion, flacon de 500 ml",Glucosé,sion -mation,875,1250,
"","DACEFIA 1g poudre pour solution injectable, boîte",Céftriaxone sodium,Antibacterien(Cepha- Infectiologie-parasi-,,,
PTM5250,-de 1 flacon + solvant,(1 g),losporines) tologie,392,560,
CODES,DESIGNATION,COMPOSITION,"SOUS CLASSEPHARMACO-THERAPEUTIQUE","CLASSE PHARMACO-THERAPEUTIQUE","PRIX BASE DEREMBOURSEMENT (G) x 70%","PRIXPUBLIC","ACCORDPREALABLE"
PTM5251,"DACOF PEDIATRIC sirop, flacon de 100 ml","Diphényldramine HCL/Citrate de sodium/Menthol",Mucolytique,Pneumologie,1337,1910,-
PTM5252,"DACOLD gélule, boîte de 10","Pseudoéphédrine/Paracetamol/ Chlorphe-niramine/ Caféine",Mucolytique,Pneumologie,833,1190,-
PTM1285,"DACRYOSERUM solution pour lavage ophtalmiqueen récipient unidose, boîte de 20.",Acide borique,Antiseptique,Ophtalmologie,2128,3040,-
PTM1289,"DAFLON 500 mg comprimé pelliculé, boîte de 30","Fraction flavonoïquepurifiée microniséeCorrespondant à :Diosmine : 90 pour cent/ Flavonoïdes exprimésen hespéridine : 10pour cent",Veinotonique,"Gastro-Entero-He-patologie",3262,4660,-
PTM5253,"DAFLON 1000 mg comprimé pelliculé, boîte de 30","Fraction flavonoïquepurifiée microniséeCorrespondant à :Diosmine : 90 pour cent/ Flavonoïdes exprimésen hespéridine : 10pour cent",Veinotonique,"Gastro-Entero-He-patologie","6534,5",9335,-
PTM5254,"DAFRAZOL® IV 40 mg poudre pour solutioninjectable, boîte de 1 flacon + solvant",Oméprazole,"Inhibiteur de la secre-tion d’acide","Gastro-Entéro-Hépathologie",3136,4480,-
PTM1290,"DAFRAZOL®  20 mg gelulles , boîte 28",Oméprazole,"Inhibiteur de la secre-tion d’acide","Gastro-Entéro-Hépathologie","5435,5",7765,-
PTM1291,"DAFRAZOL®  20 mg gelulles ,bte14",Oméprazole,"Inhibiteur de la secre-tion d’acide","Gastro-Entéro-Hépathologie","3482,5",4975,-
"",,,SOUS CLASSE,PRIX BASE DE,,
"",,,CLASSE PHARMACO-,,PRIX,ACCORD
CODES,DESIGNATION,COMPOSITION,PHARMACO-,REMBOURSE,,
"",,,THERAPEUTIQUE,,PUBLIC,PREALABLE
"",,,THERAPEUTIQUE,MENT (G) x 70%,,
"",,Solution concentrée,,,,
"",,d’hypochlorite de,,,,
PTM1294,DAKIN COOPER STABILISE flacon de 500 ml,sodium/ Quantité,Antiseptique Dermatologie,1435,2050,-
"",,correspondant à chlore,,,,
"",,actif,,,,
PTM1296,"DAKTARIN 2% gel bucal, tube de 40 g",Miconazole,Antifongique local Dermatologie,3143,4490,-
"",,,Inhibiteur de la Gastro-Entero-He-,,,
PTM5255,"DAMERO 20 mg gélules, boîte de 2 blisters de 10",Oméprazole,-pompe à proton patologie,700,1000,
"",DAMOLE 250 mg/5 mL poudre pour suspension,,Infectiologie-parasi-,,,
PTM5256,"-buvable, flacon de 100 Ml",Amoxicilline,Antibacterien tologie,350,500,
"","DAOXONE 1 g poudre pour solution injectable, boîte",,Antibactérien Infectiologie-parasi-,,,
PTM5257,-de 1 flacon + solvant de 10 ml,Ceftriaxone,(céphalosporines) tologie,1393,1990,
"","D-ARTEPP 40 mg/320 mg comprimé pelliculé, boîte",Dihydroartémisinine/,Infectiologie-parasi-,,,
PTM5258,-de 9,Pipéraquine,Antipaludique tologie,"2194,5",3135,
"","D-ARTEPP 40 mg/320 mg comprimé dispersible,",Dihydroartémisinine/,Infectiologie-parasi-,,,
PTM5259,-boîte de 6,Pipéraquine,Antipaludique tologie,1827,2610,
"","D-ARTEPP® 20/160 mg comprimé dispersible, boîte",Dihydroartémisinine/,Infectiologie-parasi-,,,
PTM5260,-de 6,Pipéraquine,Antipaludique tologie,"913,5",1305,
"","D-ARTEPP® 30/240 mg comprimé dispersible, boîte",Dihydroartémisinine/,Infectiologie-parasi-,,,
PTM5261,-de 6,Pipéraquine,Antipaludique tologie,1057,1510,
"",,Pipéraquine tétraphos-,,,,
"",,,Infectiologie-parasi-,,,
PTM5262,"D-ARTEPP® 60 mg/ 480 mg comprimés, boîte de 6",phate 60 mg / Dihy- -tologiedroartémisinine 480 mg,Antipaludique,2191,3130,
"","Pipéraquine tétraphos-D-ARTEPP® 80/640 mg comprimé pelliculé, boîte de",,Infectiologie-parasi-,,,
PTM5263,,phate 60 mg / Dihy-,Antipaludique,2513,3590,-
"",6,tologiedroartémisinine 480 mg,,,,
"",DAREXYL® poudre pour suspension buvable en,,Gastro-Entero-He-,,,
PTM5264,"-sachets, boîte de 10",Diosmectite,Antidiarrhéique patologie,903,1290,
"",,,Infectiologie-parasi-,,,
PTM1320,"DATIZOLE 500 mg comprimé, boite de 4",Tinidazole,Antipaludique -tologie,777,1110,
"","DEBRIDAT 0,787 g/100 g suspension buvable, flacon",,Antispasmodique Gastro-Entéro-,,,
PTM1326,-de 250 ml,Trimébutine base,musculotrope Hépathologie,"2054,5",2935,
CODES,DESIGNATION,COMPOSITION,"SOUS CLASSEPHARMACO-THERAPEUTIQUE","CLASSE PHARMACO-THERAPEUTIQUE","PRIX BASE DEREMBOURSEMENT (G) x 70%","PRIXPUBLIC","ACCORDPREALABLE"
PTM1325,"DEBRIDAT 4,8 mg/ml granulé pour suspensionbuvable, flacon de 125 ml",Trimébutine base,"Antispasmodiquemusculotrope","Gastro-Enté-ro-Hépathologie","1543,5",2205,-
PTM1324,DEBRIDAT Cpr pell B/30,Trimébutine base,"Antispasmodiquemusculotrope","Gastro-Enté-ro-Hépathologie","3545,5",5065,-
PTM1328,"DECODERM Tri crème, tube de 25 g","Acétate de 21-flupre-dnidène/ Nitrate demiconazole","Corticoïde +antifongique",Dermatologie,2968,4240,-
PTM5265,"DECONIL 0,05% p/v gouttes nasales, flacon de 10 ml",Xylométazoline,Decongestionnant,"Oto-Rino-Laryngo-logie","836,5",1195,-
PTM1332,"DEFAL 30 mg comprimé, boîte de 10",Déflazacort,Corticostéroïde,Rhumatologie,"5463,5",7805,-
PTM1333,"DEFAL 6 mg comprimé, boîte de 20",Déflazacort,Corticostéroïde,Rhumatologie,"2621,5",3745,-
PTM5266,"DEKSALGIN 25 mg comprimé pelliculé, boîte de 20",Dexcétoprofène,"Anti-inflammatoiresnon stérodiens",Anti-inflammatoires,1827,2610,-
PTM5267,"DEKSALGIN 50 mg/2 ml solution injectable, boîte de6 ampoules",Dexcétoprofène,"Anti-inflammatoiresnon stérodiens",Anti-inflammatoires,2191,3130,-
PTM5268,"DELPRIM 300 mg comprimé, boîte de 3",Triméthoprime,"Antibacterien (sulfo-namides)","Infectiologie-parasi-tologie",3829,5470,-
PTM5269,"DENK-AIR 10 mg comprimé pelliculé, boîte de 28",Montélukast sodique,Antiasthmatique,Pneumologie,8225,11750,-
PTM5270,"DENK-AIR Junior 4 mg comprimé à croquer, boîte de28",Montélukast sodique,Antiasthmatique,Pneumologie,6853,9790,-
PTM5271,"DENK-AIR Junior 5 mg comprimé à croquer, boîte de28",Montélukast sodique,Antiasthmatique,Pneumologie,"7311,5",10445,-
PTM1342,"DEPAKINE 200mg/ml solution buvable, flacon(+sering) de 40ml",Valproate de sodium,Antiépileptique,Psychiatrie,3290,4700,-
PTM1340,"DEPAKINE 500 mg comprimé gastro-résistant, boîtede 40",Valproate de sodium,Antiépileptique,Psychiatrie,"5435,5",7765,-
PTM7276,"DEPAKINE 57,64mg/ml sirop, flacon de 150 ml",Valproate de sodium,Antiépileptique,Psychiatrie,"3552,5",5075,-
"",,,SOUS CLASSE,PRIX BASE DE,,
"",,,CLASSE PHARMACO-,,PRIX,ACCORD
CODES,DESIGNATION,COMPOSITION,PHARMACO-,REMBOURSE,,
"",,,THERAPEUTIQUE,,PUBLIC,PREALABLE
"",,,THERAPEUTIQUE,MENT (G) x 70%,,
"",,,Formes nasales à,,,
"","DERINOX solution pour pulvérisation nasale, flacon",Prednisolone/ Na-,visée Oto-Rino-Laryngo-,,,
PTM1346,-de 15 ml,phazoline,antibactérienneet/ logie,"1515,5",2165,
"",,,ou anti-inflammatoire,,,
"",,Anti-inflammatoires Bétaméthasone vale-,,,,
PTM5272,"DERMASAL pommade dermique, tube de 30 g",-rate/ Acide Salycilique,stéroïdiens (AIS) : Dermatologie,"1669,5",2385,
"",,,corticoïdes,,,
"",,Kétoconazole/ Py-,,,,
"",,,Infectiologie-parasi-,,,
PTM5273,"DERMAZOLE PLUS shampooing, flacon de 100 mL",rithione zincique,Antifongique -tologie,3199,4570,
"",,Kétoconazole/ Py-,,,,
"",,rithione zincique,Infectiologie-parasi-,,,
PTM5274,"DERMAZOLE 2% crème, tube de 15 g",,Antifongique,"1095,5",1565,-
"",,,tologie,,,
"",,,Infectiologie-parasi-,,,
PTM1352,"DERMOFINE 250 mg comprimé, boîte de 10",Griséofulvine,Antifongique -tologie,"437,5",625,
"",,,Infectiologie-parasi-,,,
PTM1355,"DERZOLE  150 mg gélule, boîte de 1",Fluconazole,Antifongique -tologie,1645,2350,
PTM5276,"DESLATYNE® 5 mg comprimé pelliculé, boîte de 10",Desloratadine,Antihistaminique H1 Allergologie,1372,1960,-
PTM5277,"DESLORA-Denk 5 mg comprimé pelliculé, boîte de 10",Desloratadine,Antihistaminique H1 Allergologie,1827,2610,-
"",DESLOCREAT® 5 mg (Desloratadine) comprimé,,,,,
PTM5278,"-pelliculé, étui de 1 blister de 10",Desloratadine,Antihistaminique H1 Allergologie,1372,1960,
"","DESLORATADINE BIOGARAN® 5 mg comprimé  ,",,,,,
PTM5279,-boîte de 30,Desloratadine,Antihistaminique H1 Allergologie,2968,4240,
"","DESLORATADINE BIOGARAN®  5 mg comprimé  ,",,,,,
PTM5280,-boîte de 15,Desloratadine,Antihistaminique H2 Allergologie,1645,2350,
"","DESLORATADINE SP® 5 mg comprimé pelliculé, boîte",,,,,
PTM5281,-de 10,Desloratadine,Antihistaminique H1 Allergologie,"1095,5",1565,
"","DESLORATADINE GH® 5 mg comprimé pelliculé, boîte",,,,,
PTM5282,-de 15,Desloratadine,Antihistaminique H1 Allergologie,"1123,5",1605,
"","DESOMEDINE 0,1% collyre en solution, flacon de 10",Di-iséthionate d’hexa-,,,,
PTM1359,,,Antiseptique local Ophtalmologie,1253,1790,-
"",ml,midine,,,,
CODES,DESIGNATION,COMPOSITION,"SOUS CLASSEPHARMACO-THERAPEUTIQUE","CLASSE PHARMACO-THERAPEUTIQUE","PRIX BASE DEREMBOURSEMENT (G) x 70%","PRIXPUBLIC","ACCORDPREALABLE"
PTM1361,"DETENSIEL 10 mg comprimé pelliculé sécable, boîtede 30","Hémifurate de biso-prolol","Antihypertenseurbetabloquant","Cardiologie-angeio-logie",3647,5210,-
PTM5283,"DEXA COLLYRE 0,1% flacon de 5 ml",Dexaméthasone+HPMC,"Antibactérien(Corticostéroïde)",Ophtalmologie,1400,2000,-
PTM5284,"DEXA PN Collyre, flacon de 10 ml","Dexaméthasone+Poly-mixine+Néomycines","Antibactérien(Corticostéroïde)",Ophtalmologie,1750,2500,-
PTM1364,"DEXAMETHASONE Collyre, flacon de 10 ml",Dexaméthasone,"Antibactérien(Corticostéroïde)",Ophtalmologie,483,690,-
PTM5285,"DEXATOBRIN pommade ophtalmique, tube de 5 g","Dexaméthasone/Tobramycine","Antibactérien(Corticostéroïde)",Ophtalmologie,"941,5",1345,-
PTM5286,"DEXATOBRIN suspension ophtalmique, flacon de 5ml","Dexaméthasone/Tobramycine","Antibactérien(Corticostéroïde)",Ophtalmologie,"941,5",1345,-
PTM5287,"DEXORICH sirop, flacon de 200 ml","Citrate d’ammoniumferrique/ Acide folique/Cyanocobalamine",Antianémique,Hematologie,1491,2130,-
PTM5288,"DEXRAIN 4 mg solution injectable, boîte de 10ampoules de 2 ml",Dexaméthasone,"Anti-inflammatoiresstérodiens",Anti-inflammatoires,"1508,5",2155,-
PTM1377,"DIACOL sirop, flacon de 200 ml",Dextrométhorphane,Antitussifs narcotiques,Pneumologie,"1921,5",2745,-
PTM5289,"DIAFORMINE 1000 comprimé, boîte de 30",Metformine,Antidiabétiques oraux,"Metabolisme- nu-trition-diabete",2093,2990,-
PTM5290,"DIAFORMINE 500 comprimé, boîte de 30",Metformine,Antidiabétiques oraux,"Metabolisme- nu-trition-diabete","731,5",1045,-
PTM5291,"DIAFORMINE 850 comprimé, boîte de 30",Metformine,Antidiabétiques oraux,"Metabolisme- nu-trition-diabete",1827,2610,-
PTM1378,"DIAGLIM 1 mg comprimé, boite de 30",Glimépiride,Antidiabétiques oraux,"Metabolisme- nu-trition-diabete","2649,5",3785,-
PTM1379,"DIAGLIM 2 mg comprimé, boite de 30",Glimépiride,Antidiabétiques oraux,"Metabolisme- nu-trition-diabete",3472,4960,-
PTM5292,"DIAGLINIDE® 0,5 mg comprimé, boîte de 30",Répaglinide,Antidiabétiques oraux,"Metabolisme- nu-trition-diabete",3178,4540,-
"",,,SOUS CLASSE,PRIX BASE DE,
"",,,CLASSE PHARMACO-,PRIX,ACCORD
CODES,DESIGNATION,COMPOSITION,PHARMACO-,REMBOURSE,
"",,,THERAPEUTIQUE,PUBLIC,PREALABLE
"",,,THERAPEUTIQUE,MENT (G) x 70%,
"",,,Metabolisme- nu-,,
PTM5294,"DIAGLINIDE® 2 mg comprimé, boîte de 30",Répaglinide,Antidiabétiques oraux -trition-diabete,4277 6110,
"",DIAMICRON 60 mg comprimé sécable à libération,,Metabolisme- nu-,,
PTM1387,"-modifiée, boîte de 30",Gliclazide,Antidiabétiques oraux trition-diabete,9100 13000,
"",,,Metabolisme- nu-,,
PTM1388,"DIAMIN 1000 mg comprimé pelliculé, boîte de 30",Metformine,Antidiabétiques oraux -trition-diabete,"2292,5 3275",
"","DIAMIN® PLUS 500 mg/2,5 mg comprimé pelliculé,",Metformine/ Glibencla-,Metabolisme- nu-,,
PTM5295,-boîte de 30,mide,Antidiabétiques oraux trition-diabete,"2467,5 3525",
"","Antalgiques-Antipy-DIANTALEX 50 mg/500 mg/250 mg comprimé, boîte",Diclofénac/ Paracéta-,,,
PTM5296,-de 10,mol/ Chlorzoxazone,Antalgiques+AINS rétiques-Antispas-,"493,5 705",
"",,,modiques,,
"",,Glimépiride/ Metfor-,Metabolisme- nu-,,
PTM5297,"DIAPRIDE PLUS 2 comprimé, boîte de 30",-mine,Antidiabétiques oraux trition-diabete,"3482,5 4975",
"",,Glimépiride/ Metfor-,Metabolisme- nu-,,
PTM5298,"DIAPRIDE PLUS 1 comprimé, boîte de 30",-mine,Antidiabétiques oraux trition-diabete,"2649,5 3785",
"","DIARTEM IG poudre pour suspension orale, flacon",Dihydroartémisinine/,Infectiologie-parasi-,,
PTM5300,-de 120 mL,Pipéraquine,Antipaludique tologie,"2481,5 3545",
"",DIARTEM IG 120 mg/960 mg Adultes comprimé,Dihydroartémisinine/,Infectiologie-parasi-,,
PTM5301,"-pelliculé, boîte de 3",Pipéraquine,Antipaludique tologie,2009 2870,
"","DIARTEM IG 40 mg/320 mg comprimés pelliculés,",Dihydroartémisinine/,Infectiologie-parasi-,,
PTM5302,-boîte de 12,Pipéraquine,Antipaludique tologie,2100 3000,
"",,Lopéramide/ Siméti-,Gastro-Enté-,,
PTM5303,"DIARZIL® 2 mg/125 mg comprimé, boîte de 12",-cone,Antidiarrhéique ro-Hépathologie,1050 1500,
"",,,Gastro-Enté-,,
PTM1393,"DIARYL Gellule 200 mg, B/20",Nifuroxazide,Antidiarrhéique -ro-Hépathologie,1225 1750,
"",,,Gastro-Enté-,,
PTM1392,DIARYL sirop Fl/100ml,Nifuroxazide,Antidiarrhéique -ro-Hépathologie,1379 1970,
"","DICACILLINE 1,2 MUI poudre pour injection+",,,,
"",,Benzathine benzylpeni-,Infectiologie-parasi-,,
PTM5304,ampoule d’eau pour préparation injectable 5 mL + tologieseringue et aiguille,-cilline,Antibacterien,903 1290,
"","DICACILLINE 2,4 MUI poudre pour injection+",,,,
"",,Benzathine benzylpeni-,Infectiologie-parasi-,,
PTM5305,ampoule d’eau pour préparation injectable 8 mL + tologieseringue et aiguille,-cilline,Antibacterien,"1151,5 1645",
CODES,DESIGNATION,COMPOSITION,"SOUS CLASSEPHARMACO-THERAPEUTIQUE","CLASSE PHARMACO-THERAPEUTIQUE","PRIX BASE DEREMBOURSEMENT (G) x 70%","PRIXPUBLIC","ACCORDPREALABLE"
PTM1398,"DICETEL 100 mg comprimé pelliculé, boîte de 30",Pinavérium,"Antogonistes calciquesGastro-intestinaux","Gastro-Enté-ro-Hépathologie",5061,7230,-
PTM1400,"DICETEL 50 mg comprimé pelliculé, boîte de 20",Pinavérium,"Antogonistes calciquesGastro-intestinaux","Gastro-Enté-ro-Hépathologie","2467,5",3525,-
PTM5306,"DICHLOR-12,5 comprimé, boîte de 30",Chlortalidone,"Antihypertenseurdiurétique","Cardiologie-angeio-logie","1508,5",2155,-
PTM5307,"DICHLOR-25 comprimé, boîte de 30",Chlortalidone,"Antihypertenseurdiurétique","Cardiologie-angeio-logie","2201,5",3145,-
PTM5308,"DICHLOR-50 comprimé, boîte de 30",Chlortalidone,"Antihypertenseurdiurétique","Cardiologie-angeio-logie",2758,3940,-
PTM1401,"DICLAC® 100 mg suppositoire, boîte de 10",Diclofénac,"Anti-inflammatoiresnon stérodiens",Anti-inflammatoires,2009,2870,-
PTM5309,"DICLIN 50 mg comprimé, boîte de 20",Diclofénac,"Anti-inflammatoiresnon stérodiens",Anti-inflammatoires,840,1200,-
PTM5310,"DICLIN 15 mg/ml goutte , flacon de 15 ml",Diclofénac,"Anti-inflammatoiresnon stérodiens",Anti-inflammatoires,567,810,-
PTM1404,"DICLIN 75 mg solution injectable, boîte de 2ampoules de 3 ml",Diclofénac,"Anti-inflammatoiresnon stérodiens",Anti-inflammatoires,"528,5",755,-
PTM5311,"DICLIN gel, tube de 30 g",Diclofénac,"Anti-inflammatoiresnon stérodiens",Anti-inflammatoires,"1172,5",1675,-
PTM5312,"DICLOAS-50 mg comprimés pelliculés, boîte 20",Diclofénac,"Anti-inflammatoiresnon stérodiens",Ant-inflammatoires,"822,5",1175,-
PTM5313,"DICLO CARE 100 mg comprimé pelliculé gastro-résistant, boîte de 10",Diclofénac,"Anti-inflammatoiresnon stérodiens",Anti-inflammatoires,707,1010,-
PTM5314,"DICLO CARE 50 mg comprimé pelliculé gastro-résistant, boîte de 10",Diclofénac,"Anti-inflammatoiresnon stérodiens",Anti-inflammatoires,511,730,-
PTM5315,"DICLO PHARMA 50 mg, boîte de 20 cp sous blister",Diclofénac,"Anti-inflammatoiresnon stérodiens",Anti-inflammatoires,"1690,5",2415,-
PTM5316,"DICLO PHARMA 100 mg suppositoire, boîte de 10",Diclofénac,"Anti-inflammatoiresnon stérodiens",Anti-inflammatoires,"1508,5",2155,-
"",,,SOUS CLASSE,PRIX BASE DE,,
"",,,CLASSE PHARMACO-,,PRIX,ACCORD
CODES,DESIGNATION,COMPOSITION,PHARMACO-,REMBOURSE,,
"",,,THERAPEUTIQUE,,PUBLIC,PREALABLE
"",,,THERAPEUTIQUE,MENT (G) x 70%,,
"","DICLOCED 1 mg/ml collyre en solution, flacon de 10",,Anti-inflammatoires,,,
PTM1410,,Diclofénac,Anti-inflammatoires,3563,5090,-
"",ml,,non stérodiens,,,
"",,,Anti-inflammatoires,,,
PTM1411,DICLODEL L.P 100 mg comprimés boite de 12.,Diclofénac,-non stérodiensAnti-inflammatoires,"2005,5",2865,
"",DICLO-DENK 100 mg comprimé à libération,,Anti-inflammatoires,,,
PTM1406,"-prolongée, boîte de 10",Diclofénac,Anti-inflammatoires non stérodiens,"773,5",1105,
"",,,Anti-inflammatoires,,,
PTM1405,"DICLO-DENK 100 mg  Rectal, boîte de 10",Diclofénac,-non stérodiensAnti-inflammatoires,1617,2310,
"","DICLO-DENK 50 mg comprimé gastro résistant, boîte",,Anti-inflammatoires,,,
PTM1408,-de 10,Diclofénac,Anti-inflammatoires non stérodiens,"353,5",505,
"",,,Anti-inflammatoires,,,
PTM1409,DICLO-DENK 75 mg injectable/ 1 ampoule de 3 ml,Diclofénac,-non stérodiensAnti-inflammatoires,"2362,5",3375,
"",,,Anti-inflammatoires,,,
PTM5318,"DICLOFENAC TM 50 mg comprimé, plaquette  de 10",Diclofénac,-non stérodiensAnti-inflammatoires,798,1140,
"",,,Anti-inflammatoires,,,
PTM1418,"DICLOMAX 50 mg comprimé, boîte de 20",Diclofénac,-non stérodiensAnti-inflammatoires,1645,2350,
"",,,Anti-inflammatoires,,,
PTM1420,"DICLOMAX LP 100 mg gélule, boîte de 10",Diclofénac,-non stérodiensAnti-inflammatoires,1827,2610,
"",,,Anti-inflammatoires,,,
PTM1419,"DICLOMAX LP 75 gélule, boîte de 20",Diclofénac,-non stérodiensAnti-inflammatoires,"2922,5",4175,
"",,Antalgiques-Antipy-Diclofénac/ Paracéta-,Anti-inflammatoires,,,
PTM5319,"DICLOPAA 50 mg/500 mg comprimé, boîte de 10",-mol,non stérodiens+antal- rétiques-Antispas-,"1046,5",1495,
"",,,gique modiques,,,
"",,Antalgiques-Antipy-Diclofénac/ Paracéta-,Anti-inflammatoires,,,
PTM1421,"DICLOPAR comprimé, boîte de 10",-mol,non stérodiens+antal- rétiques-Antispas-,"738,5",1055,
"",,,gique modiques,,,
"",,Antalgiques-An-Anti-inflammatoires Diclofénac/ Paracéta-,tipyrétiques-an-,,,
PTM1422,"DICLOPAR  PLUS comprimé, boîte de 10",-mol+myorexant,non stérodiens+antal- ti-inflammatoire gique,1827,2610,
"",,,myorexant,,,
"",,Antalgiques-An-Anti-inflammatoires Diclofénac/ Paracéta-,tipyrétiques-an-,,,
PTM5320,"DICLOSON-P 50 mg/500 mg comprimé, boîte de 30",-mol,non stérodiens+antal- ti-inflammatoire gique,1736,2480,
"",,,myorexant,,,
CODES,DESIGNATION,COMPOSITION,"SOUS CLASSEPHARMACO-THERAPEUTIQUE","CLASSE PHARMACO-THERAPEUTIQUE","PRIX BASE DEREMBOURSEMENT (G) x 70%","PRIXPUBLIC","ACCORDPREALABLE"
PTM5321,"DICLOTOL 100 mg comprimé pelliculé, boîte de 10",DiclofénaC,"Anti-inflammatoiresnon stérodiens",Anti-inflammatoires,770,1100,-
PTM1423,"DICLOWAL 4% spray solution pour pulvérisationcutanée, flacon de 30 Ml",DiclofénaC,"Anti-inflammatoiresnon stérodiens",Anti-inflammatoires,"1746,5",2495,-
PTM5322,"DICNAC SR-75 gélule à libération prolongée, boîte de2X10",Diclofénac,"Anti-inflammatoiresnon stérodiens",Anti-inflammatoires,2926,4180,-
PTM1430,"DICYNONE 250 mg/2ml solution injectable, boite de4 ampoules",Etamsylate,Thrombolytique,Gynécologique,"1963,5",2805,-
PTM1432,"DICYNONE 500mg gélule, boite de 20",Etamsylate,Thrombolytique,Gynécologique,"3608,5",5155,-
PTM5323,"DIFAL 50 mg comprimé enrobé, boîte de 30",Diclofénac,"Anti-inflammatoiresnon stérodiens",Anti-inflammatoires,2009,2870,-
PTM1433,"DIFENASOL solution ophtalmique,flacon de 5 ml",Diclofénac sodique,"Anti-inflammatoiresnon stérodiens",Anti-inflammatoires,"703,5",1005,-
PTM5324,"DIFLAMMEX 50 mg comprimé enrobé, boîte de 20",Diclofenac,"Anti-inflammatoiresnon stérodiens",Anti-inflammatoires,"1599,5",2285,-
PTM1435,"DIFLAMMEX 50 mg comprimé enrobé, boîte de 40",Diclofenac,"Anti-inflammatoiresnon stérodiens",Anti-inflammatoires,3199,4570,-
PTM1438,"DIFRAREL 100 comprimé enrobé, boîte de 20","Bêta-carotène/Myrtilleextrait anthocyanosi-dique",Vasculoprotecteur,Cardiologie-,2541,3630,-
PTM1439,"DIFRAREL E comprimé enrobé, boîte de 24","Alpha-tocophérolacétate/Myrtille extraitanthocyanosidique",Vasculoprotecteur,Cardiologie-,1827,2610,-
PTM1436,"DIFLUCAN 150 mg gélule, boîte de 4",Fluconazole,Antifongique,"Infectiologie-parasi-tologie","15242,5",21775,-
PTM5325,"DIGREL 75 mg comprimé pelliculé, boîte de 28",Clopidogrel,"Antiagrégantplaquettaire",Cardiologie,"2103,5",3005,-
PTM1447,"DILATRANE 100 mg gélule à  libération prolongée,boîte de 30",Théophylline,Antiasthmatique,Pneumologie,1043,1490,-
PTM1448,"DILATRANE 200 mg gélule à  libération prolongée,boîte de 30",Théophylline,Antiasthmatique,Pneumologie,1169,1670,-
"",,,SOUS CLASSE,PRIX BASE DE,,
"",,,CLASSE PHARMACO-,,PRIX,ACCORD
CODES,DESIGNATION,COMPOSITION,PHARMACO-,REMBOURSE,,
"",,,THERAPEUTIQUE,,PUBLIC,PREALABLE
"",,,THERAPEUTIQUE,MENT (G) x 70%,,
"",,,Antiparasitaires,,,
"",,,Infectiologie-parasi-,,,
PTM1451,"DIMETANE sirop, flacon de 200 ml",Pholcodine,systémiques (Scabi- -tologiecide),"1984,5",2835,
"",,Extrait de Securidaca,Vasculoprotecteur et Dermatologie-An-,,,
PTM1452,"DIMITANA pommade, tube de 30 g",-longipedunculata,veinotonique talgique,"927,5",1325,
"",,,Anti-inflammatoires,,,
PTM5327,"DIMS 75 mg/200 mcg comprimé, boîte de 15",Diclofenac/ Misoprostol,-non steroidiensAnti-inflammatoires,"1053,5",1505,
"",,Diosmine (quantité,,,,
"",,,Veinotrope et capilla- Cardiologie-angeio-,,,
PTM1455,"DIOVENOR 600 mg comprimé, boîte de 15",exprimée en diosmine logieanhydre et pure),-rotrope,"4112,5",5875,
"",,Diosmine (quantité,,,,
"",,,Veinotrope et capilla- Cardiologie-angeio-,,,
PTM1456,"DIOVENOR 600 mg comprimé, boîte de 30",exprimée en diosmine logieanhydre et pure),-rotrope,"8816,5",12595,
"",,Hydroxyde d’Alumi-,,,,
"",,nium/ Hydroxyde de,Antiacide+pansement Gastro-Entéro-,,,
PTM5328,"DIOVOL FORTE suspension buvable, flacon de 200 ml",-Magnésium/ Simé-,gastrique Hépathologie,840,1200,
"",,thicone,,,,
"","Antalgiques-Antipy-DIPARA 50 mg/500 mg comprimé enrobé, boîte de",,Antalgiques-Antipyré-,,,
PTM5329,,Diclofenac/Paracetamol,rétiques-Antispas-,"1046,5",1495,-
"",10,,tiques+AINS,,,
"",,,modiques,,,
"",,Bétaméthasone/ Pro-,,,,
"",,pylène glycol/ Stréarate,,,,
PTM1462,"DIPROLENE 0,05%, pommade, tube de 15 g",de Propylène glycol/,Dermocorticoïdes Dermatologie,"1186,5",1695,-
"",,Cire Blanche/ Vaseline,,,,
"",,blanche,,,,
"",,Bétaméthasone/ Pro-,,,,
"",,pylène glycol/ Stréarate,,,,
PTM1464,"DIPROSALIC pommade, tube de 30 g",de Propylène glycol/,Dermocorticoïdes Dermatologie,1946,2780,-
"",,Cire Blanche/ Vaseline,,,,
"",,blanche,,,,
PTM1469,"DIPROSONE 0,05% crème, tube de30 g",Betaméthasone,Dermocorticoïdes Dermatologie,2093,2990,-
PTM1470,"DIPROSONE 0,05% pommade, tube de 30 g",Betaméthasone,Dermocorticoïdes Dermatologie,2093,2990,-
CODES,DESIGNATION,COMPOSITION,"SOUS CLASSEPHARMACO-THERAPEUTIQUE","CLASSE PHARMACO-THERAPEUTIQUE","PRIX BASE DEREMBOURSEMENT (G) x 70%","PRIXPUBLIC","ACCORDPREALABLE"
PTM1473,"DIPROSTENE® suspension injectable en seringuepré-remplie, boîte de 1 seringue + 2 aiguilles stériles","Dipropionate de béta-méthasone (quantitécorrespondante enbétaméthasone 5 mg)/Phosphate disodique debétaméthasone (quan-tité correspondante enbétaméthasone 2 mg)",Dermocorticoïdes,Dermatologie,"3125,5",4465,-
PTM1475,"DISLEP 25 mg comprimés, boîte de 20",Lévosulpiride,Antipsychotique,Psychiatrie,"4203,5",6005,-
PTM1474,"DISLEP 25 mg solution inj, boîte de 6 amp de 2 ml",Lévosulpiride,Antipsychotique,Psychiatrie,"4203,5",6005,-
PTM1476,"DISMATEX gélule, boîte de 30",Extrait sec agnus castus,"Contaception(Régulateur du cyclemenstruel)","Gynécologie -Obsté-trique","4567,5",6525,-
PTM5332,"DISMIGRAS 10 mg comprimé pelliculé, boîte de 30",Rosuvastatine,Hypolipémiants,"Cardiologie-Angeio-logie","2922,5",4175,-
PTM5333,"DISMIGRAS 20 mg comprimé pelliculé, boîte de 30",Rosuvastatine,Hypolipémiants,"Cardiologie-Angeio-logie","4385,5",6265,-
PTM5334,"DISMIGRAS 5 mg comprimé pelliculé, boîte de 30",Rosuvastatine,Hypolipémiants,"Cardiologie-Angeio-logie","2194,5",3135,-
PTM1477,"DISTEM comprimé, boîte de 50","Paracétamol+Metho-carbamol","Antalgique+myore-laxant","Antalgiques-Antipy-rétiques-Antispas-modiques","2922,5",4175,-
PTM1479,"DISWAR PLUS  250 mg + 62,5 mg/5ml, suspensionorale, flacon de 60 ml","Amoxicilline/ Acideclavulanique","Antibacterien(Penicil-lines)","Infectiologie-parasi-tologie",2933,4190,-
PTM5335,"DISWAR PLUS  500 mg sachets, Boite de 14","Amoxicilline/ Acideclavulanique","Antibacterien(Penicil-lines)","Infectiologie-parasi-tologie",2954,4220,-
PTM5336,"DISWAR PLUS  1000 mg sachets, Boite de 14","Amoxicilline/ Acideclavulanique","Antibacterien(Penicil-lines)","Infectiologie-parasi-tologie",4130,5900,-
PTM1480,"DITROPAN®5 mg comprimé sécable, boîte de 60",Oxybutynine,"Antispasmodiqueurinaire",Urologie,4851,6930,-
"",,,SOUS CLASSE,PRIX BASE DE,,
"",,,CLASSE PHARMACO-,,PRIX,ACCORD
CODES,DESIGNATION,COMPOSITION,PHARMACO-,REMBOURSE,,
"",,,THERAPEUTIQUE,,PUBLIC,PREALABLE
"",,,THERAPEUTIQUE,MENT (G) x 70%,,
"",,,Anti-inflammatoires,,,
PTM5338,"DOLEREX LP 100 mg gélule, boîte de 20",Diclofénac sodique,-non steroidiensAnti-inflammatoires,"1753,5",2505,
"",,,Anti-inflammatoires,,,
PTM5339,"DOLEX 0,1% collyre, flacon de 10 ml",Diclofénac,-non steroidiensAnti-inflammatoires,"1900,5",2715,
"",,,Anti-inflammatoires,,,
PTM5340,"DOLEX 50 mg comprimé, boîte de 30",Diclofénac,-non steroidiensAnti-inflammatoires,1141,1630,
"","DOLEX 75 mg/3 ml solution injectable, boîte de 5",,Anti-inflammatoires,,,
PTM5341,-ampoules,Diclofénac,Anti-inflammatoires non steroidiens,"913,5",1305,
"",DOLEX-SR 75 mg comprimé enrobé à libération,,Anti-inflammatoires,,,
PTM5342,"-prolongée, boîte de 30",Diclofénac,Anti-inflammatoires non steroidiens,"2285,5",3265,
"","Antalgiques-Antipy-DOLIMEX Perf® 10 mg/ml solution pour perfusion,",,Antalgiques -,,,
PTM5343,-poche de 100 ml,Paracétamol,rétiques-Antispas- Antipyrétiques,1260,1800,
"",,,modiques,,,
"",Antalgiques-Antipy-DOLIMEX® 500 mg poudre pour solution buvable en,,Antalgiques -,,,
PTM5344,"-sachets, boîte de 12",Paracétamol,rétiques-Antispas- Antipyrétiques,777,1110,
"",,,modiques,,,
"","Antalgiques-Antipy-DOLIMEX® 500 mg comprimés effervescents, boîte",,Antalgiques -Antipyré-,,,
PTM5345,-de 16,Paracétamol,tiques rétiques-Antispas-,777,1110,
"",,,modiques,,,
"","Antalgiques-Antipy-DOLIMEX® 1000 mg comprimés effervescents, boîte",,Antalgiques -Antipyré-,,,
PTM5346,-de 8,Paracétamol,tiques rétiques-Antispas-,"731,5",1045,
"",,,modiques,,,
"",Antalgiques-Antipy-DOLIMEX® 1000 mg poudre pour solution buvable,,Antalgiques -Antipyré-,,,
PTM5347,"-en sachets, boîte de 8",Paracétamol,tiques rétiques-Antispas-,"731,5",1045,
"",,,modiques,,,
"",,,Antalgiques -Antipyré- Antalgiques-Antipy-,,,
PTM5348,"DOLIMEX® 250 mg suppositoire, boîte de 10",Paracétamol,tiques rétiques-Antispas-,"738,5",1055,-
"",,,modiques,,,
"",,,Antalgiques -Antipyré- Antalgiques-Antipy-,,,
PTM6393,"DOLIMEX® 125 mg suppositoire, boîte de 10",Paracétamol,tiques rétiques-Antispas-,"738,5",1055,-
"",,,modiques,,,
"",Antalgiques-Antipy-DOLIMEX® 200 mg poudre pour solution buvable en,,Antalgiques -Antipyré-,,,
PTM5349,"-sachets, boîte de 12",Paracétamol,tiques rétiques-Antispas-,"857,5",1225,
"",,,modiques,,,
CODES,DESIGNATION,COMPOSITION,"SOUS CLASSEPHARMACO-THERAPEUTIQUE","CLASSE PHARMACO-THERAPEUTIQUE","PRIX BASE DEREMBOURSEMENT (G) x 70%","PRIXPUBLIC","ACCORDPREALABLE"
PTM5350,"DOLIMEX® 300 mg poudre pour solution buvable ensachets, boîte de 12",Paracétamol,"Antalgiques -Antipyré-tiques","Antalgiques-Antipy-rétiques-Antispas-modiques",868,1240,-
PTM5351,"DOLIMEX MIGRAINE® comprimé effervescent, boîtede 16",Paracétamol /Cafeine,"Antalgiques -Antipyré-tiques","Antalgiques-Antipy-rétiques-Antispas-modiques",1372,1960,-
PTM1493,"DOLIPRANE 1 g comprimé sec, boîte de 8",Paracétamol,"Antalgiques -Antipyrétiques","Antalgiques-Antipy-rétiques-Antispas-modiques",805,1150,-
PTM5352,"DOLIPRANE 1g comprimé sécable, boîte de 8",Paracétamol,"Antalgiques -Antipyré-tiques","Antalgiques-Antipy-rétiques-Antispas-modiques",784,1120,-
PTM1494,"DOLIPRANE 1 g comprimé effervescent, boîte de 8",Paracétamol,"Antalgiques -Antipyrétiques","Antalgiques-Antipy-rétiques-Antispas-modiques","822,5",1175,-
PTM1505,"DOLIPRANE 500 mg comprimé effervescent, boîtede 16",Paracétamol,"Antalgiques -Antipyré-tiques","Antalgiques-Antipy-rétiques-Antispas-modiques","857,5",1225,-
PTM1504,"DOLIPRANE 500 mg comprimé, boite de 16",Paracétamol,"Antalgiques -Antipyré-tiques","Antalgiques-Antipy-rétiques-Antispas-modiques","787,5",1125,-
PTM1499,"DOLIPRANE 2,4% sirop, flacon de  100 ml",Paracétamol,"Antalgiques -Antipyré-tiques","Antalgiques-Antipy-rétiques-Antispas-modiques",1078,1540,-
PTM1496,"DOLIPRANE 100 mg poudre pr sol buv, boite de 12sachets",Paracétamol,"Antalgiques -Antipyré-tiques","Antalgiques-Antipy-rétiques-Antispas-modiques",903,1290,-
PTM1498,"DOLIPRANE 150 mg poudre pour solution buvable,B/12 sachet",Paracétamol,"Antalgiques -Antipyré-tiques","Antalgiques-Antipy-rétiques-Antispas-modiques",903,1290,-
PTM1500,"DOLIPRANE 200 mg poudre pr sol buv, boite de 12sachets",Paracétamol,"Antalgiques -Antipyré-tiques","Antalgiques-Antipy-rétiques-Antispas-modiques",903,1290,-
PTM1502,"DOLIPRANE 300 mg poudre pr sol buv, boite de 12sachets",Paracétamol,"Antalgiques -Antipyré-tiques","Antalgiques-Antipy-rétiques-Antispas-modiques",903,1290,-
CODES,DESIGNATION,COMPOSITION,"SOUS CLASSEPHARMACO-THERAPEUTIQUE","CLASSE PHARMACO-THERAPEUTIQUE","PRIX BASE DEREMBOURSEMENT (G) x 70%","PRIXPUBLIC","ACCORDPREALABLE"
PTM1506,"DOLIPRANE 500mg poudre pour solution buvable,B/12 sachet",Paracétamol,"Antalgiques -Antipyré-tiques","Antalgiques-Antipy-rétiques-Antispas-modiques","787,5",1125,-
PTM1495,"DOLIPRANE 100 mg suppositoire, boîte de 10",Paracétamol,"Antalgiques -Antipyré-tiques","Antalgiques-Antipy-rétiques-Antispas-modiques","822,5",1175,-
PTM1497,"DOLIPRANE 150 mg suppositoire, boîte de 10",Paracétamol,"Antalgiques -Antipyré-tiques","Antalgiques-Antipy-rétiques-Antispas-modiques","822,5",1175,-
PTM1501,"DOLIPRANE 200 mg suppositoire, boîte de 10",Paracétamol,"Antalgiques -Antipyré-tiques","Antalgiques-Antipy-rétiques-Antispas-modiques","822,5",1175,-
PTM1503,"DOLIPRANE 300 mg suppositoire, boîte de 10",Paracétamol,"Antalgiques -Antipyré-tiques","Antalgiques-Antipy-rétiques-Antispas-modiques","822,5",1175,-
PTM1507,"DOLIPRANE VITAMINE C®  500 mg/150 mgcomprimé effervescent, boîte de 2 tubes de 8","Paracétamol/ AcideAscorbique","Antalgiques -Antipyrétiques+vita-mine C","Antalgiques-Antipy-rétiques-Antispas-modiques",959,1370,-
PTM1508,"DOLIPREX poudre pour susp orale, boite de 8sachets","Paracétamol/ Acideascorbique (vitamineC)/ Pseudoéphédrine(sulfate)","Antalgiques -Antipyrétiques - Dé-congestionnant","Oto-Rino-Laryngo-logie","1186,5",1695,-
PTM1509,"DOLIRHUME comprimé, boite de 16","Pseudoéphédrine chlo-rhydrate/ Paracétamol","Antalgique-Décongestionnant","Oto-Rino-Laryngo-logie","1781,5",2545,-
PTM1513,"DOLKO 1 g comprimé sécable, boîte de 8","Chlorhydrate dedextropropoxyphène/Paracétamol","Antalgiques -Antipyrétiques","Antalgiques -Antipyrétiques - An-tispasmodiques",749,1070,-
PTM1512,"DOLKO 500 mg comprimé, boîte de 16","Chlorhydrate dedextropropoxyphène/Paracétamol","Antalgiques -Antipyrétiques","Antalgiques -Antipyrétiques - An-tispasmodiques","787,5",1125,-
PTM5354,"DOLMED comprimé, boite de 30","Pseudoéphédrine chlo-rhydrate/ Paracétamol","Antalgique-Déconges-tionnant","Oto-Rino-Laryngo-logie",2842,4060,-
CODES,DESIGNATION,COMPOSITION,"SOUS CLASSEPHARMACO-THERAPEUTIQUE","CLASSE PHARMACO-THERAPEUTIQUE","PRIX BASE DEREMBOURSEMENT (G) x 70%","PRIXPUBLIC","ACCORDPREALABLE"
PTM5356,"DOLMUS comprimé, boîte de 10","Diclofénac/ Paracéta-mol/ Méthocarbamol","Antalgique-Déconges-tionnant","Antalgiques -Antipyrétiques - An-tispasmodiques","1452,5",2075,-
PTM5357,"DOLNESS comprimé pelliculé, boîte de 20",Paracétamol/ Tramadol,"Antalgique opioïdepériphérique","Antalgiques -Antipyrétiques - An-tispasmodiques","1781,5",2545,-
PTM1531,"DONORMYL 15 mg comprimé   sécable, boîte de 10","Succinante de doxyla-mine",Antihistaminique,Allergologie,"2285,5",3265,-
PTM1532,"DONORMYL 15 mg comprimé effervescent sécable,boîte de 10","Succinante de doxyla-mine",Antihistaminique,Allergologie,2814,4020,-
PTM5358,"DOLOCAP 40 mg/4 mL solution injectable, boîte de 6","Phloroglucinol/Tri-methylphloroglucinol",Antispasmodiques,"Antalgiques -Antipyrétiques - An-tispasmodiques",2030,2900,-
PTM5359,"DOLOCAP 80 mg comprimé, boîte de 30","Phloroglucinol/Tri-methylphloroglucinol",Antispasmodiques,"Antalgiques -Antipyrétiques - An-tispasmodiques",1400,2000,-
PTM5360,"DOLO-DENK gel, tube de 50 g",Etofénamate,"Anti-inflammatoiresnon stérodiens",Anti-inflammatoires,3017,4310,-
PTM1518,"DOLODENT solution gingivale, flacon de 27 g","Chlorhydrate d’amy-léine",Antalgiques,"Antalgiques - Odon-tologie","1963,5",2805,-
PTM5361,"DOLOFLAM comprimé pelliculé, boîte de 10","Paracétamol/Acéclo-fénac","Antalgiques -Antipyrétiques +AINS","Antalgiques -Antipyrétiques - An-tispasmodiques",1309,1870,-
PTM5362,"DOLOFORTE- Denk comprimé pelliculé, bte de 20",Paracétamol/ Tramadol,"Antalgique opioïdepériphérique","Antalgiques -Antipyrétiques - An-tispasmodiques","2922,5",4175,-
PTM5363,"DOLOGAN DENK 250mg/200mg/50mg, boite de 20","Ibuprofene/ Paraceta-mol/Cafeine",Anti-inflammatoires,Rhumatologie,"2740,5",3915,-
PTM5364,"DOLOMAX gel, tube de 30 g",Diclofénac sodique,"Anti-inflammatoiresnon stérodiens",Anti-inflammatoires,686,980,-
CODES,DESIGNATION,COMPOSITION,"SOUS CLASSEPHARMACO-THERAPEUTIQUE","CLASSE PHARMACO-THERAPEUTIQUE","PRIX BASE DEREMBOURSEMENT (G) x 70%","PRIXPUBLIC","ACCORDPREALABLE"
PTM5365,"DOLORAM 100 mg solution injectable, boîte de 5ampoules de 2 ml","Chlorhydrate de tra-madol",Analgésique opioïde,"Antalgiques -Antipyrétiques - An-tispasmodiques",2730,3900,-
PTM1522,"DOLOSPAM DUO® comprimé, boîte de 10","Méfénamique/ Chro-rhydrate de dicyclové-rine",Antispasmodiques,"Antalgiques -Antipyrétiques - An-tispasmodiques","1207,5",1725,-
PTM5366,"DOLOSTOP 1000 mg comprimés effervescents, boîtede 8",Paracetamol,"Antalgiques -Antipyré-tiques","Antalgiques-Antipy-rétiques-Antispas-modiques",777,1110,-
PTM5367,"DOLOSTOP 500 mg comprimés effervescents, boîtede 16",Paracetamol,"Antalgiques -Antipyré-tiques","Antalgiques-Antipy-rétiques-Antispas-modiques",840,1200,-
PTM5368,"DOLOSTOP PEDIATRIQUE 2,4% sirop, flacon de 90 ml",Paracetamol,"Antalgiques -Antipyré-tiques","Antalgiques-Antipy-rétiques-Antispas-modiques",868,1240,-
PTM1524,"DOLOTREN 50 mg comp dispers, boite de 40",Diclofénac sodique,"Anti-inflammatoiresnon stérodiens",Anti-inflammatoires,1498,2140,-
PTM1526,"DOLOTREN 75 mg injectable, boîte de 6 ampoules",Diclofénac sodique,"Anti-inflammatoiresnon stérodiens",Anti-inflammatoires,"2082,5",2975,-
PTM1528,"DOLOTREN gel, tube de 60 g",Diclofénac sodique,"Anti-inflammatoiresnon stérodiens",Anti-inflammatoires,2072,2960,-
PTM5369,"DOLOWIN PLUS comprimé, boîte de 30","Acéclofénac/ Paracé-tamol","Anti-inflammatoiresnon stérodiens+Antal-gique","Antalgiques-Antipy-rétiques-Antispas-modiques",3801,5430,-
PTM5370,"DOLVEN® suspension buvable pédiatrique, flacon de120 ml",Ibuprofène,"Anti-inflammatoiresnon stérodiens","Antalgiques-Antipy-rétiques-Antispas-modiques","913,5",1305,-
PTM5371,"DOLYC® 1g comprimé, boîte de 10",Paracetamol,"Antalgiques -Antipyré-tiques","Antalgiques-Antipy-rétiques-Antispas-modiques",560,800,-
PTM5372,"DOLYC® 500 mg comprimé, boîte de 20",Paracetamol,"Antalgiques -Antipyré-tiques","Antalgiques-Antipy-rétiques-Antispas-modiques","423,5",605,-
CODES,DESIGNATION,COMPOSITION,"SOUS CLASSEPHARMACO-THERAPEUTIQUE","CLASSE PHARMACO-THERAPEUTIQUE","PRIX BASE DEREMBOURSEMENT (G) x 70%","PRIXPUBLIC","ACCORDPREALABLE"
PTM5374,"DOMPERIDONE BIOGARAN 10 mg comprimépelliculé, boîte de 20",Dompéridone,Antiémetiques,"Gastro-Entéro-Hépathologie",805,1150,-
PTM5375,"DOMPERIT 10 mg comprimé, boîte de 10",Domperidone maléate,Antiémetiques,"Gastro-Entéro-Hépathologie","843,5",1205,-
PTM5376,"DOMPERIX 1 mg suspension buvable, flacon de 200ml",Dompéridone,Antiémetiques,"Gastro-Entéro-Hépathologie","836,5",1195,-
PTM5377,"DOMPRA comprimé, plaquette  de 10","Oméprazole/ Dompé-ridone","Antiémetiques+Antia-cides","Gastro-Entéro-Hépathologie","3475,5",4965,-
PTM1534,"DONTOMYCINE 3 MUI comprimé pelliculé, boîte de10",Spiramycine,"Antibacterien macro-lide","Infectiologie-parasi-tologie",3108,4440,-
PTM1533,"DONTOMYCINE 1,5 MUI comprimé pelliculé, boîtede 16",Spiramycine,"Antibacterien macro-lide","Infectiologie-parasi-tologie",3017,4310,-
PTM1536,"DOPANORE 250 mg comprimé pelliculé, boîte de 30",Metyldopa,"Antihypertenseurd’action centrale","Cardiologie-angeio-logie",1463,2090,-
PTM5378,"DORTASPAS PLUS comprimés, boîte de 20","Drotavérine/ Parace-tamol","Antalgiques-Antipyré-tiques+Antispasmo-diques","Antalgiques-Antipy-rétiques-Antispas-modiques",2030,2900,-
PTM5379,DORZOLAMIDE BIOGARAN 20mg/ml collyre,Dorzolamide,Antiglaucomateux,Ophtalmologie,3654,5220,-
PTM5380,"DORZOLAMIDE / TIMOLOL BIOGARAN 20mg/5mlcollyre",Dorzolamide,Antiglaucomateux,Ophtalmologie,"4294,5",6135,-
PTM5381,"DOSTINEX 0,5mg comprimé, boite de 8",Cabergoline,Hyperprolactinémiant,Endocrinologie,"23390,5",33415,-
PTM5384,"DOTRIVEL 10 mg nourrissons poudre orale ensachet-dose, boîte de 10",Racécadotril,Antidiarrhéique,"Gastro-Entéro-Hépathologie","1543,5",2205,-
PTM1537,DOXIUM® 500mg gélules boite de 30,Dobésilate de Calcium,"Vasculoprotecteurs etveinotoniques","Cardiologie-angeio-logie",3745,5350,-
PTM1539,"DOXY-DENK 100 mg comprimé, boîte de 20",Doxycycline,Antibactérien (Cycline),"Infectiologie-parasi-tologie",1827,2610,-
PTM5385,"DOXY-DENK  200 mg comprimé, boite de 8",Doxycycline,Antibactérien (Cycline),"Infectiologie-parasi-tologie",1372,1960,-
CODES,DESIGNATION,COMPOSITION,"SOUS CLASSEPHARMACO-THERAPEUTIQUE","CLASSE PHARMACO-THERAPEUTIQUE","PRIX BASE DEREMBOURSEMENT (G) x 70%","PRIXPUBLIC","ACCORDPREALABLE"
PTM5387,"DOXY CAP 100 mg comprimé, boite de 20",Doxycycline,Antibactérien (Cycline),"Infectiologie-parasi-tologie",1400,2000,-
PTM5388,"DOXYCIL 100 mg capsule,plaquette de 10",Doxycycline,Antibactérien (Cycline),"Infectiologie-parasi-tologie",1337,1910,-
PTM5389,"DOXYMED 100 mg comprimé, boîte de 20",Doxycycline,Antibactérien (Cycline),"Infectiologie-parasi-tologie","1865,5",2665,-
PTM5390,"DOXYMED 200 mg comprimé, boîte de 20",Doxycycline,Antibactérien (Cycline),"Infectiologie-parasi-tologie","3062,5",4375,-
PTM5391,"DRILL RHUME comprimé pelliculé, boîte de 16","Paracétamol / Maléatede chlorphénamine","Rhinites-Sinu-sites-Rhumes","Oto-Rino-Laryngo-logie",1554,2220,-
PTM1558,"DRILL TOUX SECHE 5 mg/5 ml ENFANTS SANS SUCRE,sirop édulcoré au maltitol liquide, flacon de 125 ml","Bromhydrate de dextro-méthorphane",Mucolytique,Pneumologie,"1543,5",2205,-
PTM1557,"DRILL TOUX SECHE 15 mg/5 ml ADULTES SANSSUCRE, sirop édulcoré au maltitol liquide, flacon de125 ml","Bromhydrate de dextro-méthorphane",Mucolytique,Pneumologie,1827,2610,-
PTM5392,"DROTACIP 20 mg/ml injectable, boîte de 5 flacons de2 ml","Chlorhydrate de Drota-vérine",Antispasmodiques,"Antalgiques-Antipy-rétiques-Antispas-modiques",1491,2130,-
PTM5393,"DUBIX 500 mg/250 mg comprimé, boîte de 10","Acide tranéxamique/Acide méfénamique","Anti-inflammatoiresnon stérodiens",Anti-inflammatoires,3017,4310,-
PTM5394,"DUFENACTM 75 mg gélule gastrorésistant à doublelibération, boîte de 10",Diclofenac,"Anti-inflammatoiresnon stérodiens",Anti-inflammatoires,"1557,5",2225,-
PTM5395,"DULCAN suspension buvable, flacon de 200 ml",Domperidone,Antiémetiques,"Gastro-Entéro-Hépathologie",1736,2480,-
PTM5396,"DULCAN 10 comprimé enrobé, boîte de 40",Domperidone,Antiémetiques,"Gastro-Entéro-Hépathologie",1736,2480,-
PTM5397,"DULCAN 20 comprimé enrobé, boîte de 20",Domperidone,Antiémetiques,"Gastro-Entéro-Hépathologie",1736,2480,-
PTM5398,"DUO-5® comprimé, boîte de 12","Cefpodoxime/ Acideclavulanique","Antibacterien (Cepha-losporine+Penicilline)","Infectiologie-parasi-tologie","6142,5",8775,-
CODES,DESIGNATION,COMPOSITION,"SOUS CLASSEPHARMACO-THERAPEUTIQUE","CLASSE PHARMACO-THERAPEUTIQUE","PRIX BASE DEREMBOURSEMENT (G) x 70%","PRIXPUBLIC","ACCORDPREALABLE"
PTM5400,"DUO-ARTISIN 40 mg/320 mg comprimé  , boîte de 9","Dihydroartémisine/Phosphate de pipé-raquine",Antipaludique,"Infectiologie-parasi-tologie",1736,2480,-
PTM5401,"DUO-ARTISIN 90 mg/720 mg poudre poursuspension orale, flacon de 60 Ml","Dihydroartémisine/Phosphate de pipé-raquine",Antipaludique,"Infectiologie-parasi-tologie",1736,2480,-
PTM1563,"DUO-COTECXIN 40/320 comprimés, boîte de 9","Dihydroartémisine/Phosphate de pipé-raquine",Antipaludique,"Infectiologie-parasi-tologie",3647,5210,-
PTM5402,"DUOQUIN 40/320mg Comprimé, boîte de 8","Dihydroartémisine/Phosphate de pipé-raquine",Antipaludique,"Infectiologie-parasi-tologie",2093,2990,-
PTM5403,"DUOTEM 80 mg/ 640 mg poudre pour suspensionbuvable, flacon de 80 mL","Dihydroartémisine/Phosphate de pipé-raquine",Antipaludique,"Infectiologie-parasi-tologie",2660,3800,-
PTM5404,"DUOTEM 40 mg/ 320 mg comprimé, boîte de 9","Dihydroartémisine/Phosphate de pipé-raquine",Antipaludique,"Infectiologie-parasi-tologie",2765,3950,-
PTM1565,"DUOTRAV 40 μg/ml collyre,flacon de 2,5 ml","Travoprost/ Timolol(sous forme de maléatede timolol)",Antiglaucomateux,Ophtalmologie,13251,18930,-
PTM5406,"DUPHALAC 10g/15ml sachet, boite de 20 sachets-dose au conditionnement << stick >>",Lactulose,Laxatifs,"Gastro-Enté-ro-Hépathologie","1935,5",2765,-
PTM1565,"DUPHALAC sirop, flacon de 200ml",Lactulose,Laxatifs,"Gastro-Enté-ro-Hépathologie","1207,5",1725,-
PTM1568,"DUPHASTON 10 mg comprimé pelliculé, boîte de 10",Dydrogestérone,Progestatif,Gynécologie,"2082,5",2975,-
PTM5407,"DUPHASTON 10 mg,  comprimé pelliculé, boîte de 20",Dydrogestérone,Progestatif,Gynécologie,4165,5950,-
PTM1572,"DUSPATALIN 200 mg gélule, boite de 30",Mebeverine,Antispasmodiques,"Gastro-Entero-He-patologie",2723,3890,-
CODES,DESIGNATION,COMPOSITION,"SOUS CLASSEPHARMACO-THERAPEUTIQUE","CLASSE PHARMACO-THERAPEUTIQUE","PRIX BASE DEREMBOURSEMENT (G) x 70%","PRIXPUBLIC","ACCORDPREALABLE"
PTM5409,"DYARIAM 40 mg/320 mg comprimé, boîte de 10","Dihydroartémisinine/Pipéraquine phosphate",Antipaludique,"Infectiologie-parasi-tologie","2733,5",3905,-
PTM5410,"DYARIAM 90 mg/720 mg poudre pour suspensionbuvable, flacon de 60 ml","Dihydroartémisinine/Pipéraquine phosphate",Antipaludique,"Infectiologie-parasi-tologie","2712,5",3875,-
PTM5411,"DYLDES 5 mg comprimé, boîte de 15",Desloratadine,Antihistaminique H1,Allergologie,"2467,5",3525,-
PTM5412,"DYLDES 5 mg comprimé, boîte de 7",Desloratadine,Antihistaminique H1,Allergologie,1316,1880,-
PTM5413,"DYNAMOX 500 mg capsules, boîte de 10","Amoxicilline trihydrateBP     500 mg","Antibacterien (Peni-cilline)","Infectiologie-parasi-tologie",217,310,-
PTM1579,"DYNAPAR AQ 75 mg/ml injectable, boîte de 5",Diclofénac de sodium,"Anti-inflammatoiresnon stéroidiens",Anti-inflammatoires,1169,1670,-
PTM5414,"DYNAPAR QPS PLUS solution topique, flacon de 15ml","Diclofénac sodique/Salicylate de Méthyle/Menthol/ Alcool absolu(Ethanol)","Anti-inflammatoiresnon stéroidiens",Anti-inflammatoires,"2054,5",2935,-
PTM5415,"DYNAPAR QPS solution topique, flacon de 30 ml","Diclofénac/ Alcoolabsolu (Ethanol)/Hydroxyanisole butylé/Hydroxytoluène butylé/Acide oléïque/ Menthol","Anti-inflammatoiresnon stéroidiens",Anti-inflammatoires,"4112,5",5875,-
PTM1581,"DYNAPAR SR 100 mg comprimé à libérationprolongée, boîte de 10",Diclofénac de sodium,"Anti-inflammatoiresnon stéroidiens",Anti-inflammatoires,"7311,5",10445,-
PTM5416,"DYNAPAR EC 75 mg, Pl/10",Diclofénac de sodium,"Anti-inflammatoiresnon stéroidiens",Anti-inflammatoires,420,600,-
PTM1578,"DYNAPAR TAB 500/50, pl/10",Diclofénac de sodium,"Anti-inflammatoiresnon stéroidiens",Anti-inflammatoires,"612,5",875,-
PTM1577,"DYNAPAR 1% Gel, tube de 50g",Diclofénac de sodium,"Anti-inflammatoiresnon stéroidiens",Anti-inflammatoires,805,1150,-
PTM1583,"DYSENTYL 200 mg gélule, boîte de 30",Nifuroxazide,Antiseptique intestinal,"Gastro-Enté-ro-Hépathologie",1764,2520,-
CODES,DESIGNATION,COMPOSITION,"SOUS CLASSEPHARMACO-THERAPEUTIQUE","CLASSE PHARMACO-THERAPEUTIQUE","PRIX BASE DEREMBOURSEMENT (G) x 70%","PRIXPUBLIC","ACCORDPREALABLE"
PTM5418,"EASETEC-10 comprimé, boîte de 30",Rosuvastatine,Hypolipémiants,"Cardiologie -Angéiologie- Méta-bolisme - Nutrition",1946,2780,-
PTM1610,"ECOREX 1% crème dermique, tube de 30 g",Nitrate d’éconazole,Antifongique,"Infectiologie-parasi-tologie",1946,2780,-
PTM1609,"ECOREX 1% lait dermique, flacon de 30 ml",Nitrate d’éconazole,Antifongique,"Infectiologie-parasi-tologie",1946,2780,-
PTM1608,"ECOREX 150 mg ovule, boîte de 3",Nitrate d’éconazole,Antifongique,"Infectiologie-parasi-tologie","2313,5",3305,-
PTM5419,"ECOZOLE 150 mg capsule, boîte de 3",Nitrate d’éconazole,Antifongique,"Infectiologie-parasi-tologie",1827,2610,-
PTM5420,"E-DOL in jectable, boîte de 10 ampoules de 2 ml","Chlorhydrate de tra-madol",Analgésique opioïde,"Antalgiques-Antipy-rétiques-Antispas-modiques",2758,3940,-
PTM5421,"EDS sirop, flacon de 100 ml","Salbutamol sulfateéquivalent à Salbuta-mol/ Bromhexine Hy-drochloride/ Guaiphe-nesin/ Menthol",Mucolytique,Pneumologie,1470,2100,-
PTM1611,"EFFADOL solution buvable, flacon de 100 ml",Paracétamol,"Antalgiques-Antipyré-tiques","Antalgiques-Antipy-rétiques-Antispas-modiques",868,1240,-
PTM5422,"EFFAMOL 3 g suspension orale, flacon de 100 Ml",Paracétamol,"Antalgiques-Antipyré-tiques","Antalgiques-Antipy-rétiques-Antispas-modiques",1050,1500,-
PTM1612,"EFFEDERME creme 0,05%, tube de 30 g",Trétinoine,Antiacnéique,Dermatologie,2450,3500,-
PTM1616,"EFFERALGAN 1 g, comprimé effervescent, boîte de 8",Paracétamol,"Antalgiques-Antipyré-tiques","Antalgiques-Antipy-rétiques-Antispas-modiques","878,5",1255,-
CODES,DESIGNATION,COMPOSITION,"SOUS CLASSEPHARMACO-THERAPEUTIQUE","CLASSE PHARMACO-THERAPEUTIQUE","PRIX BASE DEREMBOURSEMENT (G) x 70%","PRIXPUBLIC","ACCORDPREALABLE"
PTM1614,"EFFERALGAN 150 mg, poudre effervescent poursolution buvable, boîte de 12",Paracétamol,"Antalgiques-Antipyré-tiques","Antalgiques-Antipy-rétiques-Antispas-modiques","703,5",1005,-
PTM1615,"EFFERALGAN 150 mg, suppositoire, boîte de 10",Paracétamol,"Antalgiques-Antipyré-tiques","Antalgiques-Antipy-rétiques-Antispas-modiques","759,5",1085,-
PTM1617,"EFFERALGAN 250 mg, poudre effervescent poursolution buvable, boîte de 12",Paracétamol,"Antalgiques-Antipyré-tiques","Antalgiques-Antipy-rétiques-Antispas-modiques",812,1160,-
PTM1618,"EFFERALGAN 300 mg, suppositoire, boîte de 10",Paracétamol,"Antalgiques-Antipyré-tiques","Antalgiques-Antipy-rétiques-Antispas-modiques",840,1200,-
PTM1625,"EFFERALGAN 500 mg comp , boite de 16",Paracétamol,"Antalgiques-Antipyré-tiques","Antalgiques-Antipy-rétiques-Antispas-modiques",840,1200,-
PTM1619,"EFFERALGAN 500 mg comp eff, boite de 16",Paracétamol,"Antalgiques-Antipyré-tiques","Antalgiques-Antipy-rétiques-Antispas-modiques",952,1360,-
PTM5424,"EFFERALGAN PLUS 500 mg/65 mg comprimé  ,  boîtede 10",Paracétamol/Cafeine,"Antalgiques-Antipyré-tiques","Antalgiques-Antipy-rétiques-Antispas-modiques","857,5",1225,-
PTM1621,"EFFERALGAN 80 mg, poudre effervescent poursolution buvable, boîte de 12",Paracétamol,"Antalgiques-Antipyré-tiques","Antalgiques-Antipy-rétiques-Antispas-modiques",686,980,-
PTM1620,"EFFERALGAN 80 mg, suppositoire, boîte de 10",Paracétamol,"Antalgiques-Antipyré-tiques","Antalgiques-Antipy-rétiques-Antispas-modiques","703,5",1005,-
PTM1622,"EFFERALGAN CODEINE 500 mg/30 mg comprimépelliculé, boîte de 16","Paracétamol/ Codéinephosphate hémihydrate","Antalgiques-Antipyré-tiques","Antalgiques-Antipy-rétiques-Antispas-modiques","1305,5",1865,-
PTM1623,"EFFERALGAN CODEINE comprimé effervescentsécable, boîte de 16","Paracétamol/ Codéinephosphate hémihydrate","Antalgiques-Antipyré-tiques","Antalgiques-Antipy-rétiques-Antispas-modiques",1435,2050,-
CODES,DESIGNATION,COMPOSITION,"SOUS CLASSEPHARMACO-THERAPEUTIQUE","CLASSE PHARMACO-THERAPEUTIQUE","PRIX BASE DEREMBOURSEMENT (G) x 70%","PRIXPUBLIC","ACCORDPREALABLE"
PTM1626,"EFFERALGAN VITAMINE C® 330 mg/200 mgcomprimé effervescent sécable, boîte de 2 tubes de10","Paracétamol/ Acideascorbique (vitamine C)","Antalgiques-Antipyré-tiques+vitamine C","Antalgiques-Antipy-rétiques-Antispas-modiques",903,1290,-
PTM5425,"EFFERALGAN VITAMINE C® 500 mg/200 mgcomprimé effervescent, boîte de 16","Paracétamol/ Acideascorbique (vitamine C)","Antalgiques-Antipyré-tiques+vitamine C","Antalgiques-Antipy-rétiques-Antispas-modiques",903,1290,-
PTM5426,"EFFERALGAN® 500 mg gélule, boîte de 16",Paracétamol,"Antalgiques-Antipyré-tiques","Antalgiques-Antipy-rétiques-Antispas-modiques",784,1120,-
PTM5427,"EFFERALGAN® 600 mg, suppositoire, boîte de 10",Paracétamol,"Antalgiques-Antipyré-tiques","Antalgiques-Antipy-rétiques-Antispas-modiques","703,5",1005,-
PTM1629,"EFFORTIL 5 mg comprimé, boite de 50",Etilefrine,Antihypotenseur,"Cardiologie-angeio-logie",12250,17500,-
PTM5428,"EFFORTIL 10mg/ml injectable, boite de 6",Etilefrine,Antihypotenseur,"Cardiologie-angeio-logie",139650,199500,AP
PTM5429,"EFIZYME sirop, flacon de 200 ml","Diastase fongique /Pepsine",Antiinfectieux,"Infectiologie-parasi-tologie",987,1410,-
PTM5430,"EFLOZIN 10 mg comprimé, boite de 30",Empaglifozine,Antidiabetique,"Metabolisme- nu-trition-diabete",11718,16740,-
PTM5431,"EFLOZIN 25 mg comprimé, boite de 30",Empaglifozine,Antidiabetique,"Metabolisme- nu-trition-diabete",18991,27130,-
PTM5432,"ELAVIL 25 mg comprimé pelliculé, boîte de 60","Chlorhydrate d’amitrip-tyline","Antidepresseur tricy-clique",Psychiatrie,"2530,5",3615,-
PTM5433,"ELECTROLYTE DENK poudre solution buvable ensachets, boîte de 10","Glucose+soduim+po-tassuim+zinc",Sel de rehydratation,"Gastro-Entero-He-patologie",2478,3540,-
PTM1641,"ELUDRIL PRO solution pour bain de bouche flacon90 ml","Chlorhexidine gluco-nate/Chorobutanol",Antiseptique,"Odonto-Stomato-logie","1032,5",1475,-
PTM1642,"ELUDRIL PRO solution pour bain de bouche flacon200 ml","Chlorhexidine gluco-nate/Chorobutanol",Antiseptique,"Odonto-Stomato-logie",1918,2740,-
CODES,DESIGNATION,COMPOSITION,"SOUS CLASSEPHARMACO-THERAPEUTIQUE","CLASSE PHARMACO-THERAPEUTIQUE","PRIX BASE DEREMBOURSEMENT (G) x 70%","PRIXPUBLIC","ACCORDPREALABLE"
PTM1640,ELUDRIL collutoire flacon préssurisé 55 ml,"Chlorhexidine gluco-nate/Chorobutanol",Antiseptique,"Odonto-Stomato-logie",1050,1500,-
PTM1648,"ENA DENK 10 mg comp,boite/30",Enalapril,Antihypertensseur,"Cardiologie-angeio-logie",3563,5090,-
PTM1649,ENA DENK 20 mg comp boite/30,Enalapril,Antihypertensseur,"Cardiologie-angeio-logie",6076,8680,-
PTM1647,"ENA+HCT-DENK 20/12,5 comprimé, boîte de 30","Maléate d’Enalapril/Hydrochlorothiazide","Antihyperten-seur(IEC+Diurétique)","Cardiologie-angeio-logie",6853,9790,-
PTM5435,"ENALAPRIL BIOGARAN 20 mg comprimé sécable,boîte de 28",Enalapril,Antihypertenseur(IEC),"Cardiologie-angeio-logie",2212,3160,-
PTM5436,"ENCIFER injection 100 mg injectable,  ampoule de 5ml","Hydroxide ferrique encomplexe avec du saccharose Equivalent aufer élémentaire",Antianémique,"Hémostase -Hématopoïèse- Hémoglobinopa-thies",1995,2850,-
PTM5437,"ENDEM 2 mg capsule, boîte de 10","Chlorhydrate de lopé-ramide",Antidiarrhéique,"Gastro-Enté-ro-Hépathologie",168,240,-
PTM5438,"ENDOPROST 125 mcg/0,5 mL  injection IM, boîte de1 flacon","Carboprost Trométha-mine",Antihémorragique,Gynécologie,1827,2610,-
PTM5439,"ENDOPROST 250 mcg/ 1 mL  injection IM, boîte de 1flacon","Carboprost Trométha-mine",Antihémorragique,Gynécologie,3199,4570,-
PTM1653,"ENEAS 10 mg/20 mg comprimé, boîte de 30","Maléate d’énalapril /Nitrendipine","Antihypertenseur (IEC+ Ant.Calcique)","Cardiologie-angeio-logie",5026,7180,-
PTM5440,"ENOVA-60 solution injectable en seringuepréremplie, boîte de 1",Enoxaparine sodique,Thrombolytique,"Hémostase -Héma-topoïèse  -Hémoglobinopa-thies",3654,5220,-
PTM5441,"ENOVA-40 solution injectable en seringuepréremplie, boîte de 1",Enoxaparine sodique,Thrombolytique,"Hémostase -Héma-topoïèse  -Hémoglobinopa-thies","2740,5",3915,-
CODES,DESIGNATION,COMPOSITION,"SOUS CLASSEPHARMACO-THERAPEUTIQUE","CLASSE PHARMACO-THERAPEUTIQUE","PRIX BASE DEREMBOURSEMENT (G) x 70%","PRIXPUBLIC","ACCORDPREALABLE"
PTM1656,"ENOXA 4000 UI anti-Xa/0,4 ml, boîte de 2 seringuespré-remplies",Enoxaparine sodique,Thrombolytique,"Hémostase -Hématopoïèse- Hémoglobinopa-thies","5008,5",7155,-
PTM1657,"ENOXA 6000 UI anti-Xa/0,6 ml, boîte de 2 seringuespré-remplies",Enoxaparine sodique,Thrombolytique,"Hémostase -Hématopoïèse- Hémoglobinopa-thies",6678,9540,-
PTM1658,"ENOXA 8000 UI anti-Xa/0,8 ml, boîte de 2 seringuespré-remplies",Enoxaparine sodique,Thrombolytique,"Hémostase -Hématopoïèse- Hémoglobinopa-thies","7738,5",11055,-
PTM5442,"ENOXAPARINE CRUSIA 2000 UI (20 mg/0,2 mL),solution injectable en séringue pré-remplie, boîtede 2",Enoxaparine sodique,Thrombolytique,"Hémostase -Héma-topoïèse  -Hémoglobinopa-thies","3223,5",4605,-
PTM5443,"ENOXAPARINE CRUSIA 4000 UI (40 mg/0,4 mL),solution injectable en séringue pré-remplie, boîtede 2",Enoxaparine sodique,Thrombolytique,"Hémostase -Héma-topoïèse  -Hémoglobinopa-thies",4844,6920,-
PTM5444,"ENOXAPARINE CRUSIA 6000 UI (60 mg/0,6 mL),solution injectable en séringue pré-remplie, boîtede 2",Enoxaparine sodique,Thrombolytique,"Hémostase -Héma-topoïèse  -Hémoglobinopa-thies","5939,5",8485,-
PTM5445,"ENOXAPARINE CRUSIA 8000 UI (80 mg/0,8 mL),solution injectable en séringue pré-remplie, boîtede 2",Enoxaparine sodique,Thrombolytique,"Hémostase -Héma-topoïèse  -Hémoglobinopa-thies",7308,10440,-
PTM1660,"ENTAMIZOLE 250 mg/200 mg comprimé pelliculé,boîte de 30","Diloxanide furoate/Me-tronidazole Benzoate","Antiparasitaires (Anti-protozoaire)","Infectiologie-parasi-tologie",2156,3080,-
PTM1661,"ENTAMIZOLE 250 mg/320 mg suspension orale,flacon de 100 ml","Diloxanide furoate/Me-tronidazole Benzoate","Antiparasitaires (Anti-protozoaire)","Infectiologie-parasi-tologie","1935,5",2765,-
PTM1662,"ENTAMIZOLE DS 500 mg/400 mg comprimé pelliculé,boîte de 15","Diloxanide furoate/Me-tronidazole Benzoate","Antiparasitaires (Anti-protozoaire)","Infectiologie-parasi-tologie",2156,3080,-
CODES,DESIGNATION,COMPOSITION,"SOUS CLASSEPHARMACO-THERAPEUTIQUE","CLASSE PHARMACO-THERAPEUTIQUE","PRIX BASE DEREMBOURSEMENT (G) x 70%","PRIXPUBLIC","ACCORDPREALABLE"
PTM5447,"ENTERAL 220 mg/ml suspension buvable, flacon de90 ml",Nifuroxazide,Antidiarrhéique,"Infectiologie-parasi-tologie",805,1150,-
PTM5448,"ENTRACIN 150 gélule, boîte de 10",Clindamycine,"Antibactérien(Macrolides)","Infectiologie-parasi-tologie",1141,1630,-
PTM5449,"ENTRACIN 300 gélule, boîte de 10",Clindamycine,"Antibactérien(Macrolides)","Infectiologie-parasi-tologie",7238,10340,-
PTM5450,"ENTRADOL 50 mg gélule, boîte de 10",Tramadol,Analgésique opioïde,"Antalgiques-Antipy-rétiques-Antispas-modiques",1386,1980,-
PTM5451,"ENumine D, poudre pour suspension buvable, boîtede 30 sachets de 1 g",Vitamine D3,Osteoporose,Rhumatologie,1610,2300,-
PTM5452,"EPHEDRYL® comprimé, boîte de 20","Paracétamol/ Pseudoé-phédrine/ Triprolidine","Antalgiques+Antispas-modiques","Antalgiques-Antipy-rétiques-Antispas-modiques",1491,2130,-
PTM5455,"EPIVAL® 200 mg/5 mL   sirop, flacon de 100 mL",Valproate de sodium,Antiépileptique,Neurologie,3213,4590,-
PTM1693,"ERCEFURYL 200 mg gélule, boîte de 28",Nifuroxazide,Antiseptique intestinal,"Infectiologie-parasi-tologie",2100,3000,-
PTM1692,"ERCEFURYL 4% suspension buvable, flacon de 90 ml",Nifuroxazide,Antiseptique intestinal,"Infectiologie-parasi-tologie",2219,3170,-
PTM1694,"ERESTRID 5 mg comprimé, boîte de 10",Finastéride,"Anti-androgene (Pros-tate)",Urologie,3199,4570,-
PTM5456,"ERLUS 5 mg comprimé, boîte de 7",Desloratadine,Antihistaminique H1,Allergologie,"1326,5",1895,-
PTM5457,"EROCAB 120 mg comprimé ,boite7",Etoricoxib,"Anti-inflammatoire/Antirhumastimaux",Rhumatologie,3066,4380,-
PTM5458,"EROCAB 90 mg comprimé ,boite10",Etoricoxib,"Anti-inflammatoire/Antirhumastimaux",Rhumatologie,"2880,5",4115,-
PTM5459,"EROCAB 60 mg comprimé ,boite10",Etoricoxib,"Anti-inflammatoire/Antirhumastimaux",Rhumatologie,2653,3790,-
PTM5460,"ERYCIN 500 mg comprimé, boîte de 10",Erythromycine,"Antibacterien(macro-lides)","Infectiologie-parasi-tologie",1015,1450,-
CODES,DESIGNATION,COMPOSITION,"SOUS CLASSEPHARMACO-THERAPEUTIQUE","CLASSE PHARMACO-THERAPEUTIQUE","PRIX BASE DEREMBOURSEMENT (G) x 70%","PRIXPUBLIC","ACCORDPREALABLE"
PTM5462,"ERYCOM 250 mg sirop, flacon de 60 mL",Erythromycine,"Antibacterien(macro-lides)","Infectiologie-parasi-tologie",280,400,-
PTM5463,"ERYCOM 125 mg sirop, flacon de 60 Ml",Erythromycine,"Antibacterien(macro-lides)","Infectiologie-parasi-tologie",280,400,-
PTM1706,"ERYFLUID lotion, flacon de 100 ml",Erythromycine,"Antibacterien(macro-lides)","Infectiologie-parasi-tologie","3160,5",4515,-
PTM5464,"ERYKAV 500 mg comprimé, boîte de 10",Erythromycine,"Antibacterien(macro-lides)","Infectiologie-parasi-tologie",588,840,-
PTM5465,"ERYLIK gel, tube de 30 g","Erythromycine/ Tréti-noïne","Antibacterien(macro-lides)",Dermatologie,1470,2100,-
PTM5466,"ERYTHROFIL 500 mg comprimé, boîte de 10",Erythromycin stearate,"Antibacterien(macro-lides)","Infectiologie-parasi-tologie",574,820,-
PTM1716,"ESIDREX 25 mg comprimé, boite de 30",Hydrochlorothiazide,Diurétique,"Cardiologie-angeio-logie",1925,2750,-
PTM5467,"ESMERON 10 mg/ml solution injectable, boîte de 10flacons","Bromure de rocuro-nium",Anestesique local,"Anéstesie-Réani-mation",3556,5080,-
PTM5714,"ESMOSYL 40 mg gélule, boîte de 10",Esoméprazole,Ulcère gastroduodénal,"Gastro-Enté-ro-Hépathologie",1995,2850,-
PTM5468,"ESOCARE® 20 mg gélule, boîte de 14",Esoméprazole,Ulcère gastroduodénal,"Gastro-Enté-ro-Hépathologie",1190,1700,-
PTM5469,"ESOCARE® 40 mg gélule, boîte de 14",Esoméprazole,Ulcère gastroduodénal,"Gastro-Enté-ro-Hépathologie","2558,5",3655,-
PTM5470,"ESOLOK 20 mg comprimé, boîte de 30",Esoméprazole,Ulcère gastroduodénal,"Gastro-Enté-ro-Hépathologie",3920,5600,-
PTM5471,"ESOLOK 40 mg comprimé, boîte de 30",Esoméprazole,Ulcère gastroduodénal,"Gastro-Enté-ro-Hépathologie","4966,5",7095,-
PTM5472,"ESOMECRO 40 mg capsule, boîte de 30",Esoméprazole,Ulcère gastroduodénal,"Gastro-Enté-ro-Hépathologie","3965,5",5665,-
PTM1718,"ESOMED 40 mg comprimé, boite de 3 x 10",Esomeprazole,Ulcère gastroduodénal,"Gastro-Enté-ro-Hépathologie",5481,7830,-
CODES,DESIGNATION,COMPOSITION,"SOUS CLASSEPHARMACO-THERAPEUTIQUE","CLASSE PHARMACO-THERAPEUTIQUE","PRIX BASE DEREMBOURSEMENT (G) x 70%","PRIXPUBLIC","ACCORDPREALABLE"
PTM5474,"ESOMEP® 20 mg comprimé gastro-résistant, boîtede 56",Esomeprazole,Ulcère gastroduodénal,"Gastro-Enté-ro-Hépathologie",11879,16970,-
PTM5475,"ESOMEP® 40 mg comprimé gastro-résistant, boîtede 14",Esomeprazole,Ulcère gastroduodénal,"Gastro-Enté-ro-Hépathologie","6394,5",9135,-
PTM5476,"ESOP 20 mg comprimé, boîte de 30",Esomeprazole,Ulcère gastroduodénal,"Gastro-Enté-ro-Hépathologie",3325,4750,-
PTM5477,"ESOP 40 mg comprimé, boîte de 30",Esomeprazole,Ulcère gastroduodénal,"Gastro-Enté-ro-Hépathologie","3272,5",4675,-
PTM5478,"ESOPRA 20 mg comprimé, boîte de 14",Esomeprazole,Ulcère gastroduodénal,"Gastro-Enté-ro-Hépathologie",2569,3670,-
PTM5479,"ESOPRA 40 mg comprimé, boîte de 14",Esomeprazole,Ulcère gastroduodénal,"Gastro-Enté-ro-Hépathologie","3160,5",4515,-
PTM5480,"ESOSWIFT 20 mg comprimé enrobé entérique, boîtede 10",Esomeprazole,Ulcère gastroduodénal,"Gastro-Enté-ro-Hépathologie",3325,4750,-
PTM5482,"ESOVEL® 40 mg gélule gastro-résistante, boîte de 10",Esoméprazole,Ulcère gastroduodénal,"Gastro-Enté-ro-Hépathologie",1827,2610,-
PTM5483,"ESOZOL 20 mg comprimé gastro-résistant, boîte de10",Esoméprazole,Ulcère gastroduodénal,"Gastro-Enté-ro-Hépathologie",1827,2610,-
PTM5484,"ESTERFEN comprimé pelliculé, boîte de 3X10","Acéclofenac/ Paracéta-mol/ Chlorzoxazone",Antalgiques+AINS,"Antalgiques-Antipy-rétiques-Antispas-modiques","1683,5",2405,-
PTM5485,"ESTIMA® 100 mg capsule molle, orale ou vaginale,boîte de 30",Progestérone,Hormones,Gynécologie,2170,3100,-
PTM5486,"ESTIMA® 200 mg capsule molle, orale ou vaginale,boîte de 30",Progestérone,Hormones,Gynécologie,2170,3100,-
PTM5487,"ES-ULCIZONE PLUS 20 gélule, boîte de 14","Esoméprazole/ Dompé-ridone",Ulcère gastroduodénal,"Gastro-Enté-ro-Hépathologie","2922,5",4175,-
PTM5488,"ES-ULCIZONE  20 gélule, boîte de 14",Esoméprazole,Ulcère gastroduodénal,"Gastro-Enté-ro-Hépathologie","2649,5",3785,-
PTM5489,"ES-ULCIZONE PLUS 40 gélule, boîte de 14","Esoméprazole/ Dompé-ridone",Ulcère gastroduodénal,"Gastro-Enté-ro-Hépathologie",3654,5220,-
CODES,DESIGNATION,COMPOSITION,"SOUS CLASSEPHARMACO-THERAPEUTIQUE","CLASSE PHARMACO-THERAPEUTIQUE","PRIX BASE DEREMBOURSEMENT (G) x 70%","PRIXPUBLIC","ACCORDPREALABLE"
PTM5491,"EZURA® 20 mg comprimés pelliculés, boîte de 30",Escitalopram,Antidepresseur,Psychiatrie,"13177,5",18825,-
PTM5492,ETAPROL 40 mg Inj B/1,Oméprazole,Ulcère gastroduodénal,"Gastro-Enté-ro-Hépathologie","2138,5",3055,-
PTM5493,"ETIKEN® 16/12,5 comprimé sécable, boîte de 30","Candésartan cilexétil/Hydrochlorothiazide","Antihypertenseur(sar-tan+Diurétique)","Cardiologie-angeio-logie","2516,5",3595,-
PTM5494,"ETIKEN® 8/12,5 comprimé sécable, boîte de 30","Candésartan cilexétil/Hydrochlorothiazide","Antihypertenseur(sar-tan+Diurétique)","Cardiologie-angeio-logie","2516,5",3595,-
PTM5495,"ETRICIB  120 mg comprimé pelliculé, boîte de 10x3",Etoricoxib,AINS,Rhumatologie,1680,2400,-
PTM5496,"EUMOXOL 0,3% suspension buvable, flacon de 125ml",Ambroxol,Mucolytique,Pneumologie,"1095,5",1565,-
PTM5497,"EURARTESIM 160 mg/20 mg comprimé, boîte de 3","Pipéraquine/ Dihy-droartémisinine",Antipaludique,"Infectiologie-parasi-tologie",2030,2900,-
PTM5498,"EURARTESIM 320 mg/40 mg comprimé, boîte de 12","Pipéraquine/ Dihy-droartémisinine",Antipaludique,"Infectiologie-parasi-tologie","2026,5",2895,-
PTM5499,"EURARTESIM 320 mg/40 mg comprimé, boîte de 6","Pipéraquine/ Dihy-droartémisinine",Antipaludique,"Infectiologie-parasi-tologie","2733,5",3905,-
PTM5500,"EURARTESIM 320 mg/40 mg comprimé, boîte de 9","Pipéraquine/ Dihy-droartémisinine",Antipaludique,"Infectiologie-parasi-tologie","2376,5",3395,-
PTM5501,"EUROMOX 1 g comprimé, boîte de 10",Amoxicilline,"Antibacterien (peni-cilline)","Infectiologie-parasi-tologie","1949,5",2785,-
PTM5502,"EUROMOX 1 g injectable, boîte de 1",Amoxicilline,"Antibacterien (peni-cilline)","Infectiologie-parasi-tologie","1949,5",2785,-
PTM1736,"EUROMOX 125 mg suspension, flacon de 60 ml",Amoxicilline,"Antibacterien (peni-cilline)","Infectiologie-parasi-tologie","738,5",1055,-
PTM1737,"EUROMOX 250 mg suspension orale, flacon de 60 ml",Amoxicilline,"Antibacterien (peni-cilline)","Infectiologie-parasi-tologie","871,5",1245,-
PTM5503,"EUROMOX 500 mg gélule, boîte de 10",Amoxicilline,"Antibacterien (peni-cilline)","Infectiologie-parasi-tologie","906,5",1295,-
CODES,DESIGNATION,COMPOSITION,"SOUS CLASSEPHARMACO-THERAPEUTIQUE","CLASSE PHARMACO-THERAPEUTIQUE","PRIX BASE DEREMBOURSEMENT (G) x 70%","PRIXPUBLIC","ACCORDPREALABLE"
PTM5505,"EUROMOX 500 mg Sachet, boîte de 10",Amoxicilline,"Antibacterien (peni-cilline)","Infectiologie-parasi-tologie",1393,1990,-
PTM5506,"EUROMOX 1000 mg comprimé dispersible, boîte de10",Amoxicilline,"Antibacterien (peni-cilline)","Infectiologie-parasi-tologie","1949,5",2785,-
PTM5507,"EUROXINE 100 mcg comprimé, Boite de 60",Lévothryroxine,Hypothyroidie,Endocrinologie,2100,3000,-
PTM5508,"EUROXINE 50 mcg comprimé, Boite de 60",Lévothryroxine,Hypothyroidie,Endocrinologie,1260,1800,-
PTM5509,"EVOFIX® 100 mg/ 5 mL   poudre pour suspensionorale, flacon de 30 Ml",Céfixime,"Antibacterien (Cepha-losporine)","Infectiologie-parasi-tologie","2593,5",3705,-
PTM1743,"EXACYL 0,5mg/5ml injectable, boite de 5",Acide tranéxamique,Antihemorragique,Hematologie,8260,11 800,-
PTM1742,"EXACYL 500 mg comprimé pelliculé, boîte de 20",Acide tranéxamique,Antihemorragique,Hematologie,3409,4 870,-
PTM5510,"EXEPHIN® 1 g injectable par IV, boîte de 1 ampoule +solvant avec accessoires",Ceftriaxone,"Antibacterien (Cepha-losporine)","Infectiologie-parasi-tologie",2779,3970,-
PTM5511,"EXEPHIN® 500 mg injectable par IV, boîte de 1ampoule + solvant avec accessoires",Ceftriaxone,"Antibacterien (Cepha-losporine)","Infectiologie-parasi-tologie",2884,4120,-
PTM1748,"EXFORGE HCT 10 mg/160 mg/12,5 mg comprimépelliculé, boîte de 28","Amlodipine/ Valsartan/Hydrochlorothiazide","Antihypertenseur(sar-tan+Diurétique+Anta-goniste calcique)","Cardiologie-angeio-logie","16446,5",23495,-
PTM1750,"EXFORGE HCT 10 mg/160 mg/25 mg comprimépelliculé, boîte de 28","Amlodipine/ Valsartan/Hydrochlorothiazide","Antihypertenseur(sar-tan+Diurétique+An-tagoniste calcique)","Cardiologie-angeio-logie","16446,5",23495,-
PTM1745,"EXFORGE 10 mg/160 mg comprimé pelliculé, boîtede 28",Amlodipine/ Valsartan,"Antihypertenseur(-sartan+Antagonistecalcique)","Cardiologie-angeio-logie",14476,20680,-
PTM1746,"EXFORGE  5 mg/160 mg comprimé pelliculé, boîtede 28",Amlodipine/ Valsartan,"Antihypertenseur(sar-tan+Diurétique+Anta-goniste calcique)","Cardiologie-angeio-logie",14476,20680,-
CODES,DESIGNATION,COMPOSITION,"SOUS CLASSEPHARMACO-THERAPEUTIQUE","CLASSE PHARMACO-THERAPEUTIQUE","PRIX BASE DEREMBOURSEMENT (G) x 70%","PRIXPUBLIC","ACCORDPREALABLE"
PTM1751,"EXFORGE HCT 5 mg/160 mg/25 mg comprimépelliculé, boîte de 28","Amlodipine/ Valsartan/Hydrochlorothiazide","Antihypertenseur(sar-tan+Diurétique+Anta-goniste calcique)","Cardiologie-angeio-logie",14476,20680,-
PTM1747,"EXFORGE  5 mg/80 mg comprimé pelliculé, boîte de28",Amlodipine/ Valsartan,"Antihypertenseur(-sartan+Antagonistecalcique)","Cardiologie-angeio-logie",14476,20680,-
PTM5512,"EXICAM 20 mg gélule, boîte de 10",Piroxicam,"Anti-inflammatoirenonstéroïdien",Anti-inflammatoire,3052,4360,-
PTM5513,"EXIFOL capsule à libération prolongée, boîte de 30",Fer+Viamines,"Stimulant del’hématopoïèse (An-tianémique)","Hémostase -Héma-topoïèse  -Hémoglobinopa-thies","1599,5",2285,-
PTM5514,"EXIFOL sirop, flacon de 200 ml",Fer+Viamines,"Stimulant del’hématopoïèse (An-tianémique)","Hémostase -Héma-topoïèse  -Hémoglobinopa-thies",1701,2430,-
PTM1754,"EXODERIL 1% crème, tube de 15 g","Naftifini hydrochlori-dium",Antifongique,Dermatologie,2184,3120,-
PTM1753,EXODERIL 1% S ext Fl/10ml,"Naftifini hydrochlori-dium",Antifongique,Dermatologie,"2019,5",2885,-
PTM5515,"EXXIB® 200 mg comprimé sécable, boîte de 10",Célécoxib,"Anti-inflammatoiresnon steroidiens",Anti-inflammatoires,1827,2610,-
PTM5516,"EZEOVA 10 comprimé, boîte de 30",Atorvastatine/Ezetimibe,Hypolipémiants,"Metabolisme- nu-trition-diabete",2170,3100,-
PTM5517,"EZEOVA 20 comprimé, boîte de 30",Atorvastatine/Ezetimibe,Hypolipémiants,"Metabolisme- nu-trition-diabete",2170,3100,-
PTM5518,"EZOMAG 40 mg poudre pour injection, boîte de 1flacon + solvant",Esoméprazole,Ulcère gastroduodénal,"Gastro-Enté-ro-Hépathologie",2450,3500,-
PTM5519,"EZOMAG 40 mg comprimé, Boite de 30",Esoméprazole,Ulcère gastroduodénal,"Gastro-Enté-ro-Hépathologie","5015,5",7165,-
CODES,DESIGNATION,COMPOSITION,"SOUS CLASSEPHARMACO-THERAPEUTIQUE","CLASSE PHARMACO-THERAPEUTIQUE","PRIX BASE DEREMBOURSEMENT (G) x 70%","PRIXPUBLIC","ACCORDPREALABLE"
PTM5521,"FABRIMOL 500 mg comprimé, boîte de 10",Paracétamol,"Antalgiques-Antipyré-tiques","Antalgiques-Antipy-rétiques-Antispas-modiques",630,900,-
PTM5522,"FABRIMOL sirop, flacon de 100 ml",Paracétamol,"Antalgiques-Antipyré-tiques","Antalgiques-Antipy-rétiques-Antispas-modiques",525,750,-
PTM5523,"FAIRCEF-1000 poudre et solvant pour solutioninjectable, boîte de 1flacon",Ceftriaxone,"Antibacterien(Cepha-losporines)","Infectiologie-parasi-tologie",840,1200,-
PTM5524,"FAIRCEF-500 poudre et solvant pour solutioninjectable, boîte de 1flacon",Ceftriaxone,"Antibacterien(Cepha-losporines)","Infectiologie-parasi-tologie",630,900,-
PTM5525,"FAIRDIPINE 5 mg comprimé, boîte de 10",Amlodipine,"Antihypertenseur (An-tagoniste calcique)","Cardiologie-angeio-logie","353,5",505,-
PTM5526,"FAIRGLIB 5 mg comprimé, boîte de 10",Glimépiride,Antidiabetiques oraux,"Metabolisme- nu-trition-diabete",8400,12000,-
PTM5527,"FAIRGLIM 1 mg comprimé, boîte de 10",Glimépiride,Antidiabetiques oraux,"Metabolisme- nu-trition-diabete","2796,5",3995,-
PTM5528,"FAIRGLIM 4 mg comprimé, boîte de 10",Glimépiride,Antidiabetiques oraux,"Metabolisme- nu-trition-diabete",8400,12000,-
PTM5529,"FAIRMET-1000 comprimé, boîte de 10",Glimépiride,Antidiabetiques oraux,"Metabolisme- nu-trition-diabete","612,5",875,-
PTM5530,"FAIRMET-500 comprimé, boîte de 10",Glimépiride,Antidiabetiques oraux,"Metabolisme- nu-trition-diabete",238,340,-
PTM5531,"FAIRMET-850 comprimé, boîte de 10",Glimépiride,Antidiabetiques oraux,"Metabolisme- nu-trition-diabete",420,600,-
PTM5532,"FAIRZOL 150 mg comprimé, boîte de  1",Fluconazole,Antifongique,"Infectiologie-parasi-tologie",1043,1490,-
PTM5533,"FALCIART 180/1080 suspension buvable, flacon de60 mL","Artéméther/Lumé-fantrine",Antipaludique,"Infectiologie-parasi-tologie",1645,2350,-
PTM5534,"FALCIART 80/480 mg comprimé, boîte de 1 bister de6","Artéméther/ Lumé-fantrine",Antipaludique,"Infectiologie-parasi-tologie",2009,2870,-
PTM5537,"FALSIBAN 80 mg/480 mg comprimé, boîte de 6","Artéméther/ Lumé-fantrine",Antipaludique,"Infectiologie-parasi-tologie",1680,2400,-
CODES,DESIGNATION,COMPOSITION,"SOUS CLASSEPHARMACO-THERAPEUTIQUE","CLASSE PHARMACO-THERAPEUTIQUE","PRIX BASE DEREMBOURSEMENT (G) x 70%","PRIXPUBLIC","ACCORDPREALABLE"
PTM5536,"FALCIGUARD Forte 80 mg/480 mg comprimés, boîtede 6","Artéméther/ Lumé-fantrine",Antipaludique,"Infectiologie-parasi-tologie",1337,1910,-
PTM5538,"FALSIGUARD injectable 80 mg/ml, boîte de 6ampoules de 1 ml",Artéméther,Antipaludique,"Infectiologie-parasi-tologie",3325,4750,-
PTM5539,"FALSUNATE 60 mg poudre pour injection, boîte de 1+ diluants",Artesunate,Antipaludique,"Infectiologie-parasi-tologie","878,5",1255,-
PTM1765,"FANGID crème BP 1 %, tube de 15 g",Clotrimazole,Antifongique,Dermatologie,"913,5",1305,-
PTM5540,"FANIGAN FAST gel, tube de 30 g",Diclofénac sodique,"Anti-inflammatoiresnon steréoidiens",Dermatologie,"1256,5",1795,-
PTM5541,"FARCO-CAINE pommade, tube de 20 g",Lidocaine,Anésthésique local,"Anesthesie-Réani-mation","731,5",1045,-
PTM5542,"FARCO-CAINE 10% spray, flacon de 50 g",Lidocaine,Anésthésique local,"Anesthesie-Réani-mation","1599,5",2285,-
PTM5543,"FARCOLIN SOLUTION RESPIRATOIRE en gouttesnasales, flacon de 20 Ml",Salbutamol,Antiasthmatique,Pneumologie,686,980,-
PTM5544,"FEBO-G 80 mg comprimé, boîte de 20",Febuxostat,Antigoutteux,Rhumatologie,1680,2400,-
PTM5545,"FEBREX PLUS comprimé, boîte de 10","Paracétamol/ Phénylé-phrine/ Chlorphénira-mine",Rhinites et sinusites,"Oto-Rino-Laryngo-logie",714,1020,-
PTM5546,"FEBREX PLUS comprimé, boîte de 4","Paracétamol/ Phénylé-phrine/ Chlorphénira-mine",Rhinites et sinusites,"Oto-Rino-Laryngo-logie","318,5",455,-
PTM5547,"FEBREX PLUS sirop, flacon de 60 ml","Paracétamol/ Phény-léphrine/ Chlorphé-niramine/ Citrate desodium",Rhinites et sinusites,"Oto-Rino-Laryngo-logie",714,1020,-
CODES,DESIGNATION,COMPOSITION,"SOUS CLASSEPHARMACO-THERAPEUTIQUE","CLASSE PHARMACO-THERAPEUTIQUE","PRIX BASE DEREMBOURSEMENT (G) x 70%","PRIXPUBLIC","ACCORDPREALABLE"
PTM5549,"FEBRILEX C® comprimé effervescent, boîte de 8","Paracetamol/ Acideascorbique/ Chlo-rhydrate de phénylé-phrine/ Maléate dephéniramine",Rhinites et sinusites,"Oto-Rino-Laryngo-logie","1718,5",2455,-
PTM1777,"FEBRILEX® JUNIOR sirop, flacon de 150 ml","Paracétamol/ Chlorphé-namine maléate",Rhinites et sinusites,"Oto-Rino-Laryngo-logie","1095,5",1565,-
PTM1776,"FEBRILEX sirop, flacon de 150 ml","Paracétamol/ Chlorphé-namine maléate",Rhinites et sinusites,"Oto-Rino-Laryngo-logie",1050,1500,-
PTM1775,"FEBRILEX® comprimé, boîte de 4","Paracétamol/ Chlorphé-namine maléate",Rhinites et sinusites,"Oto-Rino-Laryngo-logie",273,390,-
PTM1778,"FEDATE gélule, boîte de 3 étuis de 10","Fer élément/ Acidefolique/ Vitamine B12/Vitamine C/ Sulfate deZinc","Stimulant del’hématopoïèse (An-tianémique)","Hémostase -Hématopoïèse- Hémoglobinopa-thies","1690,5",2415,-
PTM1779,"FEDATE sirop, flacon de 200 Ml","Fer élément/ Acidefolique/ Vitamine B12/Vitamine C/ Sulfate deZinc","Stimulant del’hématopoïèse (An-tianémique)","Hémostase -Héma-topoïèse  -Hémoglobinopa-thies",1827,2610,-
PTM5550,"FEDROX 500 mg comprimé, boîte de 10","Céfadroxil (DCF) mo-nohydrate exprimé enproduit anhydre","Antibacterien (cepha-losporines)","Infectiologie-parasi-tologie",3220,4600,-
PTM5551,"FEDROX 500 mg sachet, boîte de 10","Céfadroxil (DCF) mo-nohydrate exprimé enproduit anhydre","Antibacterien (cepha-losporines)","Infectiologie-parasi-tologie",3500,5000,-
PTM1780,"FEDROX 250 mg /5ml, sirop, flacon de 250 ml","Céfadroxil (DCF) mo-nohydrate exprimé enproduit anhydre","Antibacterien (cepha-losporines)","Infectiologie-parasi-tologie",2338,3340,-
PTM5552,"FEDROX 250 mg comprimé dispersible,boite de 10","Céfadroxil (DCF) mo-nohydrate exprimé enproduit anhydre","Antibacterien (cepha-losporines)","Infectiologie-parasi-tologie",2450,3500,-
CODES,DESIGNATION,COMPOSITION,"SOUS CLASSEPHARMACO-THERAPEUTIQUE","CLASSE PHARMACO-THERAPEUTIQUE","PRIX BASE DEREMBOURSEMENT (G) x 70%","PRIXPUBLIC","ACCORDPREALABLE"
PTM5554,"FEKEY sirop, flacon de 200 ml","Edétate de Fer Sodique/Acide folique/ VitamineB6/ Vitamine B12","Stimulant del’hématopoïèse (An-tianémique)","Hémostase -Héma-topoïèse  -Hémoglobinopa-thies","1690,5",2415,-
PTM1787,"FELDENE 20 mg comprimé, boîte de 15",Piroxicam,"Anti-inflammatoirenonstéroïdien",Anti-inflammatoire,"2740,5",3915,-
PTM1785,"FELDENE 20 mg gélule, boîte de 15",Piroxicam,"Anti-inflammatoirenonstéroïdien",Anti-inflammatoire,2513,3590,-
PTM1786,"FELDENE 20 mg/1 ml solution injectable, boîte de 2ampoules",Piroxicam,"Anti-inflammatoirenonstéroïdien",Anti-inflammatoire,1351,1930,-
PTM5555,"FEMIFER®, sirop flacon de 200 ml",Fer/ Acide folique,"Stimulant del’hématopoïèse (An-tianémique)","Hémostase -Héma-topoïèse  -Hémoglobinopa-thies",1372,1960,-
PTM5556,"FEMIGESTON 100 mg capsule molle vaginale, boîtede 10",Progestérone,Progestatifs,"Gynécologie -Obstétrique","1571,5",2245,-
PTM5557,"FEMIGESTON 200 mg capsule molle vaginale, boîtede 10",Progestérone,Progestatifs,"Gynécologie -Obstétrique","3216,5",4595,-
PTM5558,"FEMIGESTON 300 mg capsule molle vaginale, boîtede 10",Progestérone,Progestatifs,"Gynécologie -Obstétrique",5061,7230,-
PTM1788,"FENE 400 mg comprimé, boîte de 10",Ibuprofène,"Anti-inflammatoiresnon steroidiens",Anti-inflammatoires,210,300,-
PTM1790,"FENOTHYL 160 mg comprimé pelliculé, boîte de 30",Fenofibrate,Hypolipémiants,"Metabolisme- nu-trition-diabete","6394,5",9135,-
PTM5559,"FER ACIDE FOLIQUE ZENTIVA 200 mg + 0,25 mgcomprimé, boîte de 10",Fer+Acide folique,"Stimulant del’hématopoïèse (An-tianémique)","Hémostase -Héma-topoïèse  -Hémoglobinopa-thies",1491,2130,-
"",,,SOUS CLASSE,PRIX BASE DE,,
"",,,CLASSE PHARMACO-,,PRIX,ACCORD
CODES,DESIGNATION,COMPOSITION,PHARMACO-,REMBOURSE,,
"",,,THERAPEUTIQUE,,PUBLIC,PREALABLE
"",,,THERAPEUTIQUE,MENT (G) x 70%,,
"",,Hémostase -Héma-Stimulant de Hydroxypolymaltose,topoïèse  -,,,
PTM5561,"FERAMALT 100 gélules, boîte de 20",-de fer,l’hématopoïèse (An-  Hémoglobinopa-tianémique),1610,2300,
"",,,thies,,,
"",,Hémostase -Héma-Fer/ Acide folique/,Stimulant de,,,
"",,,topoïèse  -,,,
PTM1800,"FERCEFOL comprimé, boîte de 30",Acide ascorbique (‘vita- - Hémoglobinopa-mine C),l’hématopoïèse (An- tianémique),"1095,5",1565,
"",,,thies,,,
"",,Hémostase -Héma-Fer/ Acide folique/,Stimulant de,,,
"",,,topoïèse  -,,,
PTM1801,"FERCEFOL sirop, flacon de 150",Acide ascorbique (‘vita- - Hémoglobinopa-mine C),l’hématopoïèse (An- tianémique),"1151,5",1645,
"",,,thies,,,
"","Hémostase -Héma-Stimulant de FERFOLTONE 129,5mg/0,25mg sirop, flacon de 200",,topoïèse  -,,,
PTM5562,,Fer+Acide folique,l’hématopoïèse (An-,1155,1650,-
"",ml,,Hémoglobinopa-tianémique),,,
"",,,thies,,,
"",,,Hémostase -Héma-Stimulant de,,,
"",,,topoïèse  -,,,
PTM1802,FERFOLTONE gelule Boite /30,Fer+Acide folique,l’hématopoïèse (An- - Hémoglobinopa-tianémique),"1046,5",1495,
"",,,thies,,,
"",,Citrate ferrique d’am-,,,,
"",,Hémostase -Héma-monium  (équivalent,Stimulant de,,,
"",,,topoïèse  -,,,
PTM5563,"FERIC sirop, flacon de 100 ml",élémentaire fer)/ - Hémoglobinopa-Cyanocobalamine/,l’hématopoïèse (An- tianémique),819,1170,
"",,thiesAcide folique,,,,
"",,Hémostase -Héma-Stimulant de Sulfate de fer/ Acide,topoïèse  -,,,
PTM1803,"FERLIX B12 solution orale, flacon de 200 ml",-folique/ Vitamine B12,l’hématopoïèse (An-  Hémoglobinopa-tianémique),"1277,5",1825,
"",,,thies,,,
"","Hémostase -Héma-Stimulant de FEROBSV 100 mg /5 mL solution injectable, boîte de",,topoïèse  -,,,
PTM5564,-5 ampoules,Fer element,l’hématopoïèse (An-  Hémoglobinopa-tianémique),"8788,5",12555,
"",,,thies,,,
"",,,Hémostase -Héma-Stimulant de,,,
"",,,topoïèse  -,,,
PTM5565,"FEROGEST comprimé, boîte de 3x10",Sulfate de fer,l’hématopoïèse (An- - Hémoglobinopa-tianémique),1736,2480,
"",,,thies,,,
CODES,DESIGNATION,COMPOSITION,"SOUS CLASSEPHARMACO-THERAPEUTIQUE","CLASSE PHARMACO-THERAPEUTIQUE","PRIX BASE DEREMBOURSEMENT (G) x 70%","PRIXPUBLIC","ACCORDPREALABLE"
PTM5566,"FEROKAV comprimé, boîte de 10",Fer/Acide folique,"Stimulant del’hématopoïèse (An-tianémique)","Hémostase -Héma-topoïèse  -Hémoglobinopa-thies","1774,5",2535,-
PTM5567,"FEROSOKAV 40 mg comprimé, boîte de 10",Furosémide,Diurétique,"Cardiologie-angeio-logie",1827,2610,-
PTM5568,"FEROZEN B9® gélule, boîte de 30","Spiruline/ Vitamine B9/Fer","Stimulant del’hématopoïèse (An-tianémique)","Hémostase -Héma-topoïèse  -Hémoglobinopa-thies",2989,4270,-
PTM5569,"FEROZYN capsules, boîte de 3X10","Fer/ Acide folique/Cyanocobalamine","Stimulant del’hématopoïèse (An-tianémique)","Hémostase -Héma-topoïèse  -Hémoglobinopa-thies","1473,5",2105,-
PTM5570,"FERPLEX 40 mg/15 ml solution orale, boîte de 10flacons de 15 ml","Fer protéinsuccinylate(équivalent à 40 mg defe3+)","Stimulant del’hématopoïèse (An-tianémique)","Hémostase -Héma-topoïèse  -Hémoglobinopa-thies",3654,5220,-
PTM5571,"FERRAVID comprimé, boîte de 10","Sulfate de Fer/ Acidefolique","Stimulant del’hématopoïèse (An-tianémique)","Hémostase -Héma-topoïèse  -Hémoglobinopa-thies","1172,5",1675,-
PTM1805,"FERRAVIT sirop, flacon de 200 Ml","Sulfate de Fer/ Acidefolique","Stimulant del’hématopoïèse (An-tianémique)","Hémostase -Héma-topoïèse  -Hémoglobinopa-thies",1827,2610,-
PTM5572,"FERREX FORTE sirop, flacon de 200 ml","Fer/ Acide folique/Vitamine B12","Stimulant del’hématopoïèse (An-tianémique)","Hémostase -Héma-topoïèse  -Hémoglobinopa-thies","1277,5",1825,-
"",,,SOUS CLASSE,PRIX BASE DE,,
"",,,CLASSE PHARMACO-,,PRIX,ACCORD
CODES,DESIGNATION,COMPOSITION,PHARMACO-,REMBOURSE,,
"",,,THERAPEUTIQUE,,PUBLIC,PREALABLE
"",,,THERAPEUTIQUE,MENT (G) x 70%,,
"",,Hémostase -Héma-Stimulant de Fer/ Acide folique/,topoïèse  -,,,
PTM5574,"Ferro vital+ Denk comprimé à mâcher, boîte de 30",-Vitamine C,l’hématopoïèse (An-  Hémoglobinopa-tianémique),3017,4310,
"",,,thies,,,
"",,,Hémostase -Héma-Stimulant de,,,
"",,,topoïèse  -,,,
PTM1807,"FERRO-DENK 50 comprimé pelliculé, boîte de 50",Fer (II),l’hématopoïèse (An- - Hémoglobinopa-tianémique),"2285,5",3265,
"",,,thies,,,
"",,,Hémostase -Héma-Stimulant de,,,
"",,,topoïèse  -,,,
PTM5575,"FERRO-M sirop, flacon de 100 mL",Fer/Cyanocobalamine,l’hématopoïèse (An- - Hémoglobinopa-tianémique),1470,2100,
"",,,thies,,,
"",,Hémostase -Héma-Levure sèche/ Fer/,Stimulant de,,,
"",,,topoïèse  -,,,
PTM1810,"FERROMIX sirop, flacon de 120 ml",Zinc/ Cuivre/ Huile de - Hémoglobinopa-Fenouil/ Huile carvi,l’hématopoïèse (An- tianémique),"1116,5",1595,
"",,,thies,,,
"",,Hémostase -Héma-Stimulant de Sulfate de Fer/ Acide,topoïèse  -,,,
PTM5576,"FERROSIX comprimé, boîte de 10",-folique,l’hématopoïèse (An-  Hémoglobinopa-tianémique),1491,2130,
"",,,thies,,,
"",,,Hémostase -Héma-Stimulant de,,,
"",,,topoïèse  -,,,
PTM1812,"FERROSTRANE 0,68% sirop, flacon de 125 ml",Fer,l’hématopoïèse (An- - Hémoglobinopa-tianémique),2100,3000,
"",,,thies,,,
"",,,Hémostase -Héma-Stimulant de,,,
"",,,topoïèse  -,,,
PTM1811,"FERROSTRANE 0,68% Sp Fl/200ml",Fer,l’hématopoïèse (An- - Hémoglobinopa-tianémique),1946,2780,
"",,,thies,,,
"",,Hémostase -Héma-Citrate d’ammonium,Stimulant de,,,
"",,,topoïèse  -,,,
PTM5577,"FERROVID sirop, flacon de 100 ml",ferrique/ Cyanocobala- - Hémoglobinopa-mine/ Acide folique,l’hématopoïèse (An- tianémique),"1263,5",1805,
"",,,thies,,,
"",,,Hémostase -Héma-Stimulant de,,,
"",,,topoïèse  -,,,
PTM5578,"FERTONE Injectable 20 mg, Boite de 5",Fer saccharose,l’hématopoïèse (An- - Hémoglobinopa-tianémique),13930,19900,
"",,,thies,,,
CODES,DESIGNATION,COMPOSITION,"SOUS CLASSEPHARMACO-THERAPEUTIQUE","CLASSE PHARMACO-THERAPEUTIQUE","PRIX BASE DEREMBOURSEMENT (G) x 70%","PRIXPUBLIC","ACCORDPREALABLE"
PTM5579,"FERTONE 154,53mg/0,35mg comprimés, Boite de 30",Fer saccharose,"Stimulant del’hématopoïèse (An-tianémique)","Hémostase -Héma-topoïèse  -Hémoglobinopa-thies",1400,2000,-
PTM1813,"FERVEX ADULTE granulé en sachet, boîte de 8","Paracétamol/ AcideAscorbique/ Maléatede Phéniramine",Rhinites et sinusites,"Oto-Rino-Laryngo-logie","1718,5",2455,-
PTM1814,"FERVEX  ENFANT, granulés pour solution buvable ensachets SANS SUCRE, boîte de 8","Maléate de phénira-mine/ Paracétamol/Acide ascorbique",Rhinites et sinusites,"Oto-Rino-Laryngo-logie",1701,2430,-
PTM5580,"FERVEX ENFANT SANS SUCRE, granulés pour solutionbuvable en sachet, boîte de 8","Maléate de phénira-mine/ Paracétamol/Acide ascorbique",Rhinites et sinusites,"Oto-Rino-Laryngo-logie",2030,2900,-
PTM5581,"FERVEX®  ADULTES FRAMBOISE granulés poursolution buvable en sachet, boîte de 8.","Paracétamol/ AcideAscorbique/ Maléatede Phéniramine",Rhinites et sinusites,"Oto-Rino-Laryngo-logie","1718,5",2455,-
PTM1815,"FERVEX®  ADULTES SANS SUCRE granulés poursolution buvable en sachet, boîte de 8.","Paracétamol/ AcideAscorbique/ Maléatede Phéniramine",Rhinites et sinusites,"Oto-Rino-Laryngo-logie",2030,2900,-
PTM1816,"FERVITAL sirop, flacon de 100 ml","Acide folique/ Citrated’ammonium ferrique/Cyanocobalamine","Stimulant del’hématopoïèse (An-tianémique)","Hémostase -Héma-topoïèse  -Hémoglobinopa-thies",623,890,-
PTM5582,"FERVITAL sirop, flacon de 200 ml","Acide folique/ Citrated’ammonium ferrique/Cyanocobalamine","Stimulant del’hématopoïèse (An-tianémique)","Hémostase -Héma-topoïèse  -Hémoglobinopa-thies",1260,1800,-
PTM5583,"FEVAROL comprimé, boîte de 4","Paracétamol/ HCL Phé-nyléphrine/ Maléatede Chlorphéniramine/Caféine",Rhinites et sinusites,"Oto-Rino-Laryngo-logie",434,620,-
CODES,DESIGNATION,COMPOSITION,"SOUS CLASSEPHARMACO-THERAPEUTIQUE","CLASSE PHARMACO-THERAPEUTIQUE","PRIX BASE DEREMBOURSEMENT (G) x 70%","PRIXPUBLIC","ACCORDPREALABLE"
PTM5585,"FEVERLET FORTE comprimé, boîte de 30","Acéclofénac/ Paracé-tamol /  Chlorzoxazone","Antalgiques-Antipyré-tiques","Antalgiques-Antipy-rétiques-Antispas-modiques","1746,5",2495,-
PTM1822,"FEZOMIN sirop, flacon de 200 ml","Citrate ferrique d’am-monium/ Sulfate decuivre/ Sulfate de man-ganèse/ Sulfate de zinc/Vitamine B6/ VitaminePP/ Vitamine B12","Stimulant del’hématopoïèse (An-tianémique)","Hémostase -Héma-topoïèse  -Hémoglobinopa-thies","1816,5",2595,-
PTM1821,"FEZOMIN C gélule, boite de 30","Citrate ferrique d’am-monium/ Sulfate decuivre/ Sulfate de man-ganèse/ Sulfate de zinc/Vitamine B6/ VitaminePP/ Vitamine B13","Stimulant del’hématopoïèse (An-tianémique)","Hémostase -Héma-topoïèse  -Hémoglobinopa-thies","1515,5",2165,-
PTM5586,"FIFER capsules, boîte de 30","Fer/Acide folique/Vita-mine B12/Zinc","Stimulant del’hématopoïèse (An-tianémique)","Hémostase -Héma-topoïèse  -Hémoglobinopa-thies",917,1310,-
PTM5587,FIFER sirop,"Fer/Acide folique/Vita-mine B12/Zinc","Stimulant del’hématopoïèse (An-tianémique)","Hémostase -Héma-topoïèse  -Hémoglobinopa-thies",1526,2180,-
PTM5588,"FILOBEX comprimé, boîte de 10","Nitrate de thiamine/ Ri-boflavine/ Nicotinamide",Vitamines,"Metabolisme- nu-trition-diabete","1256,5",1795,-
PTM5589,"FILSTATIN 10 comprimé, boîte de 10",Atorvastatine,Hypolipémiants,"Metabolisme- nu-trition-diabete",2450,3500,-
PTM1832,"FILTRIAX 1 g, poudre pour injection,  boîte de 1flacon + solvant.",Ceftriaxone,"Antibacterien (cepha-losporines)","Infectiologie-parasi-tologie",700,1000,-
PTM1833,"FILTRIAX 500 mg poudre pour injection,  boîte de 1flacon + solvant",Ceftriaxone,"Antibacterien (cepha-losporines)","Infectiologie-parasi-tologie",434,620,-
CODES,DESIGNATION,COMPOSITION,"SOUS CLASSEPHARMACO-THERAPEUTIQUE","CLASSE PHARMACO-THERAPEUTIQUE","PRIX BASE DEREMBOURSEMENT (G) x 70%","PRIXPUBLIC","ACCORDPREALABLE"
PTM5591,"FINANEMI comprimés pelliculés, boîte de 3 x 10","Fumarate ferreux/Cyanocobalamine/Acide folique/ Pyri-doxine/ Zinc","Stimulant del’hématopoïèse (An-tianémique)","Hémostase -Héma-topoïèse  -Hémoglobinopa-thies","1151,5",1645,-
PTM5592,"FINANEMI sirop, flacon de 200 ml","Hydroxde de polymal-tose fer (III)/ Cyano-cobalamine/ Acide fo-lique/ Pyridoxine/ Zinc/Cuivre/ Manganèse","Stimulant del’hématopoïèse (An-tianémique)","Hémostase -Héma-topoïèse  -Hémoglobinopa-thies",1827,2610,-
PTM5593,"FINANEMI solution injectable, boîte de 5 ampoules",Complexe de fer (III),"Stimulant del’hématopoïèse (An-tianémique)","Hémostase -Héma-topoïèse  -Hémoglobinopa-thies",3864,5520,-
PTM5594,"FINGOLINE 0,5 mg gélules, boîte de 30",Fingolimod,Sclérose en plaque,Neurologie,"1802,5",2575,-
PTM5595,"FINGRIP poudre pour solution orale, boîte de 10sachets","Paracétamol/ Phénylé-phrine / Chlorphenira-mine/ Vitamine C",Rhinites et sinusites,"Oto-Rino-Laryngo-logie","1718,5",2455,-
PTM5596,"FINISPA® comprimé  , boîte de 10","Paracetamol/N-Buthyl-hyoscine",Antalgiques,"Antalgiques-Antipy-rétiques",1169,1670,-
PTM5597,"FIXEF 200 mg comprimé pelliculé, boîte de 10",Céfixime,"Antibacterien (Cepha-losporines)","Infectiologie-parasi-tologie","3062,5",4375,-
PTM1838,"FIXIM 200 comprimé, boîte de 10",Céfixime,"Antibacterien (Cepha-losporines)","Infectiologie-parasi-tologie","4798,5",6855,-
PTM1837,"FIXIM 100 mg/5 mL poudre pour suspension orale,flacon de 60 Ml",Céfixime,"Antibacterien (Cepha-losporines)","Infectiologie-parasi-tologie",5481,7830,-
PTM5598,"FIXIM 40 mg/5 mL poudre pour suspension orale,flacon de 40 mL",Céfixime,"Antibacterien (Cepha-losporines)","Infectiologie-parasi-tologie","2740,5",3915,-
PTM5599,"FIXXE 100 mg/5ml poudre pour suspension buvable,flacon de 60 ml",Céfixime,"Antibacterien (Cepha-losporines)","Infectiologie-parasi-tologie","3503,5",5005,-
PTM5600,"FIXXE 200 mg comprimé dispersible, boîte de 10",Céfixime,"Antibacterien (Cepha-losporines)","Infectiologie-parasi-tologie","4273,5",6105,-
CODES,DESIGNATION,COMPOSITION,"SOUS CLASSEPHARMACO-THERAPEUTIQUE","CLASSE PHARMACO-THERAPEUTIQUE","PRIX BASE DEREMBOURSEMENT (G) x 70%","PRIXPUBLIC","ACCORDPREALABLE"
PTM5602,"FIZACLAV 562,5 mg comprimé, boîte de 2x8","Amoxi+Acide clavula-nique",Antibacterien,"Infectiologie-parasi-tologie",3213,4590,-
PTM5603,"FIZACLAV 1125 mg comprimés pelliculés, boîte de2x8","Amoxi+Acide clavula-nique",Antibacterien,"Infectiologie-parasi-tologie",5026,7180,-
PTM5604,"FIZZOPAR 650 mg comprimés effervescents, boîte de12",Paracétamol,"Antalgiques-Antipyré-tiques","Antal-giques-Antypyré-tiques","1095,5",1565,-
PTM1839,"FLAGENTYL 500 mg comprimé pelliculé sécable,boîte de 4",Secnidazole,"Antiparasitaires (Anti-protozoaire)","Infectiologie-parasi-tologie",2905,4150,-
PTM1843,"FLAGYL 500 mg ovule, boîte de 10",Metronidazole,Antibacterien,"Infectiologie-parasi-tologie",1680,2400,-
PTM1844,"FLAGYL 500 mg comprimé pelliculé, boîte de 14",Metronidazole,Antibacterien,"Infectiologie-parasi-tologie","1536,5",2195,-
PTM1841,"FLAGYL 250 mg comprimé pelliculé, boîte de 20",Metronidazole,Antibacterien,"Infectiologie-parasi-tologie",1771,2530,-
PTM1842,"FLAGYL 4 % suspension buvable, flacon de 120 ml",Metronidazole,Antibacterien,"Infectiologie-parasi-tologie",1645,2350,-
PTM5605,"FLAGYL 0,5 % solution injectable pour perfusion enpoche, flacon de 100 mL",Metronidazole,Antibacterien,"Infectiologie-parasi-tologie",2093,2990,-
PTM5606,"FLAMAR MX comprimé, boîte de 20","Paracetamol/Diclo-fénac potassium/Chlorzoxazone","Antalgiques-Antipyré-tiques","Antalgiques-Antipy-rétiques-Antispas-modiques","1543,5",2205,-
PTM1845,"FLANID 100 mg comprimé sécable, boîte de 30",Acide tiaprofenique,"Anti-inflammatoiresnon steroidiens",Anti-inflammatoires,1883,2690,-
PTM1846,"FLANID 200 mg comprimé sécable, boîte de 15",Acide tiaprofenique,"Anti-inflammatoiresnon steroidiens",Anti-inflammatoires,"1956,5",2795,-
PTM1847,"FLATORIL capsules dures, boîte de 45","Clébopride  DCI/Simé-thicone","Troubles fonctionnelsdigestifs et/ou biliaires","Gastro-Enté-ro-Hépathologie",3199,4570,-
PTM5607,"FLECTOR 1% gel, tube de 60 g",Diclofénac sodique,"Anti-inflammatoiresnon steroidiens",Anti-inflammatoires,1995,2850,-
PTM1855,"FLEMING 1,2 g solution injectable, boîte de 5 flacons","Amoxicilline/Acideclavulanique","Antibacterien (Penicil-lines)","Infectiologie-parasi-tologie",5712,8160,-
CODES,DESIGNATION,COMPOSITION,"SOUS CLASSEPHARMACO-THERAPEUTIQUE","CLASSE PHARMACO-THERAPEUTIQUE","PRIX BASE DEREMBOURSEMENT (G) x 70%","PRIXPUBLIC","ACCORDPREALABLE"
PTM1856,"FLEMING 250 mg/31,25 mg poudre pour suspensionbuvable, flacon de 60 ml","Amoxicilline/Acideclavulanique","Antibacterien (Penicil-lines)","Infectiologie-parasi-tologie","1690,5",2415,-
PTM5608,"FLEMING® 100 mg/12,5 mg/mL NOURISSONSpoudre pour suspension buvable, flacon de 30 mL +Pipette doseuse","Amoxicilline/Acideclavulanique","Antibacterien (Penicil-lines)","Infectiologie-parasi-tologie","1725,5",2465,-
PTM5609,"FLEMING® 100 mg/12,5 mg/mL ENFANTS poudrepour suspension buvable, flacon de 60 mL + Pipettedoseuse","Amoxicilline/Acideclavulanique","Antibacterien (Penicil-lines)","Infectiologie-parasi-tologie",3171,4530,-
PTM1858,"FLEMING 500 mg/62,5mg comprimé, boîte de 16","Amoxicilline/Acideclavulanique","Antibacterien (Penicil-lines)","Infectiologie-parasi-tologie","2740,5",3915,-
PTM5610,"FLEX  NOR 400 mg comprimé, boite de 10",Norfloxacine,"Antibacterien (Quino-lones)","Infectiologie-parasi-tologie",1316,1880,-
PTM5611,"FLEXABENZ gel, tube de 30 g",Diclofénac/Huile de Lin,"Anti-inflammatoiresnon stéroidiens",Dermatologie,"1263,5",1805,-
PTM1862,"FLEXDOL® comprimé, boîte de 10","Ibuprofène/ Méthocar-bamol","AINS+Antispasmo-diques","Antalgiques-Antipy-rétiques-Antispas-modiques","1305,5",1865,-
PTM5612,"FLIPTOR 10 mg comprimé, boîte de 30",Rosuvastatine,Hypolipémiants,"Cardiologie -Angéiologie- Méta-bolisme - Nutrition",3654,5220,-
PTM5613,"FLIPTOR 5 mg comprimé, boîte de 30",Rosuvastatine,Hypolipémiants,"Cardiologie -Angéiologie- Méta-bolisme - Nutrition","2740,5",3915,-
PTM1864,"FLOCIP 500 mg comprimé pelliculé, boîte de 10",Ciprofloxacine,"Antibacterien (Quino-lones)","Infectiologie-parasi-tologie",2786,3980,-
PTM1866,"FLOTAC 75 mg gélule, boîte de 20",Diclofénac sodique,"Anti-inflammatoiresnon stéroidiens",Anti-inflammatoires,"4560,5",6515,-
PTM5614,"FLOTRAL 10 mg comprimé LP, boîte de 10",Alfuzosine,"Alpha-bloquant(Pros-tate)",Urologie,1750,2500,-
PTM5615,"FLOX 200 mg comprimé pelliculé sécable, boîte de10","Ofloxacine200 mg","Antibacterien (Quino-lones)","Infectiologie-parasi-tologie",2940,4200,-
CODES,DESIGNATION,COMPOSITION,"SOUS CLASSEPHARMACO-THERAPEUTIQUE","CLASSE PHARMACO-THERAPEUTIQUE","PRIX BASE DEREMBOURSEMENT (G) x 70%","PRIXPUBLIC","ACCORDPREALABLE"
PTM5617,"FLOXCIN-400 comprimés pelliculés sécables, boîtede 10",Ofloxacine,"Antibacterien (Quino-lones)","Infectiologie-parasi-tologie","2047,5",2925,-
PTM5618,"FLOXIRA 500 mg comprimé  , boîte de 10",Levofloxacine,"Antibacterien (Quino-lones)","Infectiologie-parasi-tologie",3654,5220,-
PTM5619,"FLOXO-OZ 200 mg+500 mg comprimé, boîte de 10",Ofloxacine/ Ornidazole,"Antibacterien (Quino-lones)+Antifongique","Infectiologie-parasi-tologie","1746,5",2495,-
PTM1875,"FLUB 100 mg comprimé, boîte de 6",Flubendazole,Antihelmintique,"Infectiologie-parasi-tologie",1645,2350,-
PTM1877,"FLUCAND 150 mg gélule, boîte de 1",Fluconazole,Antifongique,"Infectiologie-parasi-tologie","2558,5",3655,-
PTM1878,"FLUCAND 50 mg gélule, boîte de 7",Fluconazole,Antifongique,"Infectiologie-parasi-tologie",5299,7570,-
PTM5620,"FUCANOL®  250 mg/5 mL suspension orale, flaconde 100 mL","Flucloxacilline250 mg","Antibacterien (Penicil-lines)","Infectiologie-parasi-tologie",2093,2990,-
PTM5621,"FUCANOL® 500 gélules, boîte de 12","Flucloxacilline500 mg","Antibacterien (Penicil-lines)","Infectiologie-parasi-tologie",1463,2090,-
PTM1879,"FLUCAP 150 comprimé, boite de 1",Fluconazole,Antifongique,"Infectiologie-parasi-tologie",1141,1630,-
PTM5622,"FLUCAP 50 mg /5ml sirop, flacon de 60 ml",Fluconazole,Antifongique,"Infectiologie-parasi-tologie",1113,1590,-
PTM1882,"FLUCAZOL gélule, étui de 10",Fluconazole,Antifongique,"Infectiologie-parasi-tologie",1645,2350,-
PTM1881,"FLUCAZOL poudre pour suspension orale, flacon de60 ml",Fluconazole,Antifongique,"Infectiologie-parasi-tologie",1645,2350,-
PTM5623,"FLUCAZOL 150 mg poudre pour suspension buvable,boîte de 20 sachets de 6 g",Fluconazole,Antifongique,"Infectiologie-parasi-tologie","1746,5",2495,-
PTM5624,"FLUCAZOL 200 mg poudre pour suspension buvable,boîte de 20 sachets de 8 g",Fluconazole,Antifongique,"Infectiologie-parasi-tologie","1753,5",2505,-
PTM1885,"FLUCESS 150 mg gelule, boite de 1",Fluconazole,Antifongique,"Infectiologie-parasi-tologie","4385,5",6265,-
CODES,DESIGNATION,COMPOSITION,"SOUS CLASSEPHARMACO-THERAPEUTIQUE","CLASSE PHARMACO-THERAPEUTIQUE","PRIX BASE DEREMBOURSEMENT (G) x 70%","PRIXPUBLIC","ACCORDPREALABLE"
PTM5625,"FLUCIAN 150 mg comprimé, boîte de 1","Fluconazole USP150 mg",Antifongique,"Infectiologie-parasi-tologie",294,420,-
PTM1889,"FLUCOMYC® 150 mg comprimé, boîte de 1",Fluconazole,Antifongique,"Infectiologie-parasi-tologie","248,5",355,-
PTM1890,"FLUCON collyre, flacon de 3 ml","Fluorométholone 0,1 g","Anti-inflammatoirelocal",Ophtalmologie,924,1320,-
PTM5626,"FLUCONA DENK 150 boite de 1 gélule, sous blister",Fluconazole,Antifongique,"Infectiologie-parasi-tologie",1554,2220,-
PTM5627,FLUCONA DENK 150 boite de 1 gélule,Fluconazole,Antifongique,"Infectiologie-parasi-tologie",1008,1440,-
PTM1891,FLUCONA DENK 100 boite de 10 gélule,Fluconazole,Antifongique,"Infectiologie-parasi-tologie",1827,2610,-
PTM5628,"FLUCONAZOLE KABI 2 mg/ml solution pourperfusion, flacon de 100 ml",Fluconazole,Antifongique,"Infectiologie-parasi-tologie","3363,5",4805,-
PTM5629,"FLUCONAZOLE KABI 2 mg/ml solution pourperfusion, flacon de 200 ml",Fluconazole,Antifongique,"Infectiologie-parasi-tologie","3902,5",5575,-
PTM5630,"FLUCONAZOLE KABI 2 mg/ml solution pourperfusion, flacon de 50 ml",Fluconazole,Antifongique,"Infectiologie-parasi-tologie",3108,4440,-
PTM5631,"FLUCONAZOLE WIN 150 mg gélule, boîte de 1",Fluconazole,Antifongique,"Infectiologie-parasi-tologie",1001,1430,-
PTM5632,"FLUCONAZOLE WIN 150 mg gélule, boîte de 4",Fluconazole,Antifongique,"Infectiologie-parasi-tologie",1491,2130,-
PTM5633,"FLUCOZYL 150 mg gélule, boîte de 1",Fluconazole,Antifongique,"Infectiologie-parasi-tologie",1001,1430,-
PTM5634,"FLUDECAP 25 mg injectable, boite de 3",Fluphenazine,Antipsychotique,Psychiatrie,3703,5290,-
PTM1895,"FLUCTINE gellule 20 mg, boite de 12",Fluoxétine,Antidepresseur,Psychiatrie,"2936,5",4195,-
PTM1897,"FLUDEX 1,5 mg LP comprimé pelliculé à libérationprolongée, boîte de 30",Indapamide,"Antihypertenseur(Diurétique)","Cardiologie -Angéio-logie",4403,6290,-
CODES,DESIGNATION,COMPOSITION,"SOUS CLASSEPHARMACO-THERAPEUTIQUE","CLASSE PHARMACO-THERAPEUTIQUE","PRIX BASE DEREMBOURSEMENT (G) x 70%","PRIXPUBLIC","ACCORDPREALABLE"
PTM1899,FLUDITEC 5% Sp Ad Fl/125ml,Carbocistéine,Mucolytique,Pneumologie,1351,1930,-
PTM1900,FLUDITEC 5% Sp Ad Fl/300ml,Carbocistéine,Mucolytique,Pneumologie,"2831,5",4045,-
PTM5635,"FLUDOL capsule, boîte de 10","Phenyléphrine HCL/Chlorphéniraminemaléate/ Paracétamol/Caféine",Rhinites et sinusites,"Oto-Rino-Laryngo-logie","367,5",525,-
PTM5636,"FLUDOL DM sirop, flacon de 120 ml","DextrometorphaneHBr/ Chlorphéniraminemaléate/ PhenyléphrineHCL IP",Rhinites et sinusites,"Oto-Rino-Laryngo-logie",1141,1630,-
PTM5637,"FLUDOL Expectorant sirop, flacon de 120 ml","Ammonium chloride/Phenyléphrine HCL/Chlorphéniraminemaléate",Rhinites et sinusites,"Oto-Rino-Laryngo-logie",1792,2560,-
PTM5638,"FLUDOL P+ sirop, flacon de 120 ml","Paracétamol/ Phenylé-phrine HCL/ Chlorphé-niramine maléate",Rhinites et sinusites,"Oto-Rino-Laryngo-logie","1095,5",1565,-
PTM5639,"FLUGEN 100 mg comprimés, boîte de 10",Fluconazole,Antifongique,"Infectiologie-parasi-tologie",1316,1880,-
PTM5640,"FLUGEN 50 MG poudre pour suspension buvable,flacon de  60 ml",Fluconazole,Antifongique,"Infectiologie-parasi-tologie","1095,5",1565,-
PTM5641,"FLUIDIBRONC adulte sirop, flacon de 250 ml",Carbocystéine,Mucolytique,Pneumologie,770,1100,-
PTM5642,"FLUIDIBRONC enfants sirop, flacon de 125 ml",Carbocystéine,Mucolytique,Pneumologie,672,960,-
PTM5643,"FLUIMUCIL 2% ENFANTS SANS SUCRE solutionbuvable, flacon de 100 ml",Acétylcystéine,"Mucolytique -expectorant",Pneumologie,1463,2090,-
PTM1905,"FLUIMUCIL  200 mg ADULTES, granulés pour solutionbuvable en boîte de 18 sachets",Acétylcystéine,"Mucolytique -expectorant",Pneumologie,1589,2270,-
PTM1904,"FLUIMUCIL  200 mg granulés pour solution buvableen boîte de 30 sachets",Acétylcystéine,"Mucolytique -expectorant",Pneumologie,2422,3460,-
CODES,DESIGNATION,COMPOSITION,"SOUS CLASSEPHARMACO-THERAPEUTIQUE","CLASSE PHARMACO-THERAPEUTIQUE","PRIX BASE DEREMBOURSEMENT (G) x 70%","PRIXPUBLIC","ACCORDPREALABLE"
PTM5645,"FLUKAS 200 mg solution injectable, boîte de 1 flaconde 100 ml",Fluconazole,Antifongique,"Infectiologie-parasi-tologie",3654,5220,-
PTM5646,"FLUKAYA 100 mg comprimé, boîte de 10",Fluconazole,Antifongique,"Infectiologie-parasi-tologie",1533,2190,-
PTM5647,"FLUKAYA 150 mg comprimé, boîte de 1",Fluconazole,Antifongique,"Infectiologie-parasi-tologie","1424,5",2035,-
PTM5648,"FLUKOCIN 500 mg gélule, boîte de 20",Fluconazole,Antifongique,"Infectiologie-parasi-tologie","2285,5",3265,-
PTM5649,"FLUKOCIN 250 mg/5 mL poudre pur solutionbuvable, flacon de 100 mL.",Fluconazole,Antifongique,"Infectiologie-parasi-tologie","2285,5",3265,-
PTM1917,"FLUOMAC 150 mg gélule, boîte de 1",Fluconazole,Antifongique,"Infectiologie-parasi-tologie","731,5",1045,-
PTM5650,"FLUOMIZIN 10 mg comprimés vaginaux, boîte de 6","Chlorure de déquali-nium",Antibactericide,Gynécologie,3199,4570,-
PTM1922,"FLUOXET 20 mg gélule, boîte de 20",Fuoxétine,Antidépresseur,Psychiatrie,"8515,5",12165,-
PTM1921,"FLUOXET 20 mg gélule, boîte de 10",Fuoxétine,Antidépresseur,Psychiatrie,4760,6800,-
PTM5651,"FLUOXETINE MERINAL 20 mg gélule, boîte de 30",Fuoxétine,Antidépresseur,Psychiatrie,"2579,5",3685,-
PTM1923,"FLUOXINE 500 mg comprimé sécable, boite de 10",Ciprofloxacine,"Antibacterien (Quino-lones)","Infectiologie-parasi-tologie",1554,2220,-
PTM5652,"FLUOXINE®-750 mg comprimé pelliculé, boîte de 10",Ciprofloxacine,"Antibacterien (Quino-lones)","Infectiologie-parasi-tologie",1554,2220,-
PTM5653,"FLUOXINE T® 500 mg/600 mg comprimé pelliculé,boîte de 10","Ciprofloxacine /Tini-dazole","Antibacterien (Quino-lones+Imidazolé)","Infectiologie-parasi-tologie","1823,5",2605,-
PTM5654,"FLURBINAD 100 mg comprimé, boite de 10",Flurbiprofène,"Anti-inflammatoiresnon Steroidiens (AINS)",Anti-inflammatoires,"1396,5",1995,-
PTM5655,"FLURIFEN® 100 mg comprimés, boîte de 15",Flurbiprofène,"Anti-inflammatoiresnon Steroidiens (AINS)",Anti-inflammatoires,1974,2820,-
CODES,DESIGNATION,COMPOSITION,"SOUS CLASSEPHARMACO-THERAPEUTIQUE","CLASSE PHARMACO-THERAPEUTIQUE","PRIX BASE DEREMBOURSEMENT (G) x 70%","PRIXPUBLIC","ACCORDPREALABLE"
PTM5657,"FLUSTAPH 125 mg/5 mL poudre pour suspensionbuvable, flacon de 100 Ml",Fucloxacilline  sodique,"Antibacterien (Penicil-lines)","Infectiologie-parasi-tologie","1158,5",1655,-
PTM5658,"FLUSTAPH 500 mg gelule,boîte de 12",Fucloxacilline  sodique,"Antibacterien (Penicil-lines)","Infectiologie-parasi-tologie",1680,2400,-
PTM5659,"FLUSTAPH 500 mg gelule,boîte de 24",Fucloxacilline  sodique,"Antibacterien (Penicil-lines)","Infectiologie-parasi-tologie","1753,5",2505,-
PTM5660,"FLUTIFORM® 125 mcg/5 mcg suspension pourinhalation, flacon de 120 doses",Fluticasone/Formotérol,Glucocorticoïdes,Anti-inflammatoires,"11560,5",16515,-
PTM5661,"FLUTIFORM® 250 mcg/5 mcg suspension pourinhalation, flacon de 120 doses",Fluticasone/Formotérol,Glucocorticoïdes,Anti-inflammatoires,"14528,5",20755,-
PTM5662,"FLUTIFORM® 50 mcg/5 mcg suspension pourinhalation, flacon de 120 doses",Fluticasone/Formotérol,Glucocorticoïdes,Anti-inflammatoires,"9047,5",12925,-
PTM1928,"FLUXOL 30 mg comprimé, boîte de 20","Chlorhydrate d’am-broxol",Mucolytique,Pneumologie,595,850,-
PTM5663,"FLUZON 150 mg Sirop, flacon de 100 ml",Fluconazole,Antifongique,"Infectiologie-parasi-tologie","1102,5",1575,-
PTM5664,"FLUZYN 20 mg gélules, boîte de 30",Fluoxétine,Antidépresseur,Psychiatrie,"1816,5",2595,-
PTM5665,"FOGYL 250 mg comprimé, boîte de 10",Métronidazole,"Antibacterien (Imi-dazolés)","Infectiologie-parasi-tologie","703,5",1005,-
PTM5666,"FOLICIL 5 mg comprimé, boîte de 20",Acide folique,Antianémique,"Cancérologie -Hé-matologie",1232,1760,-
PTM1931,"FOLIFER comp pell, plaquette de 10","Fer (sous forme desulfate ferreux-actionprolongée)/ Acidefolique","Stimulant del’hématopoïèse (An-tianémique)","Hémostase -Héma-topoïèse  -Hémoglobinopa-thies",3087,4410,-
PTM5667,"FOLIGRAF 150 U.I poudre lyophilisée pour injection,boîte de 1 flacon + solvant","Hormone Folliculo-Sti-mulante HumaineRecombinante (r-hFSH)75 UI",Hormones,Gynécologie,19173,27390,-
CODES,DESIGNATION,COMPOSITION,"SOUS CLASSEPHARMACO-THERAPEUTIQUE","CLASSE PHARMACO-THERAPEUTIQUE","PRIX BASE DEREMBOURSEMENT (G) x 70%","PRIXPUBLIC","ACCORDPREALABLE"
PTM5669,"FOLIGROW gélule, boîte de 2X15","Fer/ Zinc/ Cuivre/ Fo-lacine/ Vitamine B12/Vitamine B6","Stimulant del’hématopoïèse (An-tianémique)","Hémostase -Héma-topoïèse  -Hémoglobinopa-thies","836,5",1195,-
PTM5670,"FORBICOF comprimé, boîte de 10","Paracétamol/ Phénylé-phrine/ Caféine",Rhinites et sinusites,"Oto-Rino-Laryngo-logie","1095,5",1565,-
PTM1935,"FORCAN-150 gélule, boîte de 1",Fluconazole,Antifongique,"Infectiologie-parasi-tologie","913,5",1305,-
PTM1938,"FORLAX 10 g poudre pour suspension buvable, boîtede 10 sachets",Macrogol,Laxatifs,"Gastro-Enté-ro-Hépathologie",1561,2230,-
PTM1939,"FORLAX 10 g poudre pour suspension buvable, boîtede 20 sachets",Macrogol,Laxatifs,"Gastro-Enté-ro-Hépathologie",2842,4060,-
PTM5671,"FORMET LP 500 comprimé pelliculé, boîte de 30",Metformine,Antidiabetiques oraux,"Métabolisme-nutri-tion-Diabete",1645,2350,-
PTM5672,"FORMET LP 850 comprimé pelliculé, boîte de 30",Metformine,Antidiabetiques oraux,"Métabolisme-nutri-tion-Diabete",1792,2560,-
PTM5673,"FORTADOL® comprimés pelliculés, boîte de 15",Paracetamol/Tramadol,"Antalgique opioïdepériphérique","Antalgiques -Antipy-rétiques -Antispasmodiques",1463,2090,-
PTM5674,"FORTZAAR 100 mg/12,5 mg comprimé pelliculé,boîte de 28","Losartan/Hydrochloro-thiazide","Antihypertenseur (Sar-tan+Diurétique)","Cardiologie-angeio-logie",5208,7440,-
PTM5675,"FORTZAAR 100 mg/25 mg comprimé pelliculé, boîtede 28","Losartan/Hydrochloro-thiazide","Antihypertenseur (Sar-tan+Diurétique)","Cardiologie-angeio-logie",5481,7830,-
PTM5676,"FOSFO CARE 3 g poudre pour suspension buvable,boîte de 1 sachet",Fosfomycine,"Antibacterien (Acidesphosphoniques)","Infectiologie-parasi-tologie","1746,5",2495,-
PTM5677,"FOSMOL 3000 mg granulé pour solution buvable,boîte de 1 sachet",Fosfomycine,"Antibacterien (Acidesphosphoniques)","Infectiologie-parasi-tologie","3636,5",5195,-
PTM1944,FRAKIDEX Collyre Fl/5ml,"Framycétine/ Dexamé-thasone","Antibactérien+An-tiiflam matoire(Locaux)",Ophtalmologie,1526,2180,-
CODES,DESIGNATION,COMPOSITION,"SOUS CLASSEPHARMACO-THERAPEUTIQUE","CLASSE PHARMACO-THERAPEUTIQUE","PRIX BASE DEREMBOURSEMENT (G) x 70%","PRIXPUBLIC","ACCORDPREALABLE"
PTM1946,"FRAMOPTIC-D solution ophtalmique/auriculaire,flacon de 10 ml","Framycétine sulfate/Dexaméthasonephosphate sodique/Gramicidine","Antibactérien+An-tiiflam matoire(Locaux)",Ophtalmologie,1498,2140,-
PTM5678,"FRIDIAL Enfant 250 mg/50 ml solution buvable,flacon de 50 ml",Bromure de prifinium,"Traitement destroubles fonctionnelsdigestifs","Gastro-Enté-ro-Hépathologie","2943,5",4205,-
PTM5679,"FRIDIAL 30 mg comprimé, boîte de 20",Bromure de prifinium,"Traitement destroubles fonctionnelsdigestifs","Gastro-Enté-ro-Hépathologie","1809,5",2585,-
PTM1949,"FRUCTINE comprimé à sucer, boîte de 30",Sodium Picosulfate,Laxatifs,"Gastro-Enté-ro-Hépathologie","1809,5",2585,-
PTM5680,"FUCICORT 20 mg/1 mg crème, tube de 15 g","Acide fusidique/ Béta-méthasone","Antibiotique pourusage topique+AIS",Dermatologie,"1753,5",2505,-
PTM1951,"FUCIDINE 2% crème dermique, tube de 15 g",Acide fusidique,"Antibiotique pourusage topique",Dermatologie,"1571,5",2245,-
PTM1952,"FUCIDINE 2% pommade, tube de 15 g",Acide fusidique,"Antibiotique pourusage topique",Dermatologie,"1571,5",2245,-
PTM1950,"FUCIDINE® 250 mg comprimé pelliculé, boîte de 10",Acide fusidique,"Antibiotique pourusage topique","Infectiologie-parasi-tologie",7245,10350,-
PTM5681,"FUCIDINE® 250 mg/5 ml suspension buvable, flaconde 50 ml",Acide fusidique,"Antibiotique pourusage topique","Infectiologie-parasi-tologie",6265,8950,-
PTM1953,"FUCITHALMIC® 1 POUR CENT, gel ophtalmique, tubede 3 g",Acide fusidique,"Antibiotique pourusage topique",Ophtalmologie,1855,2650,-
PTM1954,"FUCLO 250 mg suspension orale, flacon de 100 ml",Flucloxacilline,"Antibacterien (Penicil-lines)","Infectiologie-parasi-tologie","6268,5",8955,-
PTM1955,"FUCLO 500 mg gélule, boîte de 24",Flucloxacilline,"Antibacterien (Penicil-lines)","Infectiologie-parasi-tologie","3006,5",4295,-
CODES,DESIGNATION,COMPOSITION,"SOUS CLASSEPHARMACO-THERAPEUTIQUE","CLASSE PHARMACO-THERAPEUTIQUE","PRIX BASE DEREMBOURSEMENT (G) x 70%","PRIXPUBLIC","ACCORDPREALABLE"
PTM5682,"Fumarate Ferreux + Acide Folique TM 200 mg + 0,25mg, boîte de 10 comprimés",Fer/ Acide folique,"Stimulant del’hématopoïèse (An-tianémique)","Hémostase -Héma-topoïèse  -Hémoglobinopa-thies",1253,1790,-
PTM5683,"FUNGIFEN-V crème vaginal, tube de 20 g",Clotrimazole,Antifongique,Gynécologie,1330,1900,-
PTM5684,"FUNGIKEM 100 mg capsule, boîte de 4",Itraconazole,Antifongique,"Infectiologie-parasi-tologie","4112,5",5875,-
PTM5685,"FUNGILYSE 1% crème dermique, tube de 25 g",Nitrate d’Econazole,Antifongique,Dermatologie,"1389,5",1985,-
PTM5686,"FUNGILYSE 100 mg ovule, boîte de 6",Nitrate d’Econazole,Antifongique,Gynécologie,1470,2100,-
PTM1964,"FUNGIZONE 10% Suspension buvable, flacon de 40ml",Amphotericine B,Antifongique,"Infectiologie-parasi-tologie","4084,5",5835,-
PTM5687,"FUROCAP 500 mg comprimé, boîte de 10","Furosémide500 mg",Diurétique,"Cardiologie-angeio-logie",2786,3980,-
PTM5688,"FUROSEMIDE IG  20 mg/2 mL solution injectable,boîte de 1 ampoule",Furosémide,Diurétique,"Cardiologie-angeio-logie","549,5",785,-
PTM5689,"FUSIDERM 2% crème, tube de 15 g",Acide fusidique,"Antibiotique pourusage topique","Infectiologie-parasi-tologie",1372,1960,-
PTM5690,"G-ALBZOLE  400 mg comprimé, boîte de 1",Albendazole,Antihelmintique,"Infectiologie-parasi-tologie","731,5",1045,-
PTM5691,"GALCIPRO 500 mg comprimé, boîte de 10",Ciprofloxacine,"Antibacterien (Quino-lones)","Infectiologie-parasi-tologie",1302,1860,-
PTM5693,"GALPEN 1g poudre pour solution injectable, boîte de1 flacon+solvant de 20 ml",Méropénem anhydre,"Antibacterien (Car-bapenemes)","Infectiologie-parasi-tologie","6807,5",9725,-
PTM1974,"GALVUS 50 mg comprimé, boîte de 28",Vildagliptine,Antidiabetiques oraux,"Métabolisme-nutri-tion-Diabete","8928,5",12755,-
PTM1977,"GALVUSMET® 50 mg/1000mg comprimés pelliculés,boîte de 30","Vildagliptine/ Chlorhy-drate de metformine",Antidiabetiques oraux,"Métabolisme-nutri-tion-Diabete","8928,5",12755,-
PTM1975,"GALVUSMET® 50 mg/500 mg comprimés pelliculés,boîte de 30","Vildagliptine/ Chlorhy-drate de metformine",Antidiabetiques oraux,"Métabolisme-nutri-tion-Diabete","8928,5",12755,-
CODES,DESIGNATION,COMPOSITION,"SOUS CLASSEPHARMACO-THERAPEUTIQUE","CLASSE PHARMACO-THERAPEUTIQUE","PRIX BASE DEREMBOURSEMENT (G) x 70%","PRIXPUBLIC","ACCORDPREALABLE"
PTM1979,"GAMALATE B6 dragées, boite de 20","Glutamate de magné-sium hydrobromure(BGM)/ Chlorhydratede pyridoxine (Vit B6)/Acide gamma-amino-butirique (GABA)/ Acidegamma-bêta-hydroxy-butirique (GABOB)",Psychostimulant,"Diététique, régimeet nutrition",3437,4910,-
PTM1978,"GAMALATE B6 solution orale, flacon de 80 ml","Glutamate de magné-sium hydrobromure(BGM)/ Chlorhydratede pyridoxine (Vit B6)/Acide gamma-amino-butirique (GABA)/ Acidegamma-bêta-hydroxy-butirique (GABOB)",Psychostimulant,"Diététique, régimeet nutrition","2677,5",3825,-
PTM5694,"GAMOFLO 200 mg comprimé sécable, boîte de 14",Ofloxacine,"Antibacterien (Quino-lones)","Infectiologie-parasi-tologie","1326,5",1895,-
PTM5695,"GAMOK 1000 mg/200 mg poudre pour injection,boîte/1 ampoule de 10 ml","Amoxicilline sodique/Clavulanate de potas-sium","Antibacterien (Penicil-lines)","Infectiologie-parasi-tologie",1372,1960,-
PTM5696,"GAMOK 500 mg/100 mg poudre pour injection,boîte/1 ampoule de 10 ml","Amoxicilline/ Acideclavulanate","Antibacterien (Penicil-lines)","Infectiologie-parasi-tologie","1403,5",2005,-
PTM1987,"GARDENAL 100 mg comprimé, boite de 20",Phénobarbital,Antiépileptique,Neurologie,2100,3000,-
PTM1989,"GARDENAL 40 mg lyoph inj, boite de 1 fl+1 amp desolv 2 ml",Phénobarbital,Antiépileptique,Neurologie,"5939,5",8485,-
PTM1990,"GARDENAL 50 mg comprimé, étui de 30",Phénobarbital,Antiépileptique,Neurologie,"1865,5",2665,-
PTM1992,"GASEC -10 gastrocaps, boite de 14",Oméprazole,Antiacide,"Gastro-Enté-ro-Hépathologie",3199,4570,-
PTM1993,"GASEC 20 mg comprimé, boite de 14",Oméprazole,Antiacide,"Gastro-Enté-ro-Hépathologie","7311,5",10445,-
CODES,DESIGNATION,COMPOSITION,"SOUS CLASSEPHARMACO-THERAPEUTIQUE","CLASSE PHARMACO-THERAPEUTIQUE","PRIX BASE DEREMBOURSEMENT (G) x 70%","PRIXPUBLIC","ACCORDPREALABLE"
PTM1994,"GASEC 20 mg gélule, boite de 7",Oméprazole,Antiacide,"Gastro-Enté-ro-Hépathologie",3745,5350,-
PTM5697,"GASPRAL-INJECT 40 mg poudre pour injection, boîtede 1",Oméprazole,Antiacide,"Gastro-Enté-ro-Hépathologie",2093,2990,-
PTM5698,"GASTRAZ-U comprimés, boîte de 24","Hydroxyde d’Aluminium400 mg /Hydroxyde de Magné-sium              400 mg","Antiacide+pansementgastrique","Gastro-Enté-ro-Hépathologie","976,5",1395,-
PTM1996,"GASTRICID comprimé à croquer, 1 pochette de 4","Famotidine/ Hydroxydede magnésium/ Carbo-nate de calcium","Antiacide+pansementgastrique","Gastro-Enté-ro-Hépathologie",420,600,-
PTM5699,GASTRIKAV 20 mg gélule boîte de 2x10,Oméprazole,Antiacide,"Gastro-Enté-ro-Hépathologie",700,1000,-
PTM5700,"GASTROGEL® comprimés, boîte de 40","Hydroxyde d’Aluminium/ Hydroxyde de Magné-sium","Antiacide+pansementgastrique","Gastro-Enté-ro-Hépathologie",903,1290,-
PTM1999,"GASTROGEL® sirop, flacon de 250 ml","Hydroxyde d’Aluminium/ Hydroxyde de Magné-sium","Antiacide+pansementgastrique","Gastro-Enté-ro-Hépathologie",987,1410,-
PTM5701,"GASTROKWAL Sirop, Flacon de 200 ml","Hydroxyde d’Aluminium/ Hydroxyde de Magné-sium/Siméticone","Antiacide+pansementgastrique","Gastro-Enté-ro-Hépathologie",1540,2200,-
PTM2000,"GASTROMAG Suspension buvable, flacon de 200ml","Hydroxyde d’Aluminium/ Hydroxyde de Magné-sium","Antiacide+pansementgastrique","Gastro-Enté-ro-Hépathologie","1046,5",1495,-
PTM5702,"GASTRYLPHYKO poudre, paquets de 18 sachets  de5 g","Poudre de bananeverte/ Poudre degomme de Sterculia(Sterculia setigera Del.)/Poudre de racine deVernonia (Vernoniakotschyana G. V. Pope)","Antiacide+pansementgastrique","Gastro-Enté-ro-Hépathologie",1260,1800,-
CODES,DESIGNATION,COMPOSITION,"SOUS CLASSEPHARMACO-THERAPEUTIQUE","CLASSE PHARMACO-THERAPEUTIQUE","PRIX BASE DEREMBOURSEMENT (G) x 70%","PRIXPUBLIC","ACCORDPREALABLE"
PTM5704,"G-CEFTRIA 1g poudre pour solution injectable, boîtede 1 flacon",Ceftriaxone,"Antibacterien (Cepha-losporines)","Infectiologie-parasi-tologie",1372,1960,-
PTM5705,"G-COSPE comprimé, 1 blister de 3","Sulfadoxine/ Pyrimétha-mine",Antipaludique,"Infectiologie-parasi-tologie","346,5",495,-
PTM2008,"GELDENE 0,5% gel cutané, tube de 50 g",Piroxicam,Anti-inflammatoire,"Antalgiques-Anti-in-flammatoires",1645,2350,-
PTM2010,"GELFIL 120/250mg comprimé, 1 blister de 10","Aluminium hydroxyde/Magnésium trisilicate","Antiacide+pansementgastrique","Gastro-Enté-ro-Hépathologie","563,5",805,-
PTM2009,"GELFIL suspension orale, flacon de 200 ml","Hydroxyde de ma-gnésium/ Hydroxyded’aluminium/ Emulsionsimethicone","Antiacide+pansementgastrique","Gastro-Enté-ro-Hépathologie",1400,2000,-
PTM5706,"GELIVIO suspension buvable, flacon de 200 mL","Hydroxyde de ma-gnésium/ Hydroxyded’aluminium","Antiacide+pansementgastrique","Gastro-Enté-ro-Hépathologie",840,1200,-
PTM2011,"GÉLOFUSINE 4% solution pour perfusion, boîte de 1flacon de 500 ml","Gélatine-polysuccinate(gélatine fluide mo-difiée)/ Chlorure desodium",Substituts du sang,"Hémostase -Hématopoïèse- Hémoglobinopa-thies",4760,6800,-
PTM5707,"GELTIM LP 1 mg/g gel ophtalmique en récipientunidose, boîte de 30",Timolol,Antiglaucomateux,Ophtalmologie,"5757,5",8225,-
PTM5708,"GENACID suspension orale, flacon de 200 ml","Hydroxyde de magné-sium/ Hydroxyde d’alu-minium/ Simethicone","Antiacide+pansementgastrique","Gastro-Enté-ro-Hépathologie","913,5",1305,-
PTM5709,"GENCLAV® 500 mg/62,5 mg poudre pour suspensionbuvable en sachet-dose, boîte de 12 sachets","Amoxicilline/Acideclavulanique",Antibacterien,"Infectiologie-parasi-tologie","2712,5",3875,-
PTM5710,"GENCLAV 1000 mg/ 200 mg poudre pourpréparation injectable, boîte de 1 flacon + solvant","Amoxicilline/Acideclavulanique",Antibacterien,"Infectiologie-parasi-tologie",1463,2090,-
PTM6140,"GENCLAV® 1000 mg poudre pour suspensionbuvable en sachet-dose, boîte de 16 sachets","Amoxicilline/Acideclavulanique",Antibacterien,"Infectiologie-parasi-tologie",4571,6530,-
PTM6822,"GENCLAV® 250 mg poudre pour suspension buvableen sachet-dose, boîte de 12 sachets","Amoxicilline/Acideclavulanique",Antibacterien,"Infectiologie-parasi-tologie","2285,5",3265,-
CODES,DESIGNATION,COMPOSITION,"SOUS CLASSEPHARMACO-THERAPEUTIQUE","CLASSE PHARMACO-THERAPEUTIQUE","PRIX BASE DEREMBOURSEMENT (G) x 70%","PRIXPUBLIC","ACCORDPREALABLE"
PTM5712,"GENART 80 mg solution injectable, boîte de 6ampoules",Artemether,Antipaludique,"Infectiologie-parasi-tologie",3213,4590,-
PTM5715,"GENES FER comprimé effervescent, boite de 12",Fer+Viamines,Antianémique,"Hémostase -Héma-topoïèse  -Hémoglobinopa-thies",3584,5120,-
PTM5716,"GENFORTE 400/500 mg comprimé, boîte de 10","Ibuprofène/ Paracéta-mol",Antalgiques+AINS,"Antalgiques-Antipy-rétiques-Antispas-modiques","556,5",795,-
PTM5717,"GENFORTE-GH suspension orale, flacon de 120 ml","Ibuprofène/ Paracéta-mol",Antalgiques+AINS,"Antalgiques-Antipy-rétiques-Antispas-modiques",833,1190,-
PTM5718,"GENCLOBEN crème, tube de 30 g","Gentamycine/ Bexamé-thasone/ Clotrimazole.","Antibacteriens asso-ciation",Dermatologie,"2229,5",3185,-
PTM5719,"GENCLOBEN ovule, Boite de 7","Gentamycine/ Bexamé-thasone/ Clotrimazole.","Antibacteriens asso-ciation",Dermatologie,"2810,5",4015,-
PTM5720,"GEN-M 20/120 comprimé dispersible, boîte de 24","Artemether/ Lume-fantrine",Antipaludique,"Infectiologie-parasi-tologie","1795,5",2565,-
PTM5721,"GEN-M 40/240 comprimé dispersible, boîte de 12","Artemether/ Lume-fantrine",Antipaludique,"Infectiologie-parasi-tologie","1627,5",2325,-
PTM5722,"GEN-M 80/480 comprimé, boîte de 6","Artemether/ Lume-fantrine",Antipaludique,"Infectiologie-parasi-tologie","1711,5",2445,-
PTM5723,"GEN-M DS 30/180 poudre pour suspension buvable,flacon de 30 ml","Artemether/ Lume-fantrine",Antipaludique,"Infectiologie-parasi-tologie",1386,1980,-
PTM5724,"GENPAR 1% perfusion, boîte de 1 flacon de 100 ml",Paracétamol,"Antalgiques-Antipyré-tiques","Antalgiques-Antipy-rétiques-Antispas-modiques",1141,1630,-
PTM5725,"GENSET 10 mg comprimé, boîte de 30",Cétirizine,Antihistaminique H1,Allergologie,987,1410,-
PTM5726,"GENSET 5 mg/5 ml sirop, flacon de 60 ml",Cétirizine,Antihistaminique H1,Allergologie,"731,5",1045,-
CODES,DESIGNATION,COMPOSITION,"SOUS CLASSEPHARMACO-THERAPEUTIQUE","CLASSE PHARMACO-THERAPEUTIQUE","PRIX BASE DEREMBOURSEMENT (G) x 70%","PRIXPUBLIC","ACCORDPREALABLE"
PTM2031,"GENTAMED 0,3% collyre, flacon de 5 ml",Gentamycine,"Antibacterien (Amino-sides)",Ophtalmologie,686,980,-
PTM2030,"GENTAMED 0,3% pommade ophtalmique, tube de5 g",Gentamycine,"Antibacterien (Amino-sides)",Ophtalmologie,"1298,5",1855,-
PTM5728,"GENTAMYCINE TM 0,3% collyre, flacon de 10 ml",Gentamycine,"Antibacterien (Amino-sides)",Ophtalmologie,483,690,-
PTM5729,"GENTAMYCINE TM 0,3% collyre, flacon de 5 ml",Gentamycine,"Antibacterien (Amino-sides)",Ophtalmologie,"479,5",685,-
PTM5730,"GENTAMYCINE TM 80 mg/2ml solution injectable/ 1ampoule de 2 ml",Gentamycine,"Antibacterien (Amino-sides)","Infectiologie-parasi-tologie","94,5",135,-
PTM2040,"GENTASOL 0,3% collyre, flacon de 5 ml",Gentamycine,"Antibacterien (Amino-sides)",Ophtalmologie,"738,5",1055,-
PTM5731,"GESTID comprimé 300/50  à croquer, boîte de 20","Hydroxyde d’Alumi-nium/ Hydroxyde deMagnésium/ Simé-thicone","Antiacide+pansementgastrique","Gastro-Enté-ro-Hépathologie",777,1110,-
PTM5732,"GESTID sirop, flacon de 170 ml","Hydroxyde d’Alumi-nium/ Hydroxyde deMagnésium/ Simé-thicone","Antiacide+pansementgastrique","Gastro-Enté-ro-Hépathologie","696,5",995,-
PTM5733,"GEZID 80 comprimé, boîte de 3 plaquettes x 10",Gliclazide,Antidiabetique,"Metabolisme- nu-trition-diabete","1186,5",1695,-
PTM5734,"GLIBENC 5 mg comprimé, boîte de 10",Glibenclamide,Antidiabetiques oraux,"Metabolisme- nu-trition-diabete","1326,5",1895,-
PTM2045,"GLIBEN 5 mg comprimé, boîte de 10",Glibenclamide,Antidiabetiques oraux,"Metabolisme- nu-trition-diabete","920,5",1315,-
PTM5735,"GLIDE®-60 comprimé à libération prolongée, boîte10",Gliclazide,Antidiabetiques oraux,"Metabolisme- nu-trition-diabete",630,900,-
PTM5736,"GLIFIL M FORTE 5 mg/ 500 mg comprimé, boîte de10","Glibenclamide/ Metfor-mine",Antidiabetiques oraux,"Metabolisme- nu-trition-diabete","3552,5",5075,-
PTM5737,"GLIM FORTE comprimé, boîte de 3X10",Gliclazide/ Metformine,Antidiabetiques oraux,"Metabolisme- nu-trition-diabete","4567,5",6525,-
CODES,DESIGNATION,COMPOSITION,"SOUS CLASSEPHARMACO-THERAPEUTIQUE","CLASSE PHARMACO-THERAPEUTIQUE","PRIX BASE DEREMBOURSEMENT (G) x 70%","PRIXPUBLIC","ACCORDPREALABLE"
PTM2051,"GLIMEPIRIDE DENK 2 comprimé, boîte de 30",Glimépiride,Antidiabetiques oraux,"Metabolisme- nu-trition-diabete",3199,4570,-
PTM2052,"GLIMEPIRIDE DENK 3 comprimé, boîte de 30",Glimépiride,Antidiabetiques oraux,"Metabolisme- nu-trition-diabete","4021,5",5745,-
PTM5739,"GLIMERYL M 500/2 mg comprimé, boîte de 30","Glimépiride/ Metfor-mine Chlorhydrate",Antidiabetiques oraux,"Metabolisme- nu-trition-diabete","4679,5",6685,-
PTM5740,"GLIMIWEL-2 comprimé, boîte de 30",Glimépiride,Antidiabetiques oraux,"Metabolisme- nu-trition-diabete",1673,2390,-
PTM5741,"GLIMIWEL-4 comprimé, boîte de 30",Glimépiride,Antidiabetiques oraux,"Metabolisme- nu-trition-diabete",2093,2990,-
PTM5742,"GLIPMIN comprimé, boîte de 30",Glipizide/Metformine,Antidiabetiques oraux,"Metabolisme- nu-trition-diabete","4896,5",6995,-
PTM5073,"GLOBIFERINE Sirop, flacon de 200 ml",Fer,Antianémique,"Hémostase -Hématopoïèse- Hémoglobinopa-thies","4567,5",6525,-
PTM2063,"GLUCOPHAGE 1000 mg comprimé pelliculé, boîte de30",Metformine,Antidiabetiques oraux,"Metabolisme- nu-trition-diabete",2303,3290,-
PTM2062,"GLUCOPHAGE 850 mg comprimé pelliculé, boîte de30",Metformine,Antidiabetiques oraux,"Metabolisme- nu-trition-diabete",2156,3080,-
PTM5743,"GLUCOVANCE 1000 mg/5 mg comprimé pelliculé,boîte de 30","Chlorhydrate demetformine/ Glibencla-mide",Antidiabetiques oraux,"Metabolisme- nu-trition-diabete",3836,5480,-
PTM2067,"GLUCOVANCE 500 mg/2,5 mg comprimé pelliculé,boîte de 30","Chlorhydrate demetformine/ Glibencla-mide",Antidiabetiques oraux,"Metabolisme- nu-trition-diabete","2978,5",4255,-
PTM2068,"GLUCOVANCE 500 mg/5 mg comprimé pelliculé,boîte de 30","Chlorhydrate demetformine/ Glibencla-mide",Antidiabetiques oraux,"Metabolisme- nu-trition-diabete","2978,5",4255,-
PTM5744,"GLUSIMET 50mg/1000mg comprimé, boite de 30",Sitagliptine/Metformine,Antidiabetique,"Metabolisme- nu-trition-diabete",8722,12460,-
PTM5745,"GLUSIMET 50mg/850mg comprimé, boite de 30",Sitagliptine/Metformine,Antidiabetique,"Metabolisme- nu-trition-diabete","7500,5",10715,-
CODES,DESIGNATION,COMPOSITION,"SOUS CLASSEPHARMACO-THERAPEUTIQUE","CLASSE PHARMACO-THERAPEUTIQUE","PRIX BASE DEREMBOURSEMENT (G) x 70%","PRIXPUBLIC","ACCORDPREALABLE"
PTM5747,"GLYFERON 1000 mg comprimé pelliculé, boîte de 30",Metformine,Antidiabetiques oraux,"Metabolisme- nu-trition-diabete","2075,5",2965,-
PTM5748,"GLYFERON 850 mg comprimé pelliculé, boîte de 30",Metformine,Antidiabetiques oraux,"Metabolisme- nu-trition-diabete","1781,5",2545,-
PTM5749,"GLYMAX comprimé pelliculé, boîte de 30","Glimépiride/ Metfor-mine Chlorhydrate",Antidiabetiques oraux,"Metabolisme- nu-trition-diabete","2740,5",3915,-
PTM5750,GLYMERYL M 500/2mg  comprimé boite/30,"Glimépiride/ Metfor-mine Chlorhydrate",Antidiabetiques oraux,"Metabolisme- nu-trition-diabete","4658,5",6655,-
PTM5751,"GLYREE 2 mg comprimé, boîte de 30",Glimépiride,Antidiabetiques oraux,"Metabolisme- nu-trition-diabete","4196,5",5995,-
PTM5752,"GLYREE 4 mg comprimé, boîte de 30",Glimépiride,Antidiabetiques oraux,"Metabolisme- nu-trition-diabete",6825,9750,-
PTM5753,"GO-SPAS MAX comprimé, boîte de 20","Acide méfénamique /Drotavérine chlorhydrate","Antalgique-Antispas-modique","Antalgiques-Antipy-retiques-Antispas-modique","2194,5",3135,-
PTM5754,"GO-SPAS 40 mg/ml solution injectable, boîte de 1ampoule de 1 ml + seringue de 2 ml","Acide méfénamique /Drotavérine chlorhydrate","Antalgique-Antispas-modique","Antalgiques-Antipy-retiques-Antispas-modique",1372,1960,-
PTM5755,"GOMENOL SOLUBLE 82,5 mg/5 ml solution pouraérosol, boîte de 5 amp de 5 ml","Huile essentielle deMelaleuca viridiflora",Rhinites et sinusites,"Oto-Rino-Laryngo-logie","1725,5",2465,-
PTM5756,"GRACID 20 mg gélule, boîte de 10",Oméprazole,"Inhibiteur de la secre-tion d’acide","Gastro-Enté-ro-Hépathologie",350,500,-
PTM5757,"GRAMOCEF O 200 mg comprimé, boîte de 6",Céfixime,"Antibacterien (Cepha-losporines)","Infectiologie-parasi-tologie","3622,5",5175,-
PTM5758,"GRAMOCEF O 50 mg/5 ml suspension orale, flaconde 100 ml",Céfixime,"Antibacterien (Cepha-losporines)","Infectiologie-parasi-tologie","2649,5",3785,-
PTM5759,"GRANI-DENK 1 mg/ mL solution à diluer pourinjection ou perfusion, boîte de 5 ampoules de 3 mL.",Granisétron,Antiémetique,"Oncologie-Gas-tro-Entero-Hepato-logie",25858,36940,AP
CODES,DESIGNATION,COMPOSITION,"SOUS CLASSEPHARMACO-THERAPEUTIQUE","CLASSE PHARMACO-THERAPEUTIQUE","PRIX BASE DEREMBOURSEMENT (G) x 70%","PRIXPUBLIC","ACCORDPREALABLE"
PTM5760,"GRIPLYSE comprimé sécable, boîte de 20","Paracétamol/ Caféine/Phényléphrine/ Chlor-phéniramine",Rhinites et sinusites,"Oto-Rino-Laryngo-logie",1225,1750,-
PTM5761,"GRIPLYSE sirop, flacon de 100 ml","Phényléphrine/ Para-cétamol/ Chlorphéni-ramine",Rhinites et sinusites,"Oto-Rino-Laryngo-logie",1225,1750,-
PTM5762,"GRIPGO comprimé, boîte de 10","Paracétamol/Cafeine/Phényléphrine/Chor-phéniramine",Rhinites et sinusites,"Oto-Rino-Laryngo-logie",665,950,-
PTM5763,"GRISEO 125 mg comprimé, boîte de 30","Griséofulvine micro-nisée",Antifongique,"Infectiologie-parasi-tologie",1330,1900,-
PTM2082,"GRISEO 250 mg comprimé, boîte de 16",Griséofulvine   500 mg,Antifongique,"Infectiologie-parasi-tologie","2166,5",3095,-
PTM5764,"GRISEO 500 mg comprimé, boîte de 16",Griséofulvine    500 mg,Antifongique,"Infectiologie-parasi-tologie","1095,5",1565,-
PTM5765,"GRISEO CARE 500 mg comprimé, boîte de 10",Griséofulvine,Antifongique,"Infectiologie-parasi-tologie",1099,1570,-
PTM5766,"GRISEO Salicylée, pommade dermique tube de 15 g","Griséofulvine microni-sée/ Acide salicylique",Antifongique,Dermatologie,"1046,5",1495,-
PTM2084,"GRISEO , pommade dermique tube de 15 g","Griséofulvine micro-nisée",Antifongique,Dermatologie,"647,5",925,-
PTM5767,"GRISEOFON 500 comprimé, boîte de 20",Griséofulvine,Antifongique,"Infectiologie-parasi-tologie",1232,1760,-
PTM2090,"GRISEOPHARM 125 mg comprimé, boîte de 20",Griséofulvine,Antifongique,"Infectiologie-parasi-tologie","1690,5",2 415,-
PTM2091,"GRISEOPHARM 250 mg comprimé, boîte de 20",Griséofulvine,Antifongique,"Infectiologie-parasi-tologie",1736,2 480,-
PTM2092,"GRISEOPHARM 500 mg comprimé, boîte de 20",Griséofulvine,Antifongique,"Infectiologie-parasi-tologie","1389,5",1985,-
PTM5768,"GUFRUSEMID TM 20 mg/2 mL solution injectable(IM/IV), boîte de 10 ampoules",Furosémide,Diurétique,"Cardiologie-angeio-logie","4567,5",6525,-
CODES,DESIGNATION,COMPOSITION,"SOUS CLASSEPHARMACO-THERAPEUTIQUE","CLASSE PHARMACO-THERAPEUTIQUE","PRIX BASE DEREMBOURSEMENT (G) x 70%","PRIXPUBLIC","ACCORDPREALABLE"
PTM5770,"GVIA 50 mg comprimé, boîte de 28",Sitagliptine,Antidiabetiques oraux,"Metabolisme- nutri-tion-diabete","5575,5",7965,-
PTM5771,"GVIA-M 50/1000 mg comprimé, boîte de 60",Sitagliptine/Metformine,Antidiabetiques oraux,"Metabolisme- nutri-tion-diabete","11147,5",15925,-
PTM5772,"GVIA-M 50/500 mg comprimé, boîte de 60",Sitagliptine/Metformine,Antidiabetiques oraux,"Metabolisme- nutri-tion-diabete","9761,5",13945,-
PTM5773,"GYNANFORT ovule, boîte de 10","Métronidazole/ Sulfatede néomycine/ Nysta-tine",Anti-infectieux,Gynécologie,"1963,5",2805,-
PTM5774,GYNO-Candizol 200 mg ovule boite/7,Miconazole Nitrate,Anti-micosique,Gynécologie,"2075,5",2965,-
PTM5775,GYNO-Candizol 400 mg ovule boite/3,Miconazole Nitrate,Anti-micosique,Gynécologie,1708,2440,-
PTM5776,"GYNOFER® B12 gélules, boîte de 30","Sulfate ferreux/ Sulfatede zinc/  Acide folique/Vitamine B12","Stimulant de l’héma-topoïèse (Antiané-mique)","Hémostase -Héma-topoïèse  - Hémo-globinopathies",1918,2740,-
PTM2110,GYNOMAX® Ovule Boite de 12,"Métronidazole / Néo-mycine / Nystatine /Hydrocortisone",Anti-infectieux,Gynécologie,3563,5 090,-
PTM2111,GYNOMAX® Ovule Boite de 6,"Métronidazole / Néo-mycine / Nystatine /Hydrocortisone",Anti-infectieux,Gynécologie,1946,2 780,-
PTM2113,"GYNOPEN 1 g pdre pr inj IM/IV, Boite de 10 flacons",Ampicilline,"Antibacterien (Penicil-lines)","Infectiologie-parasi-tologie",2940,4200,-
PTM2117,"GYNOSPAN comprimé, boite de 30","Phloroglucinol hydraté/TrimethylPhloroglucinol",Antispasmodiques,"Antalgiques-Antis-pasmodiques","1417,5",2025,-
PTM2118,"GYNOSPAN® Suppositoires, boîte de 10",Phloroglucinol hydraté,Antispasmodiques,"Antalgiques-Antis-pasmodiques",1491,2130,-
PTM5777,"GYNOSPAN® solution injectable, boîte de 6ampoules de 4 Ml",Phloroglucinol hydraté,Antispasmodiques,"Antalgiques-Antis-pasmodiques","1781,5",2545,-
"",,,SOUS CLASSE,,PRIX BASE DE,,
"",,,CLASSE PHARMACO-,,,PRIX,ACCORD
CODES,DESIGNATION,COMPOSITION,PHARMACO-,,REMBOURSE,,
"",,,THERAPEUTIQUE,,,PUBLIC,PREALABLE
"",,,THERAPEUTIQUE,,MENT (G) x 70%,,
"",,Citrate ferrique d’am-,,,,,
"",,monium  USP160mg,,,,,
"",,"/Acide folique BP0,",,,,,
"",,5mg /Cyanocobalamine,Stimulant de Hémostase -,,,,
PTM2119,"HAEM UP sirop, flacon de 200 mL","BP7,5mcg /Sulfate",l’hématopoïèse (An- Hématopoïèse  - Hé-,,"2194,5",3135,-
"",,de cuivre USP 30mcg /,tianémique) moglobinopathies,,,,
"",,Sulfate de Manganèse,,,,,
"",,USP30mcg /,,,,,
"",,Citrate ferrique d’am-,,,,,
"",,monium  USP160mg,,,,,
"",,"/Acide folique BP0,",,,,,
"",,5mg /Cyanocobalamine,Stimulant de Hémostase -,,,,
PTM5779,"HAEM UP GEMS gélule molle, boîte de 30","BP7,5mcg /Sulfate",l’hématopoïèse (An- Hématopoïèse  - Hé-,,"1508,5",2155,-
"",,de cuivre USP 30mcg /,tianémique) moglobinopathies,,,,
"",,Sulfate de Manganèse,,,,,
"",,USP30mcg /,,,,,
"","Hémostase - HAEMOJET solution injectable IM,  boîte de 6",,Stimulant de,,,,
PTM5780,,Fer,l’hématopoïèse (An- Hématopoïèse  - Hé-,,"2740,5",3915,-
"",ampoules de 2 Ml,,,,,,
"",,,tianémique) moglobinopathies,,,,
"",,,Stimulant de Hémostase -,,,,
PTM5781,"HAEMOJET sirop, flacon de 100 mL",Fer,l’hématopoïèse (An- Hématopoïèse  - Hé-,,1372,1960,-
"",,,tianémique) moglobinopathies,,,,
"HALDOL DECANOAS solution injectable, boîte de 1 PTM2126",,Halopéridol,Antipsychotique Psychiatrie,,3164,4520,-
"",ampoule de 1 ml,,,,,,
"HALDOL DECANOAS solution injectable, boîte de 5 PTM2125",,Halopéridol,Antipsychotique Psychiatrie,,15820,22600,-
"",ampoule de 1 ml,,,,,,
"HALDOL  solution injectable, boîte de 5 ampoule de PTM2124",,Halopéridol,Antipsychotique Psychiatrie,,2450,3500,-
"",1 ml,,,,,,
PTM2123,"HALDOL Gouttes, flacon de 30 ml",Halopéridol,Antipsychotique Psychiatrie,,"1277,5",1825,-
PTM5782,"HALIBUT 150 mg/g pomade, tube de 100 g",Oxyde de Zinc,Cicatrisant Dermatologie,,1827,2610,-
PTM5783,HALOCAP 2 mg/ml flacon/30 ml,Halopéridol,Antipsychotique Psychiatrie,,"1403,5",2005,-
CODES,DESIGNATION,COMPOSITION,"SOUS CLASSEPHARMACO-THERAPEUTIQUE","CLASSE PHARMACO-THERAPEUTIQUE","PRIX BASE DEREMBOURSEMENT (G) x 70%","PRIXPUBLIC","ACCORDPREALABLE"
PTM5784,HALOCAP 5 mg injectable Bte/5,Halopéridol,Antipsychotique,Psychiatrie,2800,4000,-
PTM2130,"H.E.C pommade, tube de 25 g","Phenazone/Hamamélis/Tanin",Protecteur cutané,Dermatologie,6118,8740,-
PTM2132,"HELICIDINE 10% sirop sans sucre édulcoré à lasaccharine sodique et au maltitol liquide, flacon de125 ml",Hélicidine,Antitussif,Pneumologie,1316,1880,-
PTM2131,"HELICIDINE 10% sirop sans sucre édulcoré à lasaccharine sodique et au maltitol liquide, flacon de250 ml",Hélicidine,Antitussif,Pneumologie,2366,3380,-
PTM2133,"HELICOCIN comprimé enrobé, boîte de 2 blisters de21","Amoxicilline/ Métroni-dazole",Anti-infectieux,"Infectiologie-parasi-tologie","4595,5",6565,-
PTM2134,"HELMINTOX 125 mg comprimé pelliculé sécable,boîte de 6","Amoxicilline/ Métroni-dazole",Anti-infectieux,"Infectiologie-parasi-tologie",1106,1580,-
PTM2136,"HELMINTOX 250 mg comprimé pelliculé sécable,boîte de 3","Amoxicilline/ Métroni-dazole",Anti-infectieux,"Infectiologie-parasi-tologie","1186,5",1695,-
PTM2135,"HELMINTOX 125 mg/2,5 mL suspension buvable,flacon de 15 Ml","Amoxicilline/ Métroni-dazole",Anti-infectieux,"Infectiologie-parasi-tologie",1351,1930,-
PTM2137,"HELMINTOX 125 mg/2,5 mL suspension buvable,boîte de 25 sachets.","Amoxicilline/ Métroni-dazole",Anti-infectieux,"Infectiologie-parasi-tologie","885,5",1265,-
PTM2138,"HEMAFER 100 mg comprimés effervescents, boîtede 12",Fer,"Stimulant del’hématopoïèse (An-tianémique)","Hémostase -Héma-topoïèse  -Hémoglobinopa-thies",3017,4310,-
PTM5786,"HEMAFER® FOL comprimé à croquer, boîte de 30",Fer+Acide folique,"Stimulant del’hématopoïèse (An-tianémique)","Hémostase -Héma-topoïèse  -Hémoglobinopa-thies",3017,4310,-
CODES,DESIGNATION,COMPOSITION,"SOUS CLASSEPHARMACO-THERAPEUTIQUE","CLASSE PHARMACO-THERAPEUTIQUE","PRIX BASE DEREMBOURSEMENT (G) x 70%","PRIXPUBLIC","ACCORDPREALABLE"
PTM2139,"HEMAFER FOL comprimés effervescents, boîte de 12",Fer/ Acide folique,"Stimulant del’hématopoïèse (An-tianémique)","Hémostase -Héma-topoïèse  -Hémoglobinopa-thies",3017,4310,-
PTM5788,"HEMAFER® 50 mg/5 ml sirop, flacon de 125 ml",Fer,"Stimulant del’hématopoïèse (An-tianémique)","Hémostase -Héma-topoïèse  -Hémoglobinopa-thies","2194,5",3135,-
PTM5789,"HEMASTIM® 2000 UI/ml, solution inj en séringuepré-remplie de 1 ml, boîte de 1",Erythropoïétine,"Stimulant del’hématopoïèse (An-tianémique)","Hémostase -Héma-topoïèse  -Hémoglobinopa-thies","11413,5",16305,-
PTM5790,"HEMASTIM® 4000 UI/ml, solution injectable enseringue pré-remplie, boîte de 1",Erythropoïétine,"Stimulant del’hématopoïèse (An-tianémique)","Hémostase -Héma-topoïèse  -Hémoglobinopa-thies","19190,5",27415,-
PTM5791,"HEMASTOP 500 mg comprimé, boîte de 2X10",Acide tranexamique,"Prévention et traite-ment des hemorragies","Hémostase -Héma-topoïèse  -Hémoglobinopa-thies","2740,5",3915,-
PTM5792,"HEMOREX® KIT (comprimé,  boîte de 30 + crème,tube de 35 g)","Bioflavonoide/VitamineC et K",Antihemorroide,Proctologie,"2558,5",3655,-
PTM5793,"HEMOREX® suppo , boite de 10","Bioflavonoide/VitamineC et K",Antihemorroide,Proctologie,1190,1700,-
PTM5794,"HEPARINE MEDIS solution injectable, boîte de 1flacon de 5 ml",Héparine sodique,Trombolytique,"Hémostase -Héma-topoïèse  -Hémoglobinopa-thies",3850,5500,-
PTM5795,"HEXAPNEUMINE enfant sirop, flacon de 200 ml",Pholcodine,Antitussif,Pneumologie,1169,1670,-
PTM2156,"HEXASPRAY collutoire enflacon pressurisé, flacon de30 g",Biclotymol,Anti-inflammatoires,Ophtalmologie,2065,2950,-
CODES,DESIGNATION,COMPOSITION,"SOUS CLASSEPHARMACO-THERAPEUTIQUE","CLASSE PHARMACO-THERAPEUTIQUE","PRIX BASE DEREMBOURSEMENT (G) x 70%","PRIXPUBLIC","ACCORDPREALABLE"
PTM5797,"HICAINE GEL 2%, tube de 30 g",Lidocaine,Anesthésique local,"Anesthésie-Reani-mation",1827,2610,-
PTM5798,"HIPOTENSIL 25 mg comprimé, Boîte de 30",Captopril,Antihypertenseur (IEC),"Cardiologie-angeio-logie",2149,3070,-
PTM5799,"HIPOTENSIL 50 mg comprimé, Boîte de 30",Captopril,Antihypertenseur (IEC),"Cardiologie-angeio-logie",3290,4700,-
PTM5800,"HISTADIUS® solution buvable, flacon de  120 ml",Desloratadine,Antihistaminique H1,Allergologie,"1865,5",2665,-
PTM5801,"HISTAM 5 mg comprimé pelliculé, boîte de 15",Desloratadine,Antihistaminique H1,Allergologie,"1963,5",2805,-
PTM5802,"HISTAM® 0,5 mg/mL solution buvable, flacon de 150Ml",Desloratadine,Antihistaminique H1,Allergologie,"1326,5",1895,-
PTM5803,"HUMEX Rhume des foins 50 μg, susp pr pul nasale,flacon de 100 doses","Dipropionate de Béclo-métasone",Rhinites et sinusites,"Oto-Rino-Laryngo-logie",1463,2090,-
PTM5804,"HUMEX RHUME DES FOINS 50 mcg suspension pourpulvérisation nasale, flacon de 15 mL","Béclométasone dipro-pionate 50 μg / Benzal-konium chlorure",Rhinites et sinusites,"Oto-Rino-Laryngo-logie",6580,9400,-
PTM2171,"HUMEX MAL DE GORGE  0,30 g/0,03 g pour 100 mL,collutoire, flacon pressurisé.","LIDOCAINE/ BENZALKO-NIUM",Rhinites et sinusites,"Oto-Rino-Laryngo-logie",1736,2480,-
PTM5805,"HUMEXLIB 500 mg/4 mg gélule, boîte de 16","Paracétamol/ Maléatede chlorphénamine",Rhinites et sinusites,"Oto-Rino-Laryngo-logie","1235,5",1765,-
PTM5806,"HYDEX LP 1,5 mg comprimé, boîte de 30",Indapamide,Diurétique,"Cardiologie-angeio-logie",1750,2500,-
PTM5028,"HYDREA 500 mg comprimé, boite de 20",Hydroxycarbamide,Anti cancereux,"Cancérologie -Hématologie",5313,7590,-
PTM5807,"HYDROCORTISONE BIOCODEX 100 mg, lyophilisat etsolution pour usage parentéral, boîte de 1 flacon +solvant",Hydrocortisone,Corticostéroïde,Dermatologie,2331,3330,-
PTM2190,"HYDROCORTISONE 10 mg comprimé, boite de 25",Hydrocortisone,Corticostéroïde,Dermatologie,3080,4400,-
PTM5808,"HYDROCORTISONE 25 mg comprimé, boite de 25",Hydrocortisone,Corticostéroïde,Dermatologie,2632,3760,-
CODES,DESIGNATION,COMPOSITION,"SOUS CLASSEPHARMACO-THERAPEUTIQUE","CLASSE PHARMACO-THERAPEUTIQUE","PRIX BASE DEREMBOURSEMENT (G) x 70%","PRIXPUBLIC","ACCORDPREALABLE"
PTM2195,"HYDROSOL POLYVITAMINEE 125 mg goutte, flaconde 30 ml","Retinol (VitamineA)/ Thiamine (Vita-mine B1)/ Riboflavine(Vitamine B2)/ Pyri-doxine(Vitamine B6)/Acide ascorbique (Vita-mine C)/ Cholécalciférol(Vitamine D3)/ Vita-mine E/ Nicotinamide(Vitamine PP)",Vitamines,"Metabolisme- nutri-tion-diabete",833,1190,-
PTM5810,"HYFRESH 2 mg collyre en solution ophtalmiqueflacon de 10 Ml",Hyaluronate de sodium,Antiseptique local,Ophtalmologie,3206,4580,-
PTM5811,"HYQUIN 200 mg comprimé, boîte de 30","Hydroxychloroquinesulfate",Antipaludique,"Infectiologie-parasi-tologie",3654,5220,-
PTM5812,"HYSARTAN 100 mg comprimé, boite de 28",Losartan,Antihypertenseur,"Cardiologie-angeio-logie",4550,6500,-
PTM2204,"HYTACAND 16/12,5 mg comprimé , boite de 30","Candesartan ( DCI)cilexetil/ Hydrochlor-thiazide (DCI)",Antihypertenseurs,"Cardiologie-angeio-logie",14399,20570,-
PTM2205,"HYTACAND 8/12,5 mg comprimé , boite de 30","Candesartan ( DCI)cilexetil/ Hydrochlor-thiazide (DCI)",Antihypertenseurs,"Cardiologie-angeio-logie",13706,19580,-
PTM2206,"HYZAAR 50 mg/12,5mg comprimé pelliculé, boite de28","Losartan potassique/Hydrochlorothiazide",Antihypertenseurs,"Cardiologie-angeio-logie","4294,5",6135,-
PTM2207,"IBEX gélule, boîte de 24","Paracétamol/ Ibupro-fène/ Caféine",Antalgiques+AINS,"Antalgiques-Antipy-rétiques-Antispas-modiques",777,1110,-
PTM5813,"IBU CARE 400 mg comprimé pelliculé, boîte de 10",Ibuprofène,"Anti-inflammatoiresnon steroidiens","Antalgiques-Antipy-rétiques-Antispas-modiques",518,740,-
PTM5814,"IBUCARE® 200 mg comprimé pelliculé, boîte de 20",Ibuprofène,"Anti-inflammatoiresnon steroidiens","Antalgiques-Antipy-rétiques-Antispas-modiques",623,890,-
CODES,DESIGNATION,COMPOSITION,"SOUS CLASSEPHARMACO-THERAPEUTIQUE","CLASSE PHARMACO-THERAPEUTIQUE","PRIX BASE DEREMBOURSEMENT (G) x 70%","PRIXPUBLIC","ACCORDPREALABLE"
PTM5816,"IBUCARE® 600 mg comprimé pelliculé, boîte de 20",Ibuprofène,"Anti-inflammatoiresnon steroidiens","Antalgiques-Antipy-rétiques-Antispas-modiques","1389,5",1985,-
PTM5817,"IBUDOL PLUS 500 mg/400 mg comprimé, boîte de2x10","Paracétamol/ Ibupro-fène","Anti-inflammatoiresnon steroidiens+antal-gique","Antalgiques-Antipy-rétiques-Antispas-modiques",777,1110,-
PTM2209,"IBUFEN 400 mg comprimé enrobé, boîte de 20",Ibuprofène,"Anti-inflammatoiresnon steroidiens","Antalgiques-Antipy-rétiques-Antispas-modiques",1162,1660,-
PTM2208,"IBUFEN suspension buvable, flacon de 200 ml",Ibuprofène,"Anti-inflammatoiresnon steroidiens","Antalgiques-Antipy-rétiques-Antispas-modiques","1396,5",1995,-
PTM5818,IBUKAV 400 mg comprimé boîte de 10,Ibuprofène,"Anti-inflammatoiresnon steroidiens","Antalgiques-Antipy-rétiques-Antispas-modiques","332,5",475,-
PTM5819,"IBUKIN 100 mg/5 ml suspension orale, flacon de 100ml",Ibuprofène,"Anti-inflammatoiresnon steroidiens","Antalgiques-Antipy-rétiques-Antispas-modiques","731,5",1045,-
PTM2210,"IBUMOL 400 mg comprimé, boite de 10",Ibuprofène,"Anti-inflammatoiresnon steroidiens","Antalgiques-Antipy-rétiques-Antispas-modiques",833,1190,-
PTM2211,"IBUMOL 400 mg comprimé, boîte de 3x10",Ibuprofène,"Anti-inflammatoiresnon steroidiens","Antalgiques-Antipy-rétiques-Antispas-modiques",2093,2990,-
PTM2212,"IBUMOL suspension buvable, flacon de 60 ml",Ibuprofène,"Anti-inflammatoiresnon steroidiens","Antalgiques-Antipy-rétiques-Antispas-modiques","1004,5",1435,-
PTM5820,"IBUPAIN® 400 mg comprimé pelliculé, boîte de 30",Ibuprofène,"Anti-inflammatoiresnon steroidiens","Antalgiques-Antipy-rétiques-Antispas-modiques","1004,5",1435,-
PTM5821,"IBUPAR sirop, flacon de 60 ml","Ibuprofene/ Paraceta-mol","Anti-inflammatoiresnon steroidiens+antal-gique","Antalgiques-Antipy-rétiques-Antispas-modiques","787,5",1125,-
CODES,DESIGNATION,COMPOSITION,"SOUS CLASSEPHARMACO-THERAPEUTIQUE","CLASSE PHARMACO-THERAPEUTIQUE","PRIX BASE DEREMBOURSEMENT (G) x 70%","PRIXPUBLIC","ACCORDPREALABLE"
PTM5823,"IBUPROFENE BIOGARAN CONSEIL 400 mg comprimé, boîte de 10",Ibuprofène,"Anti-inflammatoiresnon steroidiens","Antalgiques-Antipy-rétiques-Antispas-modiques","724,5",1035,-
PTM5824,"IBUPROFEN-Denk 600 mg comprimé pelliculé, boîtede 10",Ibuprofène,"Anti-inflammatoiresnon steroidiens","Antalgiques-Antipy-rétiques-Antispas-modiques","2285,5",3265,-
PTM5825,"IBUPROFENE IG 400 mg capsule molle, boîte de 10",Ibuprofène,"Anti-inflammatoiresnon steroidiens","Antalgiques-Antipy-rétiques-Antispas-modiques","822,5",1175,-
PTM5826,"IBUPROFENE TM 400 mg comprimé, boîte de 20",Ibuprofène,"Anti-inflammatoiresnon steroidiens","Antalgiques-Antipy-rétiques-Antispas-modiques","500,5",715,-
PTM5827,"IBUPRO-P 100 mg/5 ml suspension buvable, flaconde 100 ml",Ibuprofène,"Anti-inflammatoiresnon steroidiens","Antalgiques-Antipy-rétiques-Antispas-modiques","703,5",1005,-
PTM5828,"IBUPROTOPKAV 100 mg/5 ml suspension orale,flacon de 100 ml",Ibuprofène,"Anti-inflammatoiresnon steroidiens","Antalgiques-Antipy-rétiques-Antispas-modiques","696,5",995,-
PTM5829,"IBUSIX-PLUS sirop, flacon de 60 ml","Ibuprofène/ Paracéta-mol","Anti-inflammatoiresnon steroidiens+antal-gique","Antalgiques-Antipy-rétiques-Antispas-modiques",875,1250,-
PTM5830,"IBUX suspension orale, flacon de 120 ml",Ibuprofène,AINS,Anti-inflammatoires,"1900,5",2715,-
PTM2224,"ICAZ LP 2,5 mg gélule à lbération prolongée, boîtede 30",Isradipine,"Antihypertenseur(Antagoniste calcique)","Cardiologie-angeio-logie",8631,12330,-
PTM2225,"ICAZ LP 5 mg gélule à lbération prolongée, boîte de30",Isradipine,"Antihypertenseur(Antagoniste calcique)","Cardiologie-angeio-logie",14070,20100,-
PTM5831,"ICLOF gel, tube de 30 g","Diclofénac/ Huile deLin/ Menthol/ Salicylatede méthyle",Anti-inflammatoires,Dermatologie,"731,5",1045,-
PTM5832,"ICPRO 0,3% p/v solution ophtalmique, flacon de 10ml",Ciprofloxacine,Antibacterien,Ophtalmologie,777,1110,-
CODES,DESIGNATION,COMPOSITION,"SOUS CLASSEPHARMACO-THERAPEUTIQUE","CLASSE PHARMACO-THERAPEUTIQUE","PRIX BASE DEREMBOURSEMENT (G) x 70%","PRIXPUBLIC","ACCORDPREALABLE"
PTM5834,"IMINEM 0,5 g + 0,5 g poudre pour injection, boîte de1 flacon","Imipenèm       500 mg /Cilastatin         500 mg","Antibacterien (Car-bapenemes)","Infectiologie-parasi-tologie",8358,11940,-
PTM2229,"IMMARD 200 mg comprimé, boîte de 30","Sulfate d’hydroxychlo-roquine",Antipaludique,"Infectiologie-parasi-tologie","2824,5",4035,-
PTM2232,"IMMUNORHO 300 mcg (1 500UI), poudre poursolution injectable IM, boîte de 1 flacon de poudrelyophylisée + solvant de 2 ml","Immunoglobuline an-ti-D humaine","Immunserums etimmunoglobulines","Hémostase -Hématopoïèse  - Hé-moglobinopathies","30152,5",43075,-
PTM2234,"IMODIUM 2 mg gélule, boite de 20",Lopéramide,Antidiarrhéique,"Gastro-Enté-ro-Hépathologie",1792,2560,-
PTM2238,"IMOX 500 mg comprimé, boite de 20",Amoxicilline,"Antibacterien (Penicil-lines)","Infectiologie-parasi-tologie","1095,5",1565,-
PTM5835,"IMU FLUX 4 g poudres pour solution buvable, boîtede 10 sachets","N-Acétylecystéine600 mg / Extrait secd’écorce de saul blanc(Salix alba),standardisé à 15%en salcine  50 mg /vitamine A  0,4 mg /Oxyde de Zinc 12,5 mg/ Bromélaïne 100 mg",Mucolytique,Pneumologie,"1676,5",2395,-
PTM5836,IMUCLAV 1G/200MG IV PDRE SOL INJ F/1,"Amoxicilline/ Acideclavulanique","Antibacterien (Penicil-lines)","Infectiologie-parasi-tologie",2100,3000,-
PTM5837,IMUREL 50 mg comprimé boite de 100,Azathioprine,Anti-cancereux,Oncologie,22225,31750,AP
PTM5838,IMUREL 25 mg comprimé boite de 50,Azathioprine,Anti-cancereux,Oncologie,8050,11500,-
PTM5405,"INDAMIDE LP 1,5 mg comprimé pelliculé, boîte de60",Indapamide,Diurétique,"Cardiologie-angeio-logie",3640,5200,-
PTM5839,"INDAPAMIDE GP 2,5 mg comprimé pelliculé, boîtede 60",Indapamide,Diurétique,"Cardiologie-angeio-logie",2632,3760,-
CODES,DESIGNATION,COMPOSITION,"SOUS CLASSEPHARMACO-THERAPEUTIQUE","CLASSE PHARMACO-THERAPEUTIQUE","PRIX BASE DEREMBOURSEMENT (G) x 70%","PRIXPUBLIC","ACCORDPREALABLE"
PTM2243,"INDOCID 25 mg gélule, boîte de 30",Indométacine,"Anti-inflammatoirenonstéroïdien",Anti-inflammatoires,"1333,5",1905,-
PTM5841,"INDOCOLLYRE 0,1% collyre en solution en récipientunidose, boîte de 20 de 0,35 ml",Indométacine,"Anti-inflammatoirenon stéroïdien",Ophtalmologie,3780,5400,-
PTM2246,"INDOCOLLYRE 0,1% collyre, flacon de 5 ml",Indométacine,"Anti-inflammatoirenon stéroïdien",Ophtalmologie,"2229,5",3185,-
PTM5842,"INDOZONE-S 1,5 g injectable, boîte de 1","Ceftriaxone /   Sulba-ctam",Antibacterien,"Infectiologie-parasi-tologie","2740,5",3915,-
PTM2251,"INEXIUM 20 MG COMPRIME GASTRO-RESISTANTB/14",Esomeprazole,"Ulcere-gastroduode-nal","Gastro-Enté-ro-Hépathologie",4634,6620,-
PTM2252,"INEXIUM 40 MG COMPRIME GASTRO-RESISTANTB/14",Esomeprazole,"Ulcere-gastroduode-nal","Gastro-Enté-ro-Hépathologie",5180,7400,-
PTM2254,"INFLACAM 20 mg comprimé dispersible, boîte de 10",Piroxicam,"Anti-inflammatoirenon stéroïdien",Anti-inflammatoires,1764,2520,-
PTM5843,"INFLAGAM 200 mg comprimé pelliculé, boîte de 20",Acide tiaprofenique,"Anti-inflammatoirenon stéroïdien",Anti-inflammatoires,"1746,5",2495,-
PTM5844,"INICOX® 100 mg gélulé, boîte de 30","Célécoxib100 mg","Anti-inflammatoirenon stéroïdien",Anti-inflammatoires,"3902,5",5575,-
PTM5845,"INICOX® 200 mg gélulé, boîte de 20","Célécoxib200 mg","Anti-inflammatoirenon stéroïdien",Anti-inflammatoires,3507,5010,-
PTM5846,"INOFER 100 comprimé pelliculé, boîte de 100","Succinate ferreux 100mg / Acide succinique100 mg","Stimulant de l’héma-topoïèse (Antiané-mique)","Hémostase -Hématopoïèse  - Hé-moglobinopathies","2740,5",3915,-
PTM2261,"INSTACLOP PLUS  gélule, boîte de 3x10","Clopidogrel bisulfateUSP Equivalent à clopi-dogrel 75 mg / AspirinUSP 75 mg","Antiagregat plaquet-taire","Cardiologie-angeio-logie",6209,8870,-
CODES,DESIGNATION,COMPOSITION,"SOUS CLASSEPHARMACO-THERAPEUTIQUE","CLASSE PHARMACO-THERAPEUTIQUE","PRIX BASE DEREMBOURSEMENT (G) x 70%","PRIXPUBLIC","ACCORDPREALABLE"
PTM5847,"INSULET MIX 30 UI/ml susp. injectable, bte/1fl/10ml","Insuline humaine bio-génétique en solution/Insuline humaine biogé-nétique isophane","Antidiabetiques injec-tables","Metabolisme- nutri-tion-diabete","3482,5",4975,-
PTM2263,"INSULET RAPIDE 100 UI/ml, solution injectable,fl/10ml",Insuline humaine,"Antidiabetiques injec-tables","Metabolisme- nutri-tion-diabete",3381,4830,-
PTM5848,"INSTARYL-D sirop, flacon de 100 ml","Bromhydrate dedextrométhorphane/Chlorphenamine/Guaifénésine/ Chlorured’ammonium",Antitussif,Pneumologie,"822,5",1175,-
PTM5849,"INTERCEF-100 comprimé, boîte de 10",Céfixime,"Antibacterien (Cepha-losporines)","Infectiologie-parasi-tologie",2009,2870,-
PTM5850,"INTERCEF-200 comprimé, boîte de 10",Céfixime,"Antibacterien (Cepha-losporines)","Infectiologie-parasi-tologie",3290,4700,-
PTM5851,"INTERLINCO 250 mg/5 ml solution orale USP, flaconde 60 ml",Lincomycine,"Antibacterien (Linco-samides)","Infectiologie-parasi-tologie",1260,1800,-
PTM5852,"INTRAGLOBIN 500 mg capsule, boîte de 30",Fer+Viamines,"Stimulant de l’héma-topoïèse (Antiané-mique)","Hémostase -Héma-topoïèse -Hémoglobinopa-thies","3244,5",4635,-
PTM5853,"INTRAGLOBIN sirop, flacon de 200 Ml",Fer+Viamines,"Stimulant de l’héma-topoïèse (Antiané-mique)","Hémostase -Héma-topoïèse -Hémoglobinopa-thies","3244,5",4635,-
PTM5854,"INTRAGLOBIN stick pack pour solution orale, boîtede 20 sticks de 10 mL",Fer+Viamines,"Stimulant de l’héma-topoïèse (Antiané-mique)","Hémostase -Héma-topoïèse -Hémoglobinopa-thies","3244,5",4635,-
PTM5855,"INTRAMOL® 0,5% collyre, flacon compte-gouttes de5 ml",Timolol maléate,Antiglaucomateux,Ophtalmologie,2289,3270,-
CODES,DESIGNATION,COMPOSITION,"SOUS CLASSEPHARMACO-THERAPEUTIQUE","CLASSE PHARMACO-THERAPEUTIQUE","PRIX BASE DEREMBOURSEMENT (G) x 70%","PRIXPUBLIC","ACCORDPREALABLE"
PTM2282,"IOPAMIRON 200mg,  flacon de 10ml",Iopamidol,Produit de contraste,Imagerie Médicale,6650,9500,-
PTM5857,"IOPAMIRON 200mg, flacon de 15 ml",Iopamidol,Produit de contraste,Imagerie Médicale,9352,13360,-
PTM5859,"IOPROST collyre, flacon de 3 ml",Latanoprost,Antiglaucomateux,Ophtalmologie,"6961,5",9945,-
PTM2283,"IPEPRAZOLE 20 mg comprimé, boîte de 2 blisters de7",Oméprazole,"Inhibiteur de la secre-tion d’acide","Gastro-Entéro-Hépathologie","1186,5",1695,-
PTM5860,"IPNODIS 5mg//5ml injectable, boite de 1",Midazolam,Hypnotique,"Anesthésie-Reani-mation","1599,5",2285,-
PTM5861,"IPP 20 mg gélule, boîte de 14",Oméprazole,"Inhibiteur de la secre-tion d’acide","Gastro-Entéro-Hépathologie",2009,2870,-
PTM5862,"IPP 20 mg gélule, boîte de 28",Oméprazole,"Inhibiteur de la secre-tion d’acide","Gastro-Entéro-Hépathologie",3486,4980,-
PTM2287,"IPPROTON 40 mg, poudre pour préparationinjectable, boîte de 1 flacon",Oméprazole,"Inhibiteur de la secre-tion d’acide","Gastro-Entéro-Hépathologie","3181,5",4545,-
PTM5863,"IRBESARTAN BIOGARAN 300 mg comprimé, boite de30",Irbesartan,Antihypertenseur,"Cardiologie-angeio-logie",4753,6790,-
PTM5858,"IRBESARTAN BIOGARAN 150 mg comprimé, boite de30",Irbesartan,Antihypertenseur,"Cardiologie-angeio-logie",4109,5870,-
PTM5864,"IRBESARTAN BIOGARAN 75 mg comprimé, boite de30",Irbesartan,Antihypertenseur,"Cardiologie-angeio-logie",3045,4350,-
PTM5865,"IRBESARTAN  HCTZ BIOGARAN 150 mg / 12, 5 mgcomprimé, boite de 30","Irbesartan/Hydrochlo-rothiazide",Antihypertenseur,"Cardiologie-angeio-logie",5026,7180,-
PTM5866,"IRBESARTAN  HCTZ BIOGARAN 300 mg / 12, 5 mgcomprimé, boite de 30","Irbesartan/Hydrochlo-rothiazide",Antihypertenseur,"Cardiologie-angeio-logie",6398,9140,-
PTM5867,"IRBESARTAN  HCTZ BIOGARAN 300 mg / 25 mgcomprimé, boite de 30","Irbesartan/Hydrochlo-rothiazide",Antihypertenseur,"Cardiologie-angeio-logie","7311,5",10445,-
PTM2290,"IRYS 1 mg comprimé pélliculé sécable, boite de 30",Glimépiride,Antidiabetiques oraux,"Metabolisme- nutri-tion-diabete","4112,5",5875,-
CODES,DESIGNATION,COMPOSITION,"SOUS CLASSEPHARMACO-THERAPEUTIQUE","CLASSE PHARMACO-THERAPEUTIQUE","PRIX BASE DEREMBOURSEMENT (G) x 70%","PRIXPUBLIC","ACCORDPREALABLE"
PTM2292,"IRYS 3 mg comprimé pélliculé sécable, boite de 30",Glimépiride,Antidiabetiques oraux,"Metabolisme- nutri-tion-diabete",9065,12 950,-
PTM2293,"IRYS 4 mg comprimé pélliculé sécable, boite de 30",Glimépiride,Antidiabetiques oraux,"Metabolisme- nutri-tion-diabete","9054,5",12 935,-
PTM5868,"ISCEPT-800 comprimé, boîte de 3X10","Glibenclamide/ Metfor-mine",Antidiabetiques oraux,"Metabolisme- nutri-tion-diabete",4109,5870,-
PTM2295,"ISOFRA, solution pour pulvérisation nasale, flaconde 15 ml","Framycétine sulfate/Parahydroxybenzoatede methyle (E218)/Chlorure de sodium/ Ci-trate de sodium/ Acidecitrique/ Eau purifiée","Antibactérien (Ami-noside)","Infectiologie-parasi-tologie","1123,5",1605,-
PTM2296,"ISOLONE 20 mg comprimé , boîte de 30",Prednisone 20 mg,"Anti-inflammatoiresstéroïdiens",Anti-inflammatoires,2996,4280,-
PTM2297,"ISOLONE 20 mg comprimé effervescent, boîte de 20",Prednisone 20 mg,"Anti-inflammatoiresstéroïdiens",Anti-inflammatoires,3017,4310,-
PTM2298,"ISOLONE 5 mg comprimé , boîte de 30",Prednisone 20 mg,"Anti-inflammatoiresstéroïdiens",Anti-inflammatoires,1309,1870,-
PTM2299,"ISOLONE 5 mg comprimé effervescent, boîte de 20",Prednisone 5 mg,"Anti-inflammatoiresstéroïdiens",Anti-inflammatoires,"1599,5",2285,-
PTM5869,"ISONIT 10 mg comprimé sublingaux, boîte de 30",Dinitrate d’Isosorbide,Insuffisance cardiaque,"Cardiologie-angeio-logie","3874,5",5535,-
PTM5870,"IVAGINE comprimé vaginal, boîte de 6","Metronidazole/Clotri-mazole / Lactobacilles",Anti-infectieux,Gynécologie,"1662,5",2375,-
PTM5871,"IVECEF 0,75 g/5 ml poudre pour préparationinjectable, boîte de 1 flacon + solvant de 5 ml",Céfuroxime sodium,"Antibacterien (cepha-losporines)","Infectiologie-parasi-tologie","1599,5",2285,-
PTM2304,"IVEFERAN 100 mg/5 ml injectable, boîte de 5","Complex Fer sucrose(fer élément)","Stimulant del’hématopoïèse (An-tianémique)","Hémostase -Héma-topoïèse  -Hémoglobinopa-thies","16446,5",23495,-
CODES,DESIGNATION,COMPOSITION,"SOUS CLASSEPHARMACO-THERAPEUTIQUE","CLASSE PHARMACO-THERAPEUTIQUE","PRIX BASE DEREMBOURSEMENT (G) x 70%","PRIXPUBLIC","ACCORDPREALABLE"
PTM5873,"IXINE ® 200 mg comprimé pelliculé, boîte de 10",Cefixime,"Antibacterien(Cepha-losporines)","Infectiologie-parasi-tologie","2467,5",3525,-
PTM5874,"IZ-200 suspension buvable, flacon de 15 ml",Azithromycine,"Antibacterien (Macro-lides)","Infectiologie-parasi-tologie","2285,5",3265,-
PTM5875,"IZ-500 comprimé, boîte de 1X3",Azithromycine,"Antibacterien (Macro-lides)","Infectiologie-parasi-tologie",3654,5220,-
PTM5876,"IZIFLOW® 0,5 g comprimé, boîte de 4 blisters de 18",Rape Pollen,Allergie,Allergologie,2870,4100,-
PTM5877,"JANCEF-200 mg comprimé, boîte de 10",Céfixime,"Antibacterien (cepha-losporines)","Infectiologie-parasi-tologie",2779,3970,-
PTM5878,"JANCEF-DS  50 mg suspension orale, flacon de 60 ml",Céfixime,"Antibacterien (cepha-losporines)","Infectiologie-parasi-tologie",2086,2980,-
PTM5879,"JANUMET  50 mg/1000 mg comprimé pelliculé, boîtede 56","Sitagliptine/ Chlorhy-drate de Metformine",Antidiabétiques oraux,"Infectiologie-parasi-tologie","22844,5",32635,-
PTM5880,"JANUMET  50 mg/850 mg comprimé pelliculé, boîtede 56","Sitagliptine/ Chlorhy-drate de Metformine",Antidiabétiques oraux,"Infectiologie-parasi-tologie","22844,5",32635,-
PTM2308,"JANUVIA 100 mg comprimé pelliculé, boîte de 28",Sitagliptine DCI,Antidiabétiques oraux,"Infectiologie-parasi-tologie","22844,5",32635,-
PTM5881,"JINK 20 mg/5 mL suspension buvable, flacon de 60mL",Zinc,Mineraux,"Metabolisme- nutri-tion-diabete",2779,3970,-
PTM5882,"JOYCLAV 228,5 mg suspension buvable, flacon de 60ml","Amoxicilline/ Acideclavulanique","Antibacterien (Penicil-lines)","Infectiologie-parasi-tologie","1739,5",2485,-
PTM2310,"JOSACINE 125 mg/5 mL granulé pour suspensionbuvable, flacon de 60 doses.",Josamycine,Antibacterien,"Infectiologie-parasi-tologie","2257,5",3 225,-
PTM2311,"JOSACINE 250 mg/5 mL granulé pour suspensionbuvable, flacon de 120 doses.",Josamycine,Antibacterien,"Infectiologie-parasi-tologie","3573,5",5 105,-
PTM2313,"JOSACINE 500 mg/5 mL granulé pour suspensionbuvable, flacon de 240 doses.",Josamycine,Antibacterien,"Infectiologie-parasi-tologie","5190,5",7 415,-
PTM2312,"JOSACINE 500 mg comprimé pelliculé, boîte de 20.",Josamycine,Antibacterien,"Infectiologie-parasi-tologie",10801,15 430,-
CODES,DESIGNATION,COMPOSITION,"SOUS CLASSEPHARMACO-THERAPEUTIQUE","CLASSE PHARMACO-THERAPEUTIQUE","PRIX BASE DEREMBOURSEMENT (G) x 70%","PRIXPUBLIC","ACCORDPREALABLE"
PTM5883,"KALFEN 100 mg/5 ml suspension buvable, flacon de60 ml",Ibuprofène,"Anti-inflammatoirenonstéroïdien",Anti-inflammatoires,693,990,-
PTM5884,KALFEN 400 mg comprimé Pl/10,Ibuprofène,"Anti-inflammatoirenonstéroïdien",Anti-inflammatoires,273,390,-
PTM5885,"KARTAN 16 mg comprimé, boîte de 30",Candesartan,"Antihypertenseur(sartan)","Cardiologie-angeio-logie",8561,12230,-
PTM5886,"KARTAN 8 mg comprimé, boîte de 30",Candesartan,"Antihypertenseur(sartan)","Cardiologie-angeio-logie",6461,9230,-
PTM5887,"KASTLEVO comprimé pelliculé, boîte de 10","Montélukast/lévocéti-rizine",Antiasthmatique,Pneumologie,"2285,5",3265,-
PTM5890,"KAVITROVAGIN 500 mg comprimé vaginal, boîte de10",Métronidazole,"Antibactrien (Imidazo-lés)","Infectiologie-parasi-tologie",1106,1580,-
PTM5891,"KAVMYCIN 125 mg/ 5 ml suspension orale, flacon de60 ml",Erythromycine,"Antibactrien (Macro-lides)","Infectiologie-parasi-tologie","556,5",795,-
PTM5892,"KEFODIME-100 mg comprimé dispersibles, boîte de10",Cefpodoxime,"Antibactrien (Cepha-losporines)","Infectiologie-parasi-tologie","3482,5",4975,-
PTM5893,"KEFODIME-200 mg comprimé pelliculé, boîte de 10",Cefpodoxime,"Antibactrien (Cepha-losporines)","Infectiologie-parasi-tologie","4595,5",6565,-
PTM2320,"KEFOTAX 1 g injectable, boîte de 1 flacon + solvant",Cefotaxime,"Antibactrien (Cepha-losporines)","Infectiologie-parasi-tologie",2632,3760,-
PTM2321,"KEFOTAX 500 mg injectable, boîte de 1 flacon +solvant",Cefotaxime,"Antibactrien (Cepha-losporines)","Infectiologie-parasi-tologie",1169,1670,-
PTM5894,"KEFTAZ-1000 poudre pour solution injectable, boîtede 1 flacon + solvant de 10 ml",Céfépime,"Antibactrien (Cepha-losporines)","Infectiologie-parasi-tologie",1533,2190,-
PTM5895,"KENARX RETARD 40mg/ML, Boite de 1","Acétonide de Triam-cinolone","Anti-inflammatoiresstérodiens",Anti-inflammatoires,1540,2200,-
PTM5896,"KEOZOL 2% crème, tube de 30 g",Kétoconazole,Antifongique,"Infectiologie-parasi-tologie",931,1330,-
PTM2330,"KETAFLOX 200 mg comprimé sécable, boîte de 10",Ofloxacin,"Antibactrien (Quino-lones)","Infectiologie-parasi-tologie",1827,2610,-
CODES,DESIGNATION,COMPOSITION,"SOUS CLASSEPHARMACO-THERAPEUTIQUE","CLASSE PHARMACO-THERAPEUTIQUE","PRIX BASE DEREMBOURSEMENT (G) x 70%","PRIXPUBLIC","ACCORDPREALABLE"
PTM5899,"KETOCON 2% crème, tube de 15 g",Ketoconazole,Antifongique,"Infectiologie-parasi-tologie","675,5",965,-
PTM5900,"KETOCON SHAMPOOING, flacon de 75 ml",Ketoconazole,Antifongique,"Infectiologie-parasi-tologie",1372,1960,-
PTM5901,"KETOFLEX 100 mg suppositoire,B/10",Kétoprofène,"Anti-inflammatoirenon stéroïdien",Anti-inflammatoires,1232,1760,-
PTM5902,"KETOFLEX 50 mg gelule, boite de 24",Kétoprofène,"Anti-inflammatoirenon stéroïdien",Anti-inflammatoires,1232,1760,-
PTM5903,"KETOFLEX 2,5% Gel, tube de 20 g",Kétoprofène,"Anti-inflammatoirenon stéroïdien",Anti-inflammatoires,1351,1930,-
PTM2337,"KETONAL 100 mg suppositoire,B/12",Kétoprofène,"Anti-inflammatoirenon stéroïdien",Anti-inflammatoires,1617,2310,-
PTM2338,"KETONAL 100 mg/2 ml ampoule injectable,B/5",Kétoprofène,"Anti-inflammatoirenon stéroïdien",Anti-inflammatoires,"2740,5",3915,-
PTM2339,"KETONAL 2,5 % gel tube de 50 g",Kétoprofène,"Anti-inflammatoirenon stéroïdien",Anti-inflammatoires,1351,1930,-
PTM2340,"KETONAL DUO 150 mg capsule à libérationprolongée,B/20",Kétoprofène,"Anti-inflammatoirenon stéroïdien",Anti-inflammatoires,3409,4870,-
PTM2341,"KETONAL FORTE 100 mg comprimé pelliculé,B/20",Kétoprofène,"Anti-inflammatoirenon stéroïdien",Anti-inflammatoires,1554,2220,-
PTM5904,"KETOPROFENE BIOGARAN LP 100 mg comprimé,B/20",Kétoprofene,"Anti-inflammatoirenon stéroïdien",Anti-inflammatoires,"1655,5",2365,-
PTM5905,"KETOPROFEN-GH® 100 mg suppositoires, boîte de 12",Kétoprofene,"Anti-inflammatoirenon stéroïdien",Anti-inflammatoires,1141,1630,-
PTM5906,"K-FLAM 50 mg poudre pour suspension buvable,boîte de 30",Diclofénac,"Anti-inflammatoirenon stéroïdien",Anti-inflammatoires,"4595,5",6565,-
PTM2343,"KIETYL 6 mg comprimé, boîte de 30",Bromazépam,Antidepresseur,Psychiatrie,"1816,5",2595,-
PTM5908,"KILMOL 400mg/325mg comprimé, boite de 30","Paracetamol / Ibupro-fene",Antalgiques,"Antalgiques-Antipy-rétiques-Antispas-modiques","1830,5",2615,-
CODES,DESIGNATION,COMPOSITION,"SOUS CLASSEPHARMACO-THERAPEUTIQUE","CLASSE PHARMACO-THERAPEUTIQUE","PRIX BASE DEREMBOURSEMENT (G) x 70%","PRIXPUBLIC","ACCORDPREALABLE"
PTM2346,"KINAL CODEINE gélule, boîte de 3 X 6","Paracétamol/ Codéine/Caféine",Antalgiques opioides,"Antalgiques-Antipy-rétiques-Antispas-modiques",1232,1760,-
PTM5910,KINAL IBU Susp Fl/60ml,"Paracétamol/ Ibupro-fene",Antalgiques,"Antalgiques-Antipy-rétiques-Antispas-modiques",1673,2390,-
PTM5911,"KINAL IBU suspension buvable, flacon de 100 mL","Paracétamol/ Ibupro-fene",Antalgiques,"Antalgiques-Antipy-rétiques-Antispas-modiques","822,5",1175,-
PTM5913,"KINALDOL Comprimé, boite de 20",Paracétamol/ Tramadol,Antalgiques opioides,"Antalgiques-Antipy-rétiques-Antispas-modiques","941,5",1345,-
PTM5914,"KINAZOL DERMICUM  2%, Shampooing, flacon de100 ml",Kétoconazole,Antifongique,"Infectiologie-parasi-tologie","3426,5",4895,-
PTM2353,"KLACIN 625 mg comprimé pelliculé, boîte de 15","Amoxicilline/ Acideclavulanique","Antibacterien (Peni-cilline)","Infectiologie-parasi-tologie",3836,5480,-
PTM2354,"KLACIN BID 1000 mg comprimé pelliculé, boîte de 10","Amoxicilline/ Acideclavulanique","Antibacterien (Peni-cilline)","Infectiologie-parasi-tologie","4203,5",6005,-
PTM2352,"KLACIN FORTE suspension pédiatrique, flacon de100 ml","Amoxicilline/ Acideclavulanique","Antibacterien (Peni-cilline)","Infectiologie-parasi-tologie",3199,4570,-
PTM2351,"KLACIN suspension pédiatrique, flacon de 100 ml","Amoxicilline/ Acideclavulanique","Antibacterien (Peni-cilline)","Infectiologie-parasi-tologie",2513,3590,-
PTM5915,"KLAVMOX 1,2mg IV injectable, FL/1","Amoxicilline/ Acideclavulanique","Antibacterien (Peni-cilline)","Infectiologie-parasi-tologie","2376,5",3395,-
PTM5916,KLAVMOX LB 1000 mg comprimé B/10,"Amoxicilline/ Acideclavulanique","Antibacterien (Peni-cilline)","Infectiologie-parasi-tologie",2786,3980,-
PTM5917,KLAVMOX LB 625 mg comprimé B/10,"Amoxicilline/ Acideclavulanique","Antibacterien (Peni-cilline)","Infectiologie-parasi-tologie","2285,5",3265,-
PTM5918,KLAVMOX 375 mg comprimé B/10,"Amoxicilline/ Acideclavulanique","Antibacterien (Peni-cilline)","Infectiologie-parasi-tologie","2614,5",3735,-
PTM5919,"KLAVMOX 312,5 mg suspension buvable","Amoxicilline/ Acideclavulanique","Antibacterien (Peni-cilline)","Infectiologie-parasi-tologie",2968,4240,-
CODES,DESIGNATION,COMPOSITION,"SOUS CLASSEPHARMACO-THERAPEUTIQUE","CLASSE PHARMACO-THERAPEUTIQUE","PRIX BASE DEREMBOURSEMENT (G) x 70%","PRIXPUBLIC","ACCORDPREALABLE"
PTM5921,"KLEANDEAL ovule vaginale, boîte de 7","Clindamycine/ Clotri-mazole",Anti-infectieux,Gynécologie,"1137,5",1625,-
PTM5922,"KLIMPASS gel vaginale, tube de 30 g","Dichlorhydride deChlorhexidine",Anti-infectieux,Gynécologie,1827,2610,-
PTM2357,"KLIPAL CODEINE 300 mg/25 mg comprimé, boîte de16","Paracétamol/Phosphatede codéine hémihy-draté",Antalgiques opioides,"Antalgiques-Antipy-rétiques-Antispas-modiques","1032,5",1475,-
PTM2356,"KLIPAL CODEINE 600 mg/50 mg comprimé, boîte de12","Paracétamol/Phosphatede codéine hémihy-draté",Antalgiques opioides,"Antalgiques-Antipy-rétiques-Antispas-modiques","1543,5",2205,-
PTM2358,"KNZ 200 mg comprimé, boîte de 1 blister de 10",Ketoconazole,Antifongique,"Infectiologie-parasi-tologie",2009,2870,-
PTM5923,"KOFDOS sirop, flacon de 100 ml","Noscapine/ Chlorphé-niramine/ Chlorured’ammonium/ Citratede sodium",Antitussif,Pneumologie,714,1020,-
PTM5924,"KOFNOT sirop, flacon de 100 ml","Bromhexine/ Terbuta-line/ Guaïfénésine",Antitussif,Pneumologie,868,1240,-
PTM5925,"KOFOF Adulte suspension buvable, flacon de 150 ml","Dextrométhorphane/Phényléphrine",Antitussif,Pneumologie,1036,1480,-
PTM5926,"KOFOF enfant suppressant sirop, flacon de 100 ml","Hydrobromure dedextrométhorphane/Maléate de chlorphéni-ramine",Antitussif,Pneumologie,1001,1430,-
PTM5927,"KOFOF sirop enfant, flacon de 100 ml","Guaïphénésine/ Chlor-phéniramine",Antitussif,Pneumologie,1001,1430,-
PTM5928,LABETOL inj 5 mg/ml,Labetol,"Antihypertenseurbetabloquant","Cardiologie-angeio-logie",2835,4050,-
PTM5929,"LACHIDEC poudre pour solution buvable, boîte de 12sachets","Paracétamol / Acideascorbique / Chlorhy-drate de phényléphrine",Antitussif,Pneumologie,2282,3260,-
CODES,DESIGNATION,COMPOSITION,"SOUS CLASSEPHARMACO-THERAPEUTIQUE","CLASSE PHARMACO-THERAPEUTIQUE","PRIX BASE DEREMBOURSEMENT (G) x 70%","PRIXPUBLIC","ACCORDPREALABLE"
PTM5931,"LACOMA-T collyre, flacon de 2,5 ml",Travoprost/ Timolol,Antiglaucomateux,Ophtalmologie,"7766,5",11095,-
PTM5932,"LAMICTAL® 2 mg comprimé dispersible ou à croquer,boîte de 30",Lamotrigine,Antiépileptique,Neurologie,4550,6500,-
PTM2381,"LAMICTAL® 5 mg comprimé dispersible ou à croquer,boîte de 30",Lamotrigine,Antiépileptique,Neurologie,6027,8 610,-
PTM2380,"LAMICTAL® 25  mg comprimé , boîte de 30",Lamotrigine,Antiépileptique,Neurologie,8400,12 000,-
PTM5933,"LAMICTAL® 50 mg comprimé , boîte de 30",Lamotrigine,Antiépileptique,Neurologie,11340,16200,-
PTM5934,"LAMICTAL® 100 mg comprimé , boîte de 30",Lamotrigine,Antiépileptique,Neurologie,12320,17600,-
PTM2397,"LANZOCAP 30 mg gélule, boîte de 30",Lanzoprazole,"Inhibiteur de la secre-tion d’acide","Gastro-Enté-ro-Hépathologie",4774,6820,-
PTM5935,"LANZOCAP-B poudre pour solution buvable, boîte de30 sachets","Lanzoprazole/ Bicarbo-nate de sodium","Inhibiteur de la secre-tion d’acide","Gastro-Enté-ro-Hépathologie",5285,7550,-
PTM5936,LANZOCAP DSR gelule boite /30,"Lanzoprazole/ Domepe-ridone","Inhibiteur de la secre-tion d’acide","Gastro-Enté-ro-Hépathologie",5292,7560,-
PTM5937,"LANZOCAP-B gel, boîte de 30","Lanzoprazole/ Bicarbo-nate de sodium","Inhibiteur de la secre-tion d’acide","Gastro-Enté-ro-Hépathologie",5292,7560,-
PTM2401,"LARGACTIL 100 mg comprimé, étui de 30",Chlorpromazine,Neuroleptique,Psychiatrie,3206,4 580,-
PTM2402,"LARGACTIL 25 mg comprimé, étui de 30",Chlorpromazine,Neuroleptique,Psychiatrie,2485,3 550,-
PTM2405,LARGACTIL 4%  GOUTTE FL/125ML,Chlorpromazine,Neuroleptique,Psychiatrie,2800,4 000,-
PTM2403,LARGACTIL 25MG INJ AMP/5ML  BTE/5,Chlorpromazine,Neuroleptique,Psychiatrie,5600,8 000,-
PTM5938,"LARIACT 180 mg + 1080 mg suspension buvable,flacon de 60 mL","Artéméther/ Lumé-fantrine",Antipaludique,"Infectiologie-parasi-tologie","640,5",915,-
CODES,DESIGNATION,COMPOSITION,"SOUS CLASSEPHARMACO-THERAPEUTIQUE","CLASSE PHARMACO-THERAPEUTIQUE","PRIX BASE DEREMBOURSEMENT (G) x 70%","PRIXPUBLIC","ACCORDPREALABLE"
PTM5940,"LARIACT DISPERSIBLE 20 mg + 120 mg comprimé,boîte de 1x6","Artéméther/ Lumé-fantrine",Antipaludique,"Infectiologie-parasi-tologie","731,5",1045,-
PTM5941,"LARIACT DS 40 mg + 240 mg comprimé, boîte de1x12","Artéméther/ Lumé-fantrine",Antipaludique,"Infectiologie-parasi-tologie","913,5",1305,-
PTM5942,"LARIACT FORTE 80 mg + 480 mg comprimé, boîte de1x6","Artéméther/ Lumé-fantrine",Antipaludique,"Infectiologie-parasi-tologie","913,5",1305,-
PTM2407,"LARIDOX 525 mg comprimé, 1 blister de 3","Sulfadoxine/ Pyrimetha-mine",Antipaludique,"Infectiologie-parasi-tologie","346,5",495,-
PTM5943,"LARINATE 60 mg injectable, boîte de 1 flacon",Artesunate,Antipaludique,"Infectiologie-parasi-tologie","878,5",1255,-
PTM2411,LARITEM 20 mg/120 mg comprimé boîte de 24,"Artéméther/ Lumé-fantrine",Antipaludique,"Infectiologie-parasi-tologie",1764,2520,-
PTM2412,LARITEM 20 mg/120 mg comprimé boîte de 6,"Artéméther/ Lumé-fantrine",Antipaludique,"Infectiologie-parasi-tologie",469,670,-
PTM2410,LARITEM 40 mg/240 mg comprimé boîte de 12,"Artéméther/ Lumé-fantrine",Antipaludique,"Infectiologie-parasi-tologie","1900,5",2715,-
PTM2414,LARITEM 80 mg/480 mg comprimé boîte de 6,"Artéméther/ Lumé-fantrine",Antipaludique,"Infectiologie-parasi-tologie",1883,2690,-
PTM5944,"LARITH XL 500 mg comprimé, boîte de 10",Clarithromycine,Antipaludique,"Infectiologie-parasi-tologie",4060,5800,-
PTM2416,"LARITHER 40 mg/1 ml solution injectable, boîte de 6ampoules de 1 ml",Artemether,Antipaludique,"Infectiologie-parasi-tologie","2740,5",3915,-
PTM2418,"LARITHER 80 mg/1 ml solution injectable, boîte de 6ampoules de 1 ml",Artemether,Antipaludique,"Infectiologie-parasi-tologie","3426,5",4895,-
PTM5945,"LAROTEDAR Q. S. 80/480 mg comprimé, boîte de 6","Artéméther 80 mg etLuméfantrine 480 mg",Antipaludique,"Infectiologie-parasi-tologie",770,1100,-
PTM2424,LAROXYL 25 mg comprimé boite de 60,Amitriptyline,Antidepresseur,Psychiatrie,"2796,5",3 995,-
PTM2425,LAROXYL 25 mg injectable boite de 12,Amitriptyline,Antidepresseur,Psychiatrie,4200,6 000,-
CODES,DESIGNATION,COMPOSITION,"SOUS CLASSEPHARMACO-THERAPEUTIQUE","CLASSE PHARMACO-THERAPEUTIQUE","PRIX BASE DEREMBOURSEMENT (G) x 70%","PRIXPUBLIC","ACCORDPREALABLE"
PTM2427,LAROXYL 25 mg goutte 40mg/ml flacon de 20 ml,Amitriptyline,Antidepresseur,Psychiatrie,4550,6 500,-
PTM5947,"LART-RM injectable, boîte de 6 ampoules de 1 ml",Artéméther,Antipaludique,"Infectiologie-parasi-tologie",3017,4310,-
PTM2431,"LASILIX 20mg/2ml solution injectable, boite de 1ampoule",Furosémide,Diurétique,"Cardiologie-angeio-logie","731,5",1045,-
PTM2432,"LASILIX 40 mg comprimé sécable, boîte de 30",Furosémide,Diurétique,"Cardiologie-angeio-logie",1820,2600,-
PTM2434,"LASILIX 500 mg comprimé sécable, boîte de 10",Furosémide,Diurétique,"Cardiologie-angeio-logie","5582,5",7975,-
PTM5948,"LASTAR 50 mg comprimé pelliculé, boîte de 30",Losartan Potassique,"Antihypertenseur(Sartan)","Cardiologie-angeio-logie",4193,5990,-
PTM5949,"LASTAR 100 mg comprimé pelliculé, boîte de 30",Losartan Potassique,"Antihypertenseur(Sartan)","Cardiologie-angeio-logie","4574,5",6535,-
PTM5950,"LATANASOL® collyre en solution, flacon de 2,5 ml",Latanoprost,Antiglaucomateux,"Ophtalmo-logie",4165,5950,-
PTM5951,"LATANOPROST BIOGARAN 0,005% collyre ensolution, flacon 2,5 ml",Latanoprost,Antiglaucomateux,Ophtalmologie,4165,5950,-
PTM5952,"LATANOPROST / TIMOLOL BIOGARAN 50uG/5mgcollyre en solution, flacon 2,5 ml",Latanoprost/Timolol,Antiglaucomateux,Ophtalmologie,6853,9790,-
PTM5953,"LATATIM 50 mcg/mL + 5 mg/ mL collyre, flacon de2,5 ml",Latanoprost/Timolol,Antiglaucomateux,Ophtalmologie,"9229,5",13185,-
PTM5954,"LATOXIME 1000 MG poudre pour solution injectable,boîte de 1 flacon + solvant de 10ml",Céfotaxime sodique,"Antibacterien (Cepha-losporines)","Infectiologie-parasi-tologie","2628,5",3755,-
PTM5955,"LAXOCEF-S  1500 mg poudre pour solutioninjectable, boîte de 1 flacon + solvant de 10ml",Ceftriaxone/ Sulbactam,"Antibacterien (Cepha-losporines)","Infectiologie-parasi-tologie",2828,4040,-
PTM5956,"LAZINE 5 mg comprimé, boîte de 3X10",Lévocétirizine,Antihistaminique H1,Allergologie,"1746,5",2495,-
PTM5957,"LEFLOPEX 200 mg injectable, boîte de 1 flacon de100 ml",Lévofloxacine,"Antibacterien (Quino-lones)","Infectiologie-parasi-tologie",2765,3950,-
CODES,DESIGNATION,COMPOSITION,"SOUS CLASSEPHARMACO-THERAPEUTIQUE","CLASSE PHARMACO-THERAPEUTIQUE","PRIX BASE DEREMBOURSEMENT (G) x 70%","PRIXPUBLIC","ACCORDPREALABLE"
PTM5959,"LEMONEX sirop, flacon de 30 mL","Montélukast 10 mg /Lévocétirizine 5 mg",Antiasthmatique,Pneumologie,"913,5",1305,-
PTM5960,"LENAMEX® 600 mg/2 mL solution injectable pourperfusion, boîte de 1 flacon",Lincomycine,Antibacterien,"Infectiologie-parasi-tologie","1193,5",1705,-
PTM5961,"LENID 10 mg capsules, boîte de 30",Lenalidomide,Antihistaminique H1,Allergologie,1750,2500,-
PTM2439,LEPTICUR 10 mg comprimé boite 30,Tropatépine,Antiparkinsonien,"Neurologie-Psychia-trie",3500,5000,-
PTM5962,LEPTICUR 10mg/2ml boite 1ampoule,Tropatépine,Antiparkinsonien,"Neurologie-Psychia-trie",1750,2500,-
PTM2441,"LERIN 0,125 mg comprimé, boîte de 30",Methylergometrine,Antispasmodiques,Gynécologie,"1606,5",2 295,-
PTM2442,"LERIN 0,2 mg/ml injectable, boite de 5",Methylergometrine,Antispasmodiques,Gynécologie,"878,5",1 255,-
PTM2443,"LESCOL LP 80mg comprimé pelliculé, boîte de 28",Fluvastatine,Hypolipémiants,"Metabolisme- nutri-tion-diabete",20860,29800,-
PTM2444,"LESSTROL 10 comprimé pelliculé, boîte de 30",Atorvastatine,Hypolipémiants,"Metabolisme- nutri-tion-diabete","4567,5",6525,-
PTM2445,"LESSTROL 20 comprimé pelliculé, boîte de 30",Atorvastatine,Hypolipémiants,"Metabolisme- nutri-tion-diabete",5712,8160,-
PTM5963,"LEUTRIEN 10  mg comprimé pelliculé, boîte de 30",Montélukast,Antiasthmatique,Pneumologie,6580,9400,-
PTM5964,"LEUTRIEN 4 mg comprimé à croquer, boîte de 30",Montélukast,Antiasthmatique,Pneumologie,"2740,5",3915,-
PTM5965,"LEUTRIEN 5 mg comprimé à croquer, boîte de 30",Montélukast,Antiasthmatique,Pneumologie,"3839,5",5485,-
PTM2447,"LEVAQUIN 500 mg comprimé, boîte de 5",Lévofloxacine,"Antibacterin (Quino-lones)","Infectiologie-parasi-tologie","2194,5",3135,-
PTM5966,"LEVCETHIN  ODS 5 mg languette à dissolution orale,boîte de 10 sachets",Levocétirizine,Antihistaminique H1,Allergologie,1750,2500,-
CODES,DESIGNATION,COMPOSITION,"SOUS CLASSEPHARMACO-THERAPEUTIQUE","CLASSE PHARMACO-THERAPEUTIQUE","PRIX BASE DEREMBOURSEMENT (G) x 70%","PRIXPUBLIC","ACCORDPREALABLE"
PTM5969,"LEVETIRACETAM BIOGARAN 1000 mg compriméspelliculés sécables, boîte de 60",Levetiracetam,Anticonvulsivant,Neurologie,23310,33300,-
PTM5970,"LEVETIRACETAM BIOGARAN 250 mg compriméspelliculés sécables, boîte de 60",Levetiracetam,Anticonvulsivant,Neurologie,8967,12810,-
PTM5971,"LEVETIRACETAM BIOGARAN 500 mg compriméspelliculés sécables, boîte de 60",Levetiracetam,Anticonvulsivant,Neurologie,13461,19230,-
PTM5972,"LEVIN-250 comprimés, boîte de 1 blister de 5",Lévofloxacine,"Antibacterin (Quino-lones)","Infectiologie-parasi-tologie","1753,5",2505,-
PTM5973,"LEVIN-500 comprimés, boîte de 1 blister de 5",Lévofloxacine,"Antibacterin (Quino-lones)","Infectiologie-parasi-tologie","1753,5",2505,-
PTM5974,"LEVIZINE 5 mg comprimé, boîte de 10",Lévocétirizine,Antihistaminique H1,Allergologie,"1753,5",2505,-
PTM5975,"LEVOAS-500 comprimé, boîte de 10",Lévofloxacine,"Antibacterin (Quino-lones)","Infectiologie-parasi-tologie","5484,5",7835,-
PTM5976,"LEVOCINE 500 mg comprimé pelliculé, boîte de 5",Lévofloxacine,"Antibacterin (Quino-lones)","Infectiologie-parasi-tologie","2922,5",4175,-
PTM2449,"LEVO-DENK 250 comprimé pelliculé, boîte de 10",Lévofloxacine,"Antibacterin (Quino-lones)","Infectiologie-parasi-tologie",3472,4960,-
PTM2450,"LEVO-DENK 500 comprimé pelliculé, boîte de 10",Lévofloxacine,"Antibacterin (Quino-lones)","Infectiologie-parasi-tologie","4567,5",6525,-
PTM5977,"LEVOFLOX 500 mg comprimé, boîte de 5",Lévofloxacine,"Antibacterin (Quino-lones)","Infectiologie-parasi-tologie","4112,5",5875,-
PTM5978,"LEVOFLOX-DENK 5 mg/mL soluton pour perfusion,flacon de 100 mL",Lévofloxacine,"Antibacterin (Quino-lones)","Infectiologie-parasi-tologie",8680,12400,-
PTM5979,"LEVOMAC 250 mg comprimé, boîte de 5",Lévofloxacine,"Antibacterin (Quino-lones)","Infectiologie-parasi-tologie",1750,2500,-
PTM5980,"LEVOMAC 500 mg comprimé, boîte de 5",Lévofloxacine,"Antibacterin (Quino-lones)","Infectiologie-parasi-tologie","1753,5",2505,-
PTM2451,"LEVOPHTA 0,05% collyre, flacon de 5 Ml",Lévofloxacine,"Antibacterin (Quino-lones)",Ophtalmologie,"3426,5",4895,-
CODES,DESIGNATION,COMPOSITION,"SOUS CLASSEPHARMACO-THERAPEUTIQUE","CLASSE PHARMACO-THERAPEUTIQUE","PRIX BASE DEREMBOURSEMENT (G) x 70%","PRIXPUBLIC","ACCORDPREALABLE"
PTM5982,"LEVOSON sirop, flacon de 30 ml",Lévocétirizine,Antihistaminique,Pneumologie,1372,1960,-
PTM2454,"LEVOTHYROX 25 μg comprimé sécable, boîte de 30",Lévothyroxyne sodique,"Hormone thyroi-diennes",Endocrinologie,"346,5",495,-
PTM2456,"LEVOTHYROX 50 μg comprimé sécable, boîte de 30",Lévothyroxyne sodique,"Hormone thyroi-diennes",Endocrinologie,"1655,5",2365,-
PTM2457,"LEVOTHYROX 75 μg comprimé sécable, boîte de 30",Lévothyroxyne sodique,"Hormone thyroi-diennes",Endocrinologie,2240,3200,-
PTM2452,"LEVOTHYROX 100 μg comprimé sécable, boîte de 30",Lévothyroxyne sodique,"Hormone thyroi-diennes",Endocrinologie,1540,2200,-
PTM5984,"LEVOTHYROX 125 μg comprimé sécable, boîte de 30",Lévothyroxyne sodique,"Hormone thyroi-diennes",Endocrinologie,"4910,5",7015,-
PTM2453,"LEVOTHYROX 150 μg comprimé sécable, boîte de 30",Lévothyroxyne sodique,"Hormone thyroi-diennes",Endocrinologie,2660,3800,-
PTM5986,"LEVOTHYROX 175 μg comprimé sécable, boîte de 30",Lévothyroxyne sodique,"Hormone thyroi-diennes",Endocrinologie,"5456,5",7795,-
PTM5987,"LEVOTHYROX 200 μg comprimé sécable, boîte de 30",Lévothyroxyne sodique,"Hormone thyroi-diennes",Endocrinologie,"5729,5",8185,-
PTM2458,"LEVOTOP 500 mg comprimé, boîte de 2 étuis de 5",Lévofloxacine,"Antibacterin (Quino-lones)","Infectiologie-parasi-tologie","5757,5",8225,-
PTM5988,"LEVOTOP 750 mg comprimé, boîte de 10",Lévofloxacine,"Antibacterin (Quino-lones)","Infectiologie-parasi-tologie","5757,5",8225,-
PTM5989,"LEVOTRIZ 5 mg comprimé, boîte de 10",Levocétirizine,Antihistaminique,Allergologie,1827,2610,-
PTM2463,"LIDOCAINE 2% solution injectable, boîte de 1 flaconde 20 Ml","Chlorhydrate de lido-caine",Anesthésique local,"Anéstesie-Réani-mation","766,5",1095,-
PTM5990,"LIGNOX 2 % solution injectable, boîte de 1 flacon de20 ml","Chlorhydrate de lido-caine",Anesthésique local,"Anéstesie-Réani-mation","913,5",1305,-
PTM5991,"LILGRO sirop, flacon de 100 Ml",Dextromethorphane,Antitussif,Pneumologie,1372,1960,-
CODES,DESIGNATION,COMPOSITION,"SOUS CLASSEPHARMACO-THERAPEUTIQUE","CLASSE PHARMACO-THERAPEUTIQUE","PRIX BASE DEREMBOURSEMENT (G) x 70%","PRIXPUBLIC","ACCORDPREALABLE"
PTM2470,"LINCOCINE 250 mg/5 ml suspension buvable, flaconde 60 ml",Lincomycine,"Antibacterin (Lincosa-mides)","Infectiologie-parasi-tologie","2047,5",2925,-
PTM2472,"LINCOCINE 600 mg solution injectable, boîte de 1ampoule de 2 ml",Lincomycine,"Antibacterin (Lincosa-mides)","Infectiologie-parasi-tologie","1305,5",1865,-
PTM2473,LINCOMYCINE  500 mg boite de 24,Lincomycine,"Antibacterin (Lincosa-mides)","Infectiologie-parasi-tologie",1743,2490,-
PTM2475,"LINEX enfant granulés pour suspension orale, boîtede 10 sachets",Poudre Lebenin,Antidiarrhéique,"Gastro-Enté-ro-Hépathologie",2282,3260,-
PTM2476,"LINEX gélule, boîte de 16",Poudre Lebenin,Antidiarrhéique,"Gastro-Enté-ro-Hépathologie","2285,5",3265,-
PTM5993,"LINEZOLID DENK 2 mg/mL solution pour perfusion,boîte de 1 flacon de 300 Ml",Linezolide,Antibacterien,"Infectiologie-parasi-tologie","20100,5",28715,-
PTM2477,"LINMOX 500 mg gélule, boite de 12",Amoxicilline,"Antibactrien (Penicil-lines)","Infectiologie-parasi-tologie","976,5",1395,-
PTM5994,"LIPANTHYL 145 mg comprimé pelliculé, boîte de 30",Fénofibrate,Hypolipidémiant,"Cardiologie-angeio-logie",6167,8810,-
PTM2480,"LIPANTHYL 200 mg gélule, boîte de 30",Fénofibrate,Hypolipidémiant,"Cardiologie-angeio-logie",6167,8810,-
PTM5997,"LIPIAS-10 mg comprimé pelliculé, boîte de 30","Atorvastatine10 mg",Hypolipémiants,"Cardiologie-angeio-logie",3745,5350,-
PTM5998,"LIPINORM 10 mg comprimé pelliculé, boîte de 28",Atorvastatine,Hypolipémiants,"Cardiologie-angeio-logie",4039,5770,-
PTM5999,"LIPINORM 20 mg comprimé pelliculé, boîte de 28",Atorvastatine,Hypolipémiants,"Cardiologie-angeio-logie",6083,8690,-
PTM6000,"LIPOVAS 10 mg comprimés, boîte de 3X10",Atorvastatine calcium,Hypolipémiants,"Cardiologie-angeio-logie","6394,5",9135,-
PTM6001,"LIPOVAS 20 mg comprimés, boîte de 3X10",Atorvastatine calcium,Hypolipémiants,"Cardiologie-angeio-logie",4571,6530,-
PTM6002,"LISORETIC 10 mg comprimé, boîte de 28","Lisinopril/ Hydrochloro-thiazide",Antihypertenseurs,"Cardiologie-angeio-logie",2625,3750,-
CODES,DESIGNATION,COMPOSITION,"SOUS CLASSEPHARMACO-THERAPEUTIQUE","CLASSE PHARMACO-THERAPEUTIQUE","PRIX BASE DEREMBOURSEMENT (G) x 70%","PRIXPUBLIC","ACCORDPREALABLE"
PTM6004,"LITACOLD sirop, flacon de 100 ml","Chlorpheniramine/Phenylephrine/ Paracé-tamol",Rhinites-Sinusites,"Oto-Rino-Laryngo-logie","913,5",1305,-
PTM6005,"LIVOZED ®500 mg/100 ml solution perfusionintraveineuse, flacon de 100 ml",Lévofloxacine,"Antibacterin (Quino-lones)","Infectiologie-parasi-tologie",3199,4570,-
PTM2483,"LIVOZED 500 mg comprimé, boîte de 10",Lévofloxacine,"Antibacterin (Quino-lones)","Infectiologie-parasi-tologie",5481,7830,-
PTM2496,"LOCAPRED 0,1 % crème, tube de 15 g",Désonide,Dermocorticoides,Dermatologie,"2740,5",3915,-
PTM2499,"LOCOID crème épaisse pour application locale, tubede 30 g","17-butyrate d’hydrocor-tisone",Corticostéroïde,Dermatologie,"2467,5",3525,-
PTM2501,"LOCOID lotion, flacon de 30 ml","17-butyrate d’hydrocor-tisone micronisée",Corticostéroïde,Dermatologie,2485,3550,-
PTM2500,"LOCOID pommade, tube de 30 g","17-butyrate d’hydrocor-tisone",Corticostéroïde,Dermatologie,"2439,5",3485,-
PTM6006,"LODIPINE 10 mg comprimé, boîte de 30","Amlodipine10 mg","Antihypertenseur(An-tagoniste calcique)","Cardiologie-angeio-logie","4476,5",6395,-
PTM2503,"LODOZ 10 mg/6,25 mg comprimé pelliculé, boîte de30","Hémifurate de Bisopro-lol/ Hydrochlorothia-zide","Antihypertenseur(B-bloquant + Diuré-tique)","Cardiologie-angeio-logie",3892,5560,-
PTM2505,"LODOZ 2,5 mg/6,25 mg comprimé pelliculé, boîte de30","Hémifurate de Bisopro-lol/ Hydrochlorothia-zide","Antihypertenseur(B-bloquant + Diuré-tique)","Cardiologie-angeio-logie",3892,5560,-
PTM2507,"LODOZ 5 mg/6,25 mg comprimé pelliculé, boîte de30","Hémifurate de Bisopro-lol/ Hydrochlorothia-zide","Antihypertenseur(B-bloquant + Diuré-tique)","Cardiologie-angeio-logie",3892,5560,-
PTM6007,"LOFNAC® 100 mg comprimé à libération prolongée,boîte de 10",Diclofénac,AINS,Anti-inflammatoires,"1277,5",1825,-
PTM6008,"LOLIP 10 mg comprimé, boîte de 30",Atorvastatine,Hypolipedemiant,"Cardiologie-angeio-logie","3790,5",5415,-
PTM6009,"LOLIP 20 mg comprimé, boîte de 30",Atorvastatine,Hypolipedemiant,"Cardiologie-angeio-logie",4753,6790,-
CODES,DESIGNATION,COMPOSITION,"SOUS CLASSEPHARMACO-THERAPEUTIQUE","CLASSE PHARMACO-THERAPEUTIQUE","PRIX BASE DEREMBOURSEMENT (G) x 70%","PRIXPUBLIC","ACCORDPREALABLE"
PTM2512,"LOMET 15 mg gélule à libération prolongée, boîte de28",Lansoprazole,"Inhibiteur de la secre-tion d’acide","Gastro-Enté-ro-Hépathologie","4567,5",6525,-
PTM2514,"LOMET 30 mg gélule à libération prolongée, boîte de14",Lansoprazole,"Inhibiteur de la secre-tion d’acide","Gastro-Enté-ro-Hépathologie","2103,5",3005,-
PTM2515,"LOMET 30 mg gélule à libération prolongée, boîte de28",Lansoprazole,"Inhibiteur de la secre-tion d’acide","Gastro-Enté-ro-Hépathologie","4112,5",5875,-
PTM2516,"LOMET 30 mg gélule à libération prolongée, boîtede 7",Lansoprazole,"Inhibiteur de la secre-tion d’acide","Gastro-Enté-ro-Hépathologie",3017,4310,-
PTM6010,"LONOLOL® 50 mg comprimé pelliculé, boîte de 10",Aténolol,Beta-bloquant,"Cardiologie-angeio-logie",630,900,-
PTM2518,"LONGAMYCINE 200 mg comprimé, boite de 8",Longamycine,Antibacterien,"Infectiologie-parasi-tologie",1316,1880,-
PTM6011,"LOPHYDINE® 2 mg gélule, boîte de 20","Chlorhydrate  de Lopé-ramide",Antidiarrhéique,"Gastro-Enté-ro-Hépathologie",1680,2400,-
PTM2524,"LOPINE 10 comprimé, boîte de 30",Amlodipine,"Antihypertenr (Anta-goniste calcique)","Cardiologie-angeio-logie","4476,5",6395,-
PTM2525,"LOPINE 5 comprimé, boîte de 30",Amlodipine,"Antihypertenr (Anta-goniste calcique)","Cardiologie-angeio-logie","4112,5",5875,-
PTM6012,"LOPRAM® 20 mg comprimés, boîte de 28",Citalopram,Antidepresseur,Psychiatrie,"2635,5",3765,-
PTM2532,"LORATADINE SANDOZ 10 mg comprimé, plaquettede 10",Loratadine,Antihistaminique H1,Allergologie,"913,5",1305,-
PTM6013,"LORATOL 10 mg comprimé, boîte de 10",Loratadine,Antihistaminique H1,Allergologie,1827,2610,-
PTM2533,"LORATOL suspension buvable, flacon de 100 ml",Loratadine,Antihistaminique H1,Allergologie,1827,2610,-
PTM6014,"LORCOM 0,5 mg/ml sirop,flacon de 60 ml",Desloratadine,Antihistaminique H1,Allergologie,1393,1990,-
PTM6015,"LORCOM 10 mg comprimé pelliculé, Bte de 10",Desloratadine,Antihistaminique H1,Allergologie,2310,3300,-
CODES,DESIGNATION,COMPOSITION,"SOUS CLASSEPHARMACO-THERAPEUTIQUE","CLASSE PHARMACO-THERAPEUTIQUE","PRIX BASE DEREMBOURSEMENT (G) x 70%","PRIXPUBLIC","ACCORDPREALABLE"
PTM6017,"LORHIST 10 mg comprimé, boîte de 1 blister de 10",Loratadine,Antihistaminique H1,Allergologie,"1263,5",1805,-
PTM6018,"LORHIST suspension buvable, flacon de 60 ml.",Loratadine,Antihistaminique H1,Allergologie,1827,2610,-
PTM6019,"LORIT-MD 5 mg comprimé, boîte de 10",Desloratadine,Antihistaminique H1,Allergologie,1827,2610,-
PTM6020,"LORKOF EXPECTORANT sirop, flacon de 100 ml","Salbutamol/Bromhexine/ Guaife-nesine",Antitussif,Pneumologie,1477,2110,-
PTM2536,"LOSAR-DENK 100 comprimé pelliculé, boîte de 28",Losartan,"Antihypertenseur(Sartan)","Cardiologie-angeio-logie",8225,11750,-
PTM2538,"LOSAR-DENK 25 comprimé pelliculé, boîte de 28",Losartan,"Antihypertenseur(Sartan)","Cardiologie-angeio-logie","4112,5",5875,-
PTM2537,"LOSAR-DENK 50 comprimé pelliculé, boîte de 28",Losartan,"Antihypertenseur(Sartan)","Cardiologie-angeio-logie","5939,5",8485,-
PTM6021,LOSAR 50 comprimé pelliculé,Losartan,"Antihypertenseur(Sartan)","Cardiologie-angeio-logie","5372,5",7675,-
PTM6022,"LOSARMAX 50 mg comprimé, boîte de 10","Losartan potassium/Hydrochlorothiazide","Antihypertenseur(Sartan+Diurétique)","Cardiologie-angeio-logie",3612,5160,-
PTM6023,"LOSAVAS 50 comprimés, boîte de 10",Losartan,"Antihypertenseur(Sartan)","Cardiologie-angeio-logie","5484,5",7835,-
PTM6024,"LOTEN-50 comprimé, boîte de 3X10",Losartan,"Antihypertenseur(Sartan)","Cardiologie-angeio-logie",5299,7570,-
PTM6025,"LOTEN-H 50 mg/12,5 mg comprimé, boîte de 3X10","Losartan potassium/Hydrochlorothiazide","Antihypertenseur(Sartan+Diurétique)","Cardiologie-angeio-logie",5299,7570,-
PTM2540,"LOVASTYL 20 mg gélule,boîte de 12",Lovastatine,Hypolipémiants,"Cardiologie-angeio-logie",3290,4700,-
PTM2541,"LOVENOX 2000 UI anti-Xa /0,2 ml sol inj serpréremp, boite de 2",Enoxaparine sodique,Thrombolytique,"Cardiologie-angeio-logie","4084,5",5835,-
PTM2542,"LOVENOX 4000 UI anti-Xa /0,4 ml sol inj serpréremp, boite de 2",Enoxaparine sodique,Thrombolytique,"Cardiologie-angeio-logie",5740,8200,-
CODES,DESIGNATION,COMPOSITION,"SOUS CLASSEPHARMACO-THERAPEUTIQUE","CLASSE PHARMACO-THERAPEUTIQUE","PRIX BASE DEREMBOURSEMENT (G) x 70%","PRIXPUBLIC","ACCORDPREALABLE"
PTM6027,"LOXAMOX® 500 mg/100 mL solution pour perfusion,poche de 100 Ml",Levofloxacine,Anti-infectieux,"Infectiologie-parasi-tologie",4543,6490,-
PTM2546,"LOXEN 10 mg/10 ml solution injectable, boîte de 5","Nicardipine (DCI) chlo-rhydrate",Antihypertenseur (IEC),"Cardiologie-angeio-logie",6258,8940,-
PTM2548,"LOXEN 20 mg comprimé sécable, boîte de 30","Nicardipine (DCI) chlo-rhydrate",Antihypertenseur (IEC),"Cardiologie-angeio-logie",3605,5150,-
PTM2545,"LOXEN 50 mg gélule à libération prolongée, boîte de60","Nicardipine (DCI) chlo-rhydrate",Antihypertenseur (IEC),"Cardiologie-angeio-logie","11091,5",15845,-
PTM6027,"LOZINE sirop, flacon de 100 ml",Cétirizine,Antihistaminique H1,Allergologie,1281,1830,-
PTM2549,"L.R.J collyre, boîte de 1 flacon compte-gouttes de 10Ml","Phéniramine/Tétryzo-line/Thiomersal",Antihistaminique H1,Allergologie,3297,4710,-
PTM6029,"LUFAMET 180 mg/1080 mg poudre pour suspensionbuvable, flacon de 60 ml","Artéméther/ Lumé-fantrine",Antipaludique,"Infectiologie-parasi-tologie",1827,2610,-
PTM6030,"LUFAMET-DS 80/480 comprimé, boîte de 6","Artéméther/ Lumé-fantrine",Antipaludique,"Infectiologie-parasi-tologie",1827,2610,-
PTM6031,"LUFAMET-FORTE 40 mg/240 mg comprimé, boîte de12","Artéméther/ Lumé-fantrine",Antipaludique,"Infectiologie-parasi-tologie",1827,2610,-
PTM2558,"LUFANTER 180 mg/1080 mg poudre poursuspension, flacon de 60 ml","Artéméther/ Lumé-fantrine",Antipaludique,"Infectiologie-parasi-tologie","1781,5",2545,-
PTM6032,"LUFANTER® 80 mg/480 mg poudre pour suspensionorale en sachets, boîte de 6","Artéméther/ Lumé-fantrine",Antipaludique,"Infectiologie-parasi-tologie","2740,5",3915,-
PTM2555,"LUFANTER 40 mg/240 mg comprimé, boîte de 12","Artéméther/ Lumé-fantrine",Antipaludique,"Infectiologie-parasi-tologie",2002,2 860,-
PTM2556,"LUFANTER pédiatrique 20 mg/120 mg comprimédispersible, boîte de 6","Artéméther/ Lumé-fantrine",Antipaludique,"Infectiologie-parasi-tologie",721,1 030,-
PTM6033,"LUFART  20 mg/120 mg comprimé, boîte de 3x8","Artéméther/ Lumé-fantrine",Antipaludique,"Infectiologie-parasi-tologie","626,5",895,-
PTM6034,"LUFART 20 mg/120 mg poudre sèche poursuspension buvable, flacon de 60 ml","Artéméther/ Lumé-fantrine",Antipaludique,"Infectiologie-parasi-tologie",2457,3510,-
CODES,DESIGNATION,COMPOSITION,"SOUS CLASSEPHARMACO-THERAPEUTIQUE","CLASSE PHARMACO-THERAPEUTIQUE","PRIX BASE DEREMBOURSEMENT (G) x 70%","PRIXPUBLIC","ACCORDPREALABLE"
PTM6036,"LUFART DS 80 mg/480 mg comprimé, boîte de 6","Artéméther/ Lumé-fantrine",Antipaludique,"Infectiologie-parasi-tologie","1620,5",2315,-
PTM6037,"LUFART FORTE 40 mg/240 mg comprimé, boîte de2x6","Artéméther/ Lumé-fantrine",Antipaludique,"Infectiologie-parasi-tologie","626,5",895,-
PTM6038,"LUFEMAX 20/120 comprimé, boîte de 24","Artéméther/ Lumé-fantrine",Antipaludique,"Infectiologie-parasi-tologie","1508,5",2155,-
PTM6039,"LUFEMAX 40/240 comprimé, boîte de 12","Artéméther/ Lumé-fantrine",Antipaludique,"Infectiologie-parasi-tologie",1827,2610,-
PTM6040,"LUFEMAX FORT comprimé, boîte de 6","Artéméther/ Lumé-fantrine",Antipaludique,"Infectiologie-parasi-tologie",1939,2770,-
PTM6041,"LUFEMAX poudre pour suspension buvable, flaconde 60 ml","Artéméther/ Lumé-fantrine",Antipaludique,"Infectiologie-parasi-tologie","1326,5",1895,-
PTM6042,"LUFENART FORTE  80 mg/480 mg comprimé, boîtede 6","Artéméther/ Lumé-fantrine",Antipaludique,"Infectiologie-parasi-tologie",1043,1490,-
PTM6043,"LUFENART 40 mg/240 mg comprimé, boîte de 12","Artéméther/ Lumé-fantrine",Antipaludique,"Infectiologie-parasi-tologie",1918,2740,-
PTM6044,"LUKASTIL 10 mg languettes à dissolution orale, boîtede 10",Montélukast,Antiasthmatique,Pneumologie,"1823,5",2605,-
PTM6045,"LUMA 20 mg/120 mg comprimé, boîte de 3X8","Artéméther/ Lumé-fantrine",Antipaludique,"Infectiologie-parasi-tologie",1645,2350,-
PTM6046,"LUMA DS 80 mg/480 mg comprimé, boîte de 6","Artéméther/ Lumé-fantrine",Antipaludique,"Infectiologie-parasi-tologie","1389,5",1985,-
PTM2565,"LUMATE FORTE 40 mg/240 mg comprimé, boîte de12","Artéméther/ Lumé-fantrine",Antipaludique,"Infectiologie-parasi-tologie",1946,2780,-
PTM6047,"LUMATE PLUS comprimés, boîte de 6","Artéméther/ Lumé-fantrine",Antipaludique,"Infectiologie-parasi-tologie",1946,2780,-
PTM6048,"LUMEFAN-P poudre pour suspension buvable, flaconde 60 mL","Artéméther/ Lumé-fantrine",Antipaludique,"Infectiologie-parasi-tologie",1736,2480,-
PTM6049,"LUMERAX DT 20/120 comprimés dispersibles, boîtede 12","Artéméther/Lumé-fantrine",Antipaludique,"Infectiologie-parasi-tologie","556,5",795,-
CODES,DESIGNATION,COMPOSITION,"SOUS CLASSEPHARMACO-THERAPEUTIQUE","CLASSE PHARMACO-THERAPEUTIQUE","PRIX BASE DEREMBOURSEMENT (G) x 70%","PRIXPUBLIC","ACCORDPREALABLE"
PTM6051,"LUMIFORTE  80/480 mg comprimé, boîte de 6","Artéméther/ Lumé-fantrine",Antipaludique,"Infectiologie-parasi-tologie","2285,5",3265,-
PTM6052,"LUMIFORTE 180 mg/1080 mg suspension orale,flacon de 60 mL","Artéméther 180 mg /Luméfantrine 1080 mg",Antipaludique,"Infectiologie-parasi-tologie",1736,2480,-
PTM6053,"LUMIFORTE 60-360 comprimé, boîte de 6","Artéméther/ Lumé-fantrine",Antipaludique,"Infectiologie-parasi-tologie","1662,5",2375,-
PTM6054,"LUMIFORTE DT 20/120 mg comprimé dispersible,boîte de 6","Artéméther/ Lumé-fantrine",Antipaludique,"Infectiologie-parasi-tologie","731,5",1045,-
PTM6055,"LUMIRELAX® 10% crème, tube de 80 g",Metacarbamol,Myorelaxant,Rhumatologie,6552,9360,-
PTM2567,"LUMIRELAX® 500 mg comprimé, boîte de 20",Metacarbamol,Myorelaxant,Rhumatologie,"2285,5",3265,-
PTM2569,"LUMITER 20 mg/120 mg comprimé, boîte de 24","Artéméther/ Lumé-fantrine",Antipaludique,"Infectiologie-parasi-tologie",3024,4320,-
PTM6056,"LUMITER DS comprimé, boîte de 6","Artéméther/ Lumé-fantrine",Antipaludique,"Infectiologie-parasi-tologie","2012,5",2875,-
PTM6057,"LUMITER DT 20/120 comprimé dispersible, boîte de6","Artéméther/Lumé-fantrine",Antipaludique,"Infectiologie-parasi-tologie","913,5",1305,-
PTM6058,"LUMITER DT 20/120 comprimés dispersibles, boîtede 2X6","Artéméther20 mg/Luméfantrine          120mg",Antipaludique,"Infectiologie-parasi-tologie",3654,5220,-
PTM2568,"LUMITER 15 mg/90 mg poudre pour suspensionbuvable, flacon de 60 ml","Artéméther/ Lumé-fantrine",Antipaludique,"Infectiologie-parasi-tologie","2194,5",3135,-
PTM2572,"LYRICA 25 mg comprimé, boîte de 56",Prégabaline,Antiépileptique,Neurologie,16779,23970,-
PTM2573,"LYRICA 50 mg gélule, boîte de 84",Prégabaline,Antiépileptique,Neurologie,32613,46590,AP
PTM6059,"LYRICA 75 mg gélule, boîte de 56",Prégabaline,Antiépileptique,Neurologie,25200,36000,AP
CODES,DESIGNATION,COMPOSITION,"SOUS CLASSEPHARMACO-THERAPEUTIQUE","CLASSE PHARMACO-THERAPEUTIQUE","PRIX BASE DEREMBOURSEMENT (G) x 70%","PRIXPUBLIC","ACCORDPREALABLE"
PTM2580,"MAALOX comprimé à croquer, boite de 40","Hydroxyde d’Alumi-nium/Hydroxyde deMagnésium","Antiacides etpansements gastro-intestinaux","Gastro-Enté-ro-Hépathologie","1571,5",2245,-
PTM6061,"MAALOX maux d’estomac fruits rouges 460 mg-400mg suspension buvable en sachet, boîte de 20 de 4,3ml","Oxyde d’aluminiumhydraté/ Hydroxyde demagnésium","Antiacides etpansements gastro-intestinaux","Gastro-Enté-ro-Hépathologie","2285,5",3265,-
PTM2582,"MAALOX MAUX D’ESTOMAC suspension buvable ensachet-dose, boîte de 20","Oxyde d’aluminium(Sous forme d’oxyded’aluminium hydraté) /Hydroxyde de magné-sium","Antiacides etpansements gastro-intestinaux","Gastro-Enté-ro-Hépathologie",2905,4150,-
PTM2583,"MAALOX suspension buvable, flacon de 250 ml","Hydroxyde d’Alumi-nium/Hydroxyde deMagnésium","Antiacides etpansements gastro-intestinaux","Gastro-Enté-ro-Hépathologie","1333,5",1905,-
PTM6062,"MACLAV 625 mg comprimé, boîte de 2X10","Amoxicilline/ Acideclavulanique","Antibacterien (Penicil-lines)","Infectiologie-parasi-tologie",3199,4570,-
PTM6063,"MACROLYN® 500 mg comprimé pelliculé, boîte de 3",Azithromycine,"Antibacterien (Macro-lides)","Infectiologie-parasi-tologie","3062,5",4375,-
PTM6064,"MACROMAX 200mg/5ml Poudre pour susp, flaconde 30ml",Azithromycine anhydre,"Antibacterien (Macro-lides)","Infectiologie-parasi-tologie",3885,5550,-
PTM6065,"MACROMAX 500mg Comp, boîte de 3",Azithromycine anhydre,"Antibacterien (Macro-lides)","Infectiologie-parasi-tologie",3199,4570,-
PTM6066,"MADAR comprimé, boîte de 3","Pyriméthamine/ Sulfa-doxine",Antipaludique,"Infectiologie-parasi-tologie",280,400,-
PTM6067,"MAG 2 PLUS 122 mg/10 ml solution buvable, boîtede 20 sachets",Pidolate de magnésium,Minéraux,"Metabolisme- nutri-tion-diabete",3409,4870,-
PTM6068,"MAGFER  100 mg/mL solution injectable, boîte de 10ampoules de 10 Ml",Magnésium,Minéraux,"Metabolisme- nutri-tion-diabete",7000,10000,-
PTM6069,"MAGFER B6 comprimé, boite de 50","Fer + Magnésium +Vita-mine B6",Antianémique,"Hémostase -Héma-topoïèse  -Hémoglobinopa-thies",3360,4800,-
CODES,DESIGNATION,COMPOSITION,"SOUS CLASSEPHARMACO-THERAPEUTIQUE","CLASSE PHARMACO-THERAPEUTIQUE","PRIX BASE DEREMBOURSEMENT (G) x 70%","PRIXPUBLIC","ACCORDPREALABLE"
PTM2590,"MAGNE B6 sol buvable, boite de 10 ampoules de 10ml","Magnésium/ VitamineB6",Vitamines +Minéraux,"Metabolisme- nutri-tion-diabete",2877,4110,-
PTM2591,MAGNES DENK 150 mg boite/50,Magnésium,Minéraux,"Metabolisme- nutri-tion-diabete",4130,5900,-
PTM6070,"MAGNES ACTIVE  Denk 400 mg granulation voieorale, boîte de 30 tube-doses",Magnésium,Minéraux,"Metabolisme- nutri-tion-diabete",3486,4980,-
PTM6071,"MAGNES DIRECT DENK 400 mg granulation voieorale, boîte de 30 tube-doses",Magnésium,Minéraux,"Metabolisme- nutri-tion-diabete",4095,5850,-
PTM6072,"MAGNORAL 1028,4 mg/10 ml solution buvable,boîte de 20 ampoules","Chlorure de magnésiumhexahydraté",Minéraux,"Metabolisme- nutri-tion-diabete","2194,5",3135,-
PTM6073,"MALACUR® 20/160 comprimé dispersible sécable,boîte de 6","Dihydroartémisine/Phosphate de pipé-raquine",Antipaludique,"Infectiologie-parasi-tologie",1645,2350,-
PTM6074,"MALACUR® 40/320 comprimé sécable, boîte de 12","Dihydroartémisine/Phosphate de pipé-raquine",Antipaludique,"Infectiologie-parasi-tologie","2558,5",3655,-
PTM2598,"MALACUR® 40/320 comprimé, boîte de 9","Dihydroartémisine/Phosphate de pipé-raquine",Antipaludique,"Infectiologie-parasi-tologie","2376,5",3395,-
PTM2599,"MALACUR® poudre pour suspension, flacon de 60 ml","Dihydroartémisine/Phosphate de pipé-raquine",Antipaludique,"Infectiologie-parasi-tologie",1645,2350,-
PTM6075,"MALAFENTRINE DS 80 mg/480 mg comprimés, boîtede 6","Artéméther 80 mg /Luméfantrine 480 mg",Antipaludique,"Infectiologie-parasi-tologie","1809,5",2585,-
PTM6076,"MALAFENTRINE poudre pour suspension buvable,flacon de 60 ml","Artéméther 180 mg /Luméfantrine 1080 mg",Antipaludique,"Infectiologie-parasi-tologie",2009,2870,-
PTM6077,"MALAVAN® 60 mg poudre pour injection, boîte de 1flacon+1 ampoule de 1 ml de bicarbonate de sodiumet de 1 ampoule de 5 ml de solution de chlorure desodium",Artésunate,Antipaludique,"Infectiologie-parasi-tologie","1116,5",1595,-
PTM6078,"MALAVAN® 120 mg poudre pour solution injectable,boîte de 1 flacon + solvants",Artésunate,Antipaludique,"Infectiologie-parasi-tologie",1960,2800,-
CODES,DESIGNATION,COMPOSITION,"SOUS CLASSEPHARMACO-THERAPEUTIQUE","CLASSE PHARMACO-THERAPEUTIQUE","PRIX BASE DEREMBOURSEMENT (G) x 70%","PRIXPUBLIC","ACCORDPREALABLE"
PTM6081,"MALOTEM 80/480 mg comprimé, boîte de 6","Artéméther/ Lumé-fantrine",Antipaludique,"Infectiologie-parasi-tologie",1855,2650,-
PTM2606,"MALOXINE® comprimé, boite  de 3","Pyriméthamine/ Sulfa-doxine",Antipaludique,"Infectiologie-parasi-tologie",455,650,-
PTM6082,"MALVA comprimés, boîte de 10","Célécoxib200 mg","Ant-inflammatoiresnon steroidiens",Rhumatologie,1169,1670,-
PTM6083,"MANTADIX 100 mg comprimé, boite de 50",Amantadine,Antiparkinsonien,Neurologie,7980,11400,-
PTM2609,"MARIMER BABY®, spray nasal hypertonique, flacon100 ml","Eau de mer diluée hy-pertonique stérile",Congestion nasale,"Oto-Rino-Laryngo-logie","2740,5",3915,-
PTM6084,"MARIMER- Isotonique Baby spray nasal, flacon de100 ml","100% d’eau de merdiluée isotonique",Congestion nasale,"Oto-Rino-Laryngo-logie","2740,5",3915,-
PTM6085,"MARIPRIST comprimé, boîte de 4","Mifépristone/Miso-prostol",Prostaglandines,"Gynécologie-Obsté-trique","6324,5",9035,-
PTM2614,"MAXIDEX collyre, flacon de 3 mL","Dexaméthasone 0,1 %","Ant-inflammatoiressteroidiens",Ophtalmologie,"647,5",925,-
PTM2615,"MAXIDROL collyre, flacon de 3 ml","Dexamethazone/ Sul-fate de néomycine","Ant-inflammatoiressteroidiens",Ophtalmologie,1232,1760,-
PTM2616,"MAXIDROL pommade ophtalmique, tube de 3,5 g","Dexaméthasone 0,1 %/Sulfate de néomycine350 000 UI%/ Sul-fate de polymyxine B600000 UI%","Ant-inflammatoiressteroidiens",Ophtalmologie,"913,5",1305,-
PTM2619,"MAXILASE 200 U.CEIP/ml sirop, flacon de 125ml",alpha-amylase,"Traitement d’inflam-mation aigue de lagorge","Oto-Rino-Laryngo-logie","1690,5",2415,-
PTM2618,"MAXILASE 3000 U CEIP comprimé enrobé, boite de24",alpha-amylase,"Traitement d’inflam-mation aigue de lagorge","Oto-Rino-Laryngo-logie",5565,7950,-
PTM2620,"MAXIMAG solution buvable, boîte de 30 ampoulesde 10 ml",Pidolate de magnésium,Minéraux,"Metabolisme- nutri-tion-diabete","3279,5",4685,-
CODES,DESIGNATION,COMPOSITION,"SOUS CLASSEPHARMACO-THERAPEUTIQUE","CLASSE PHARMACO-THERAPEUTIQUE","PRIX BASE DEREMBOURSEMENT (G) x 70%","PRIXPUBLIC","ACCORDPREALABLE"
PTM6086,"MAYODOL 100 mg/2 ml injectable, boîte de 5ampoules",Tramadol chlorhydrate,Analgésique opioïde,"Antalgiques-Antipy-rétiques-Antispas-modiques",2807,4010,-
PTM6087,"MAYODOL TAB 50 mg comprimé, boîte de 10",Tramadol chlorhydrate,Analgésique opioïde,"Antalgiques-Antipy-rétiques-Antispas-modiques",1827,2610,-
PTM6088,"M-BROLEX sirop, flacon de 100 ml","Ambroxol/ Salbutamol/Guaifénésine",Antitussif,Pneumologie,"1095,5",1565,-
PTM6089,"MD 10 mg comprimé, boîte de 10","Amlodipine10 mg","Antihypertenseur (An-tagoniste calcique)","Cardiologie-angeio-logie",1855,2650,-
PTM6090,"MD 5 mg comprimé, boîte de 10",Amlodipine,"Antihypertenseur (An-tagoniste calcique)","Cardiologie-angeio-logie","850,5",1215,-
PTM6091,"M-DOPAKANT-250 comprimé, boîte de 10",Methyldopa,Antihypertenseur,"Cardiologie-angeio-logie",273,390,-
PTM2622,"MEBENDAZOLE 100 mg comprimé, plaquette de 6",Mebendazole,Antihelminthique,"Infectiologie-parasi-tologie",147,210,-
PTM6092,"MEBEN-GH® 100 mg comprimé, boîte 6",Mebendazole,Antihelminthique,"Infectiologie-parasi-tologie","703,5",1005,-
PTM6093,"MEBEN-GH® 100 mg/5 mL   suspension buvable,flacon de 30 mL",Mebendazole,Antihelminthique,"Infectiologie-parasi-tologie","696,5",995,-
PTM6094,"MEBEN-GH® 500 mg comprimé, boîte 1",Mebendazole,Antihelminthique,"Infectiologie-parasi-tologie","535,5",765,-
PTM2625,"MEBEVERINE FORTE comprimé pelliculé, boîte de 30","Chlorhydrate demébéverine",Antispamodique,"Gastro-Enté-ro-Hépathologie",2436,3480,-
PTM7278,"MECLON ovule, boîte de 10","Métronidazole/ Clotri-mazole",Anti-infectieux,Gynécologie,3199,4570,-
PTM2628,"MEDIBRONC sirop adulte, flacon de 250 ml",Carbocystéine,Antitussif,Pneumologie,2457,3510,-
PTM2629,"MEDIBRONC Enfants sirop, flacon de 150 Ml",Carbocystéine,Antitussif,Pneumologie,2065,2950,-
PTM6095,"MEDICAINE 2% solution injectable, boîte de 1carpule de 1,8 ml","Mépivacaïne chlorhy-drate",Anéstesie locale,"Anestesie-Reani-mation",329,470,-
CODES,DESIGNATION,COMPOSITION,"SOUS CLASSEPHARMACO-THERAPEUTIQUE","CLASSE PHARMACO-THERAPEUTIQUE","PRIX BASE DEREMBOURSEMENT (G) x 70%","PRIXPUBLIC","ACCORDPREALABLE"
PTM6097,"MEDICID suspension buvable, flacon de 200 ml","Aluminium/Magnésium/Siméthicone",Antiacide,"Gastro-Entero-He-patologie",1827,2610,-
PTM6098,"MEDICLAV®  100 mg/12,5 mg poudre poursuspension buvable, flacon de 60 mL","Amoxicilline          100mg /Acide clavulanique12,5 mg","Antibacterin (Penicil-lines)","Infectiologie-parasi-tologie","2922,5",4175,-
PTM6099,"MEDICLAV® 1000 mg/125 mg poudre poursuspension buvable, boîte de 12","Amoxicilline          1000mg /Acide clavulanique125 mg","Antibacterin (Penicil-lines)","Infectiologie-parasi-tologie",4340,6200,-
PTM6100,"MEDICLAV® 500 mg/62,5 mg comprimé pelliculé,boîte de 12","Amoxicilline       500mg /Acide clavulanique62,5 mg","Antibacterin (Penicil-lines)","Infectiologie-parasi-tologie",3206,4580,-
PTM6101,"MEDICLAV® 500 mg/62,5 mg poudre poursuspension buvable, boîte de 12 sachets","Amoxicilline 500 mg/ Acide clavulanique62,5 mg","Antibacterin (Penicil-lines)","Infectiologie-parasi-tologie",3206,4580,-
PTM6102,"MEDICOLD Relief comprimé, boîte de 20","Cetirizine/ Paracéta-mol/ Phényléphrine",Rhinites-Sinusites,"Oto-Rino-Laryngo-logie",1827,2610,-
PTM6103,"MEDICOLD Relief sirop, flacon de 100 ml","Cetirizine/ Paracéta-mol/ Phényléphrine",Rhinites-Sinusites,"Oto-Rino-Laryngo-logie",1827,2610,-
PTM6104,"MEDIMOX 500 mg gélule, boîte de 2 blisters de 10",Amoxicilline,"Antibacterin (Penicil-lines)","Infectiologie-parasi-tologie","1081,5",1545,-
PTM6105,"MEDOMOX 250 mg/5ml, suspension buvable, boîtede 1 flacon de 60 ml",Amoxicilline,"Antibacterin (Penicil-lines)","Infectiologie-parasi-tologie","367,5",525,-
PTM2633,"MEDOMOX 500 mg gélules, boîte de 12",Amoxicilline,"Antibacterin (Penicil-lines)","Infectiologie-parasi-tologie",315,450,-
PTM2634,"MEDROL 16 mg comprimé sécables, boîte de 20","Méthylprednisolonehémisuccinate","Anti-inflammatoiresstérodiens",Anti-inflammatoires,"3461,5",4945,-
CODES,DESIGNATION,COMPOSITION,"SOUS CLASSEPHARMACO-THERAPEUTIQUE","CLASSE PHARMACO-THERAPEUTIQUE","PRIX BASE DEREMBOURSEMENT (G) x 70%","PRIXPUBLIC","ACCORDPREALABLE"
PTM6107,"MEFALGIC 250 mg gélules, boîte de 20",Acide méfénamique,"Anti-inflammatoiresnon stérodiens",Anti-inflammatoires,777,1110,-
PTM6108,"MEFENAL® 1% suspension buvable, flacon de 150 ml",Acide méfénamique,"Anti-inflammatoiresnon stérodiens",Anti-inflammatoires,"1053,5",1505,-
PTM6109,"MEFENAL® 250 mg gélule, boîte de 20",Acide méfénamique,"Anti-inflammatoiresnon stérodiens",Anti-inflammatoires,"731,5",1045,-
PTM6110,"MEFSAL 15 mg, comprimé sécable, boîte de 20",Méloxicam (DCI),"Anti-inflammatoiresnon stérodiens",Anti-inflammatoires,4403,6290,-
PTM2638,MEGACEF 200MG GELLULE  BTE/16,Cefixime,Antibacterien,"Infectiologie-parasi-tologie","6212,5",8 875,-
PTM2637,MEGACEF 100MG/5ML PDRE  SUSP BUV FL/60ML,Cefixime,Antibacterien,"Infectiologie-parasi-tologie","4294,5",6 135,-
PTM2639,MEGACEF 40MG/5ML PDRE  SUSP BUV FL/60ML,Cefixime,Antibacterien,"Infectiologie-parasi-tologie",2100,3 000,-
PTM6111,"MEGACID suspension buvable, flacon de 200 ml","Acide alginique/Hydroxyde de Ma-gnésium/ Hydroxyded’Aluminium/ Trislicatede Magnésium/ Dimé-thicone","Antiacides etpansements gastro-intestinaux","Gastro-Enté-ro-Hépathologie","1452,5",2075,-
PTM6112,"MEGAFER Sirop, flacon de 200 ml",Fer+Viamines,Antianemique,"Hémostase -Héma-topoïèse  -Hémoglobinopa-thies",2149,3070,-
PTM2642,"MEGAMYLASE 200 U. CEIP/ml sirop, flacon de 125ml",Alfa amylase,"Anti-inflammatoiresnon stérodiens","Oto-Rino-Laryngo-logie","1655,5",2365,-
PTM2643,"MEGAMYLASE 200 U. CEIP/ml sirop, flacon de 250ml",Alfa amylase,"Anti-inflammatoiresnon stérodiens","Oto-Rino-Laryngo-logie","3062,5",4375,-
PTM2641,"MEGAMYLASE 300 U. CEIP comprimé enrobé, boîtede 24",Alfa amylase,"Anti-inflammatoiresnon stérodiens","Oto-Rino-Laryngo-logie","2922,5",4175,-
CODES,DESIGNATION,COMPOSITION,"SOUS CLASSEPHARMACO-THERAPEUTIQUE","CLASSE PHARMACO-THERAPEUTIQUE","PRIX BASE DEREMBOURSEMENT (G) x 70%","PRIXPUBLIC","ACCORDPREALABLE"
PTM6114,"MEGASFON 80 mg comprimé orodispersible, boîtede 20",Phloroglucinol,Antispamodique,"Antalgiques-Antipy-rétiques-Antispas-modiques",1491,2130,-
PTM2645,"MELEX comprimé, boite de 30",Mexozalam,Anxiolytique,Psychiatrie,3857,5510,-
PTM6115,"MELMET SR 1000 mg comprimé, boîte de 30",Metformine,Antidiabétiques oraux,"Metabolisme- nutri-tion-diabete","2019,5",2885,-
PTM6116,"MELMET SR 500 mg comprimé, boîte de 30",Metformine,Antidiabétiques oraux,"Metabolisme- nutri-tion-diabete",875,1250,-
PTM6117,"MELOCAM 15 mg comprimés, boîte de 5","Méloxicam15 mg","Anti-inflammatoiresnon stéroïdiens",Anti-inflammatoires,5026,7180,-
PTM6118,"MELOCAM 7,5 mg comprimés, boîte de 5","Méloxicam7,5 mg","Anti-inflammatoiresnon stéroïdiens",Anti-inflammatoires,3199,4570,-
PTM2649,"MELONAX 15 mg comprimé, boîte de 1 blister de 10",Meloxicam,"Anti-inflammatoiresnon stéroïdiens",Anti-inflammatoires,"2649,5",3785,-
PTM2650,"MELONAX 7,5 mg comprimé, boîte de 1 blister de 10",Meloxicam,"Anti-inflammatoiresnon stéroïdiens",Anti-inflammatoires,2009,2870,-
PTM6119,"MEPACOLON 200 SR comprimé, boîte de 20","Chlorhydrate de Mébé-vérine",Antispamodique,"Antalgiques-Antipy-rétiques-Antispas-modiques","1536,5",2195,-
PTM2653,"MEPAFLOXACIN 750 mg comprimé, boîte de 5",Ciprofloxacine,"Antibacterien (Quino-lones)","Infectiologie-parasi-tologie",3206,4580,-
PTM6120,"MEPOL 50 comprimé, boîte de 10",Tramadol Chlorhydrate,Analgésique opioïde,"Antalgiques-Antipy-rétiques-Antispas-modiques",3017,4310,-
PTM6121,"MEPTHER 150 solution pour injection, boîte de 3ampoules de 2 ml",α-β artééther,Antipaludique,"Infectiologie-parasi-tologie",1750,2500,-
PTM6122,"MEPTHER 75 solution pour injection, boîte de 3ampoules de 1 ml",α-β artééther,Antipaludique,"Infectiologie-parasi-tologie",1855,2650,-
PTM6123,"MEROFAR 1 g poudre pour solution injectable, boîtede 1 flacon",Méropénème,"Antibacterien (Car-bapenemes)","Infectiologie-parasi-tologie",4340,6200,-
CODES,DESIGNATION,COMPOSITION,"SOUS CLASSEPHARMACO-THERAPEUTIQUE","CLASSE PHARMACO-THERAPEUTIQUE","PRIX BASE DEREMBOURSEMENT (G) x 70%","PRIXPUBLIC","ACCORDPREALABLE"
PTM6125,"MEROMAC 1 g poudre pour solution injectable,boîte de 1 flacon+ 2 solvants de 10 ml",Méropénème,"Antibacterien (Car-bapenemes)","Infectiologie-parasi-tologie",5320,7600,-
PTM6126,"MEROMENEG 500 mg poudre pour solutioninjectable, boîte de 1 flacon","Méropénème500 mg","Antibacterien (Car-bapenemes)","Infectiologie-parasi-tologie",6853,9790,-
PTM6127,"MEROMEX® - 1g poudre pour injection, boîte de 1flacon + 2 solvants de 10 ml",Méropénème,"Antibacterien (Car-bapenemes)","Infectiologie-parasi-tologie",4375,6250,-
PTM6128,MERONIA 1G inj pour 30 ml,Méropeneme,"Antibacterien (Car-bapenemes)","Infectiologie-parasi-tologie","10965,5",15665,-
PTM6129,MERONIA 500G inj pour 20 ml,Méropeneme,"Antibacterien (Car-bapenemes)","Infectiologie-parasi-tologie",6398,9140,-
PTM6130,"MERO-PLUS 1000 poudre pour solution injectable,boîte de 1 flacon",Méropénème,"Antibacterien (Car-bapenemes)","Infectiologie-parasi-tologie",6398,9140,-
PTM6131,"MESOPRAL® 20 mg gélule gastro-résistantes, boîtede 16","Esoméprazole20 mg","Inhibiteur de la secre-tion d’acide","Gastro-Enté-ro-Hépathologie",3073,4390,-
PTM6132,"MESOPRAL® 40 mg gélules gastro-résistantes, boîtede 28","Esoméprazole40 mg","Inhibiteur de la secre-tion d’acide","Gastro-Enté-ro-Hépathologie","7822,5",11175,-
PTM2664,MESPORIN 1g Pdr S inj IM B/1 Fl+solvant,Ceftriaxone,"Antibacterien (Cepha-losporines)","Infectiologie-parasi-tologie",3885,5550,-
PTM2664,MESPORIN 1g Pdr S inj IV B/1 Fl+solvant,Ceftriaxone,"Antibacterien (Cepha-losporines)","Infectiologie-parasi-tologie",3885,5550,-
PTM2666,"MESPORIN-2000 IV 2 g pdre pour perf, boite de 1flacon",Ceftriaxone,"Antibacterien (Cepha-losporines)","Infectiologie-parasi-tologie","7311,5",10445,-
PTM2718,"MG 2 PLUS 122 mg/10 ml solution buvable, boîte de20 sachets",Pidolate de magnésium,Minéraux,"Metabolisme- nutri-tion-diabete",2786,3980,-
PTM6134,"MET XL 100 comprimé enrobé à libérationprolongée, boîte de 3 x 10",Métoprol,Beta-bloquant,"Cardiologie-angeio-logie","4112,5",5875,-
PTM6135,"MET XL 50 comprimé enrobé à libération prolongée,boîte de 3 x 10",Métoprol,Beta-bloquant,"Cardiologie-angeio-logie","2740,5",3915,-
PTM6136,"METAFOR 500 mg comprimé, boîte de 30",Metformine,Antidiabetique,"Metabolisme- nutri-tion-diabete","731,5",1045,-
CODES,DESIGNATION,COMPOSITION,"SOUS CLASSEPHARMACO-THERAPEUTIQUE","CLASSE PHARMACO-THERAPEUTIQUE","PRIX BASE DEREMBOURSEMENT (G) x 70%","PRIXPUBLIC","ACCORDPREALABLE"
PTM2672,"METEOSPASMYL capsule molle, boîte de 30","Citrate d’alvérine/Siméticone",Antispamodique,"Antalgiques-Antipy-rétiques-Antispas-modiques","2110,5",3015,-
PTM2673,"METEOXANE gélule, boîte de 60","Siméticone / Phloroglu-cinol hydraté","Antispsmodique àvisée digestive","Gastro-Entero-He-patologie","2019,5",2885,-
PTM6137,"METFORMIN 500 mg comprimé pelliculé, boîte de30",Metformine,Antidiabetiques oraux,"Metabolisme- nutri-tion-diabete","577,5",825,-
PTM6138,"METFORMIN 850 mg comprimé pelliculé, boîte de30",Metformine,Antidiabetiques oraux,"Metabolisme- nutri-tion-diabete",1190,1700,-
PTM6139,"METFORMIN 1000 mg comprimé pelliculé, boîte de30",Metformine,Antidiabetiques oraux,"Metabolisme- nutri-tion-diabete","1389,5",1985,-
PTM2675,"METFORMINE DENK 1000 mg comprimé,pla/10",Metformine,Antidiabetiques oraux,"Metabolisme- nutri-tion-diabete",2009,2 870,-
PTM2677,"METFORMINE DENK 850 mg comprimé,pla/ 10",Metformine,Antidiabetiques oraux,"Metabolisme- nutri-tion-diabete",721,1 030,-
PTM2676,"METFORMINE DENK 500 mg comprimé,pla /10",Metformine,Antidiabetiques oraux,"Metabolisme- nutri-tion-diabete","2558,5",3 655,-
PTM6141,"METFORMINE BIOGARAN 500 mg comprimépelliculé, boîte de 30",Metformine,Antidiabetiques oraux,"Metabolisme- nutri-tion-diabete","577,5",825,-
PTM6142,"METFORMINE BIOGARAN 850 mg comprimépelliculé, boîte de 30",Metformine,Antidiabetiques oraux,"Metabolisme- nutri-tion-diabete",1190,1700,-
PTM6143,"METFORMINE BIOGARAN 1000 mg comprimépelliculé, boîte de 30",Metformine,Antidiabetiques oraux,"Metabolisme- nutri-tion-diabete","1389,5",1985,-
PTM6144,"METHERFAN 20/120 mg comprimé, boîte de 24","Artéméther/ Lumé-fantrine",Antipaludique,"Infectiologie-parasi-tologie",1820,2600,-
PTM2680,"METHERGIN 0,125 mg dragée, boîte de 30",Methylergometrine,"Ocytocique, tocoly-tique","Gynécologie-Obsté-trique","3489,5",4985,-
PTM2681,"METHERGIN 0,2 mg solution injectable, boîte de 3",Methylergometrine,"Ocytocique, tocoly-tique","Gynécologie-Obsté-trique","976,5",1395,-
PTM6145,"METHOMINE-S comprimé, boîte de 3","Sulfadoxine/ Pyrimetha-mine",Antipaludique,"Infectiologie-parasi-tologie",280,400,-
CODES,DESIGNATION,COMPOSITION,"SOUS CLASSEPHARMACO-THERAPEUTIQUE","CLASSE PHARMACO-THERAPEUTIQUE","PRIX BASE DEREMBOURSEMENT (G) x 70%","PRIXPUBLIC","ACCORDPREALABLE"
PTM6146,METHOTREXATE 10 mg Boite de 20,Methotrexate,Immunosuppresseur,"Rhumatologie-On-cologie","3510,5",5015,-
PTM6147,"METOCLORIX 5 mg/5 ml sirop, flacon de 100 ml",Métoclopramide,Antiémetique,"Gastro-Enté-ro-Hépathologie",553,790,-
PTM6148,"METRO CARE 500 mg comprimé, boîte de 10",Métronidazole,"Antibacterien (Imi-dazolés)","Infectiologie-parasi-tologie","703,5",1005,-
PTM2704,"METRONIDAZOLE 500 mg / 100 mL perfusionintraveineuse, flacon de 100 mL",Metronidazole BP,"Antibacterien (Imi-dazolés)","Infectiologie-parasi-tologie",700,1000,-
PTM2708,"METRONIDAZOLE BIOSEDRA 500 mg/ 100 mlsolution injectable pour perfusion, flacon de 100 ml",Métronidazole,"Antibacterien (Imi-dazolés)","Infectiologie-parasi-tologie",763,1090,-
PTM2711,"METRONIDAZOLE TM 500 mg comprimé, boîte de 20",Métronidazole,"Antibacterien (Imi-dazolés)","Infectiologie-parasi-tologie",602,860,-
PTM6149,"METRONIDAZOLE WINTHROP 250mg comp B/1blister de 20",Métronidazole,"Antibacterien imi-dazole","Infectiologie-parasi-tologie",616,880,-
PTM6150,"METRONIDAZOLE WINTHROP 500 mg comp B/1blister de 10",Métronidazole,"Antibacterien imi-dazole","Infectiologie-parasi-tologie",441,630,-
PTM6151,"METRO-P suspension orale, flacon de 100 ml",Métronidazole,"Antibacterien (Imi-dazolés)","Infectiologie-parasi-tologie",700,1000,-
PTM6152,"METROVAG 500 mg ovule, boîte de 1X10",Métronidazole,"Antibacterien (Imi-dazolés)","Infectiologie-parasi-tologie","724,5",1035,-
PTM6153,"METROVID 250 mg comprimé, boîte de 10",Métronidazole,"Antibacterien (Imi-dazolés)","Infectiologie-parasi-tologie",595,850,-
PTM6154,METROWIN Ovule bte/10,Métronidazole,"Antibacterien (Imi-dazolés)","Infectiologie-parasi-tologie",1113,1590,-
PTM2715,"METROWIN 250 mg comprimé, boite de 2 pl/10",Métronidazole,"Antibacterien (Imi-dazolés)","Infectiologie-parasi-tologie",616,880,-
PTM2716,"METROWIN 500 mg comprimé, boite de 10",Métronidazole,"Antibacterien (Imi-dazolés)","Infectiologie-parasi-tologie",504,720,-
PTM2717,"METROWIN PER 500 mg/100 ml perfusionintraveineuse, flacon de 100 ml",Métronidazole,"Antibacterien (Imi-dazolés)","Infectiologie-parasi-tologie",1050,1500,-
CODES,DESIGNATION,COMPOSITION,"SOUS CLASSEPHARMACO-THERAPEUTIQUE","CLASSE PHARMACO-THERAPEUTIQUE","PRIX BASE DEREMBOURSEMENT (G) x 70%","PRIXPUBLIC","ACCORDPREALABLE"
PTM6155,"METROZ 200 mg/5 mL sirop, flacon de 100 Ml",Métronidazole,"Antibacterien (Imi-dazolés)","Infectiologie-parasi-tologie",1260,1800,-
PTM6156,"METVIS 500 mg comprimé pelliculé, boîte de 10",Metformine,Antidiabétique,"Metabolisme- nutri-tion-diabete",770,1100,-
PTM6157,"METYL-PREDNISOLONE NAD 40 mg/1ml injectable,seringue pré-remplie avec 2 aiguilles stériles","Acetate demethyl-prédnisolone","Anti-inflammatoiresstéroidiens",Anti-inflammatoires,"1270,5",1815,-
PTM6158,"MEZACAR 200 mg comprimé pelliculé, boîte de 30",Carbamazépine,Anticonvulsivant,"Psychiatrie-Neuro-logie",1750,2500,-
PTM6159,"MICAZOLE 2% gel oral, tube de 20 g",Miconazole,Antifongique,Dermatologie,1372,1960,-
PTM6160,"MICONAZOLE 2% crème, tube de 15 g",Miconazole,Antifongique,Dermatologie,"416,5",595,-
PTM2725,"MICOZAL® 2% crème, tube de 15 g",Ketoconazole,Antifongique,"Infectiologie-parasi-tologie","1186,5",1695,-
PTM6161,"MICROPAQUE suspension buvable, flacon de 50ml",Baryum sulfate,Produit de contraste,Imagerie Médicale,4200,6000,-
PTM6162,"MICROPAQUEsuspension buvable, flacon de  150ml",Baryum sulfate,Produit de contraste,Imagerie Médicale,4200,6000,-
PTM6163,"MICROPAQUE suspension buvable, flacon de 100ml",Baryum sulfate,Produit de contraste,Imagerie Médicale,4200,6000,-
PTM6164,"MIFEDIA comprimé, boîte de 5","Mifépristone/Miso-prostol",Prostaglandines,"Gynécologie-Obsté-trique",4200,6000,-
PTM6165,"MIFEPACK comprimé, boîte de 5","Mifépristone/Miso-prostol",Prostaglandines,"Gynécologie-Obsté-trique",2898,4140,-
PTM2739,"MIGRETIL comprimé, boite de 20","Acétaminophène/Caféine",Antimigraineux,"Antalgiques-Antipy-rétiques-Antispas-modiques","1725,5",2465,-
PTM6166,"MIHICEF 1 g poudre injectable, boîte de 1 flacon +solvant",Ceftriaxone,"Antibactrien (Cepha-losporines)","Infectiologie-parasi-tologie",840,1200,-
PTM6167,"MINIRINMELT 60 microgrammes lyophilisat oral,boîte de 30",Desmopressine,"Hormones antidiuré-tiques",Endocrinologie,13706,19580,-
CODES,DESIGNATION,COMPOSITION,"SOUS CLASSEPHARMACO-THERAPEUTIQUE","CLASSE PHARMACO-THERAPEUTIQUE","PRIX BASE DEREMBOURSEMENT (G) x 70%","PRIXPUBLIC","ACCORDPREALABLE"
PTM2747,"MIOREL 4mg/2ml, solution injectable (IM), boîte de5 ampoules",Thiocolchicoside,Myorelaxant,Rhumatologie,3395,4850,-
PTM6168,"MISOCLEAR® 200 μg comprimé, boîte de 10",Misoprostol,Prostaglandines,"Gynécologie-Obsté-trique",2506,3580,-
PTM2751,"MISOCLEAR® 200 mcg comprimé, boîte de 20",Misoprostol,Prostaglandines,"Gynécologie-Obsté-trique","1697,5",2425,-
PTM6169,"MISOCLEAR® 200 mcg comprimé, boîte de 3",Misoprostol,Prostaglandines,"Gynécologie-Obsté-trique","675,5",965,-
PTM6170,"MISODIA comprimé, boîte de 4",Misoprostol,Prostaglandines,"Gynécologie-Obsté-trique","941,5",1345,-
PTM6171,"MISO-FEM comprimé, boîte de 4",Misoprostol,Prostaglandines,"Gynécologie-Obsté-trique","668,5",955,-
PTM6172,"MISOPROSTOL 200 mcg comprimé, boîte de 10",Misoprostol,Prostaglandines,"Gynécologie-Obsté-trique",1260,1800,-
PTM2752,"MITOSYL irritation pommade, tube 100 g",Oxyde de Zinc,Cicatrisant,Dermatologie,8540,12200,-
PTM6173,"MIXOBACT 200/500 mg comprimé pelliculé, boîte 10",Ofloxacine/ Ornidazole,Anti-infectieux,"Infectiologie-parasi-tologie",1673,2390,-
PTM6174,"MIXTARD 30 100 UI/ml solution injectable, flacon de10 ml","Insuline Humaine Mo-nocomposée (InsulineHumaine Biogénétique)","Antidiabétiques injec-tables","Metabolisme- nutri-tion-diabete","3482,5",4975,-
PTM6175,"MIZOLGAN 2,5 mg solution injectable, boîte de 5ampoules de 5 ml",Metamizole sodium,"Antalgiques-Antipy-rétiques-Antispasmo-diques","Antalgiques-Antipy-rétiques-Antispas-modiques",1736,2480,-
PTM6176,"MOBITIL 15 mg comprimé pelliculé, boîte de 10",Méloxicam,"Anti-inflammatoiresnon steroidiens",Anti-inflammatoires,2030,2900,-
PTM2754,"MODOPAR 125 mg comprimé, boite de 60",Lévodopa/Bensérazide,Antiparkinsonien,Neurologie,7000,10000,-
PTM6177,"MODOPAR 125 mg LP comprimé, boite de 60",Lévodopa/Bensérazide,Antiparkinsonien,Neurologie,8260,11800,-
PTM2755,"MODOPAR 250 mg comprimé, boite de 60",Lévodopa/Bensérazide,Antiparkinsonien,Neurologie,10360,14800,-
CODES,DESIGNATION,COMPOSITION,"SOUS CLASSEPHARMACO-THERAPEUTIQUE","CLASSE PHARMACO-THERAPEUTIQUE","PRIX BASE DEREMBOURSEMENT (G) x 70%","PRIXPUBLIC","ACCORDPREALABLE"
PTM6178,"MO-FLOREN 0,5 % solution ophtalmique, flacon de5 Ml",Moxifloxacine,Antibacterien,Ophtalmologie,"2285,5",3265,-
PTM6179,"MOLGAM 100 mg comprimé, boîte de 20",Acide tiaprofénique,"Anti-inflammatoiresnon steroidiens",Anti-inflammatoires,1141,1630,-
PTM6180,"MOLGAM 200 mg comprimé, boîte de 20",Acide tiaprofénique,"Anti-inflammatoiresnon steroidiens",Anti-inflammatoires,"1963,5",2805,-
PTM6181,"MOLURAV comprimé, boîte de 3 plaquettes x 10","Lévocétirizine /Monté-lukast",Antiasthmatique,Pneumologie,"2705,5",3865,-
PTM6182,"MOMEX® 50 mcg suspension pour pulvérisationnasale, flacon de 140 doses","Furoate de Mométa-sone",Rhinites-Sinusites,"Oto-Rino-Laryngo-logie",6405,9150,-
PTM6183,"MONAAMI 250 mg/10mg comprimé, boite de 20","Acide méfenamique /Dicyclomine","Trouble foncionnel ducolon","Gastro-Entero-He-patologique",1827,2610,-
PTM6184,"MONOPROST 50 μg/ml collyre en solution enrécipient unidose, boîte de 30 collyres de 0,2 ml",Latanoprost,Antiglaucomateux,Ophtalmologie,7840,11200,-
PTM6185,"MONTA PLUS 10 mg/5 mg comprimé pelliculé, boîtede 10","Lévocétirizine Dichlo-rhydrate 5 mg/Montélukast          10mg",Antiasthmatique,Pneumologie,1827,2610,-
PTM6186,"MONTAS 10 mg comprimés, boîte de 28",Montélukast,Antiasthmatique,Pneumologie,2240,3200,-
PTM6187,"MONTEC 10 mg comprimé pélliculé, boîte de 14",Montélukast,Antiasthmatique,Pneumologie,5481,7830,-
PTM6188,"MONTEC 5 mg comprimé pélliculé, boîte de 14",Montélukast,Antiasthmatique,Pneumologie,"2922,5",4175,-
PTM6189,"MONTELOVA comprimé enrobé entérique, boîte de10","Montélukast/levoceti-rizine",Antiasthmatique,Pneumologie,2240,3200,-
PTM6190,"MONTIGET 10 mg comprimé pelliculé à mâcher,boîte de 14",Montelukast,Antiasthmatique,Pneumologie,"2922,5",4175,-
PTM6191,"MONTIGET 4 mg comprimé pelliculé à mâcher, boîtede 14",Montelukast,Antiasthmatique,Pneumologie,2240,3200,-
CODES,DESIGNATION,COMPOSITION,"SOUS CLASSEPHARMACO-THERAPEUTIQUE","CLASSE PHARMACO-THERAPEUTIQUE","PRIX BASE DEREMBOURSEMENT (G) x 70%","PRIXPUBLIC","ACCORDPREALABLE"
PTM6193,"MOPACE 500 mg comprimé, boîte de 20",Paracétamol,"Antalgiques-Antipyré-tiques","Antalgiques-Antipy-rétiques-Antispas-modiques",385,550,-
PTM2765,"MOPRAL 10 mg gélule, boîte de 14",Oméprazole,"Inhibiteur de la secre-tion d’acide","Gastro-Enté-ro-Hépathologie","6898,5",9855,-
PTM2766,"MOPRAL 20 mg gélule, boîte de 14",Oméprazole,"Inhibiteur de la secre-tion d’acide","Gastro-Enté-ro-Hépathologie","13450,5",19215,-
PTM2768,"MOTILIUM 1 mg/ml suspension buvable, flacon de200 ml",Dompéridone,Antiémetique,"Gastro-Enté-ro-Hépathologie",2212,3160,-
PTM2769,"MOTILIUM 10 mg comprimé, boite de 40",Dompéridone,Antiémetique,"Gastro-Enté-ro-Hépathologie","1508,5",2155,-
PTM6194,"MOVEN® 15 mg gélule, boîte de 10",Méloxicam,"Anti-inflammatoiresnon steroidiens",Anti-inflammatoires,2100,3000,-
PTM6195,"MOVEN® 7,5 mg gélule, boîte de 10","Méloxicam 7,5 mg","Anti-inflammatoiresnon steroidiens",Anti-inflammatoires,1078,1540,-
PTM6196,"MOXALFIN 1000 comprimé, boîte de 2X7","Amoxicilline/ Acideclavulanique","Antibacterien (Penicil-lines)","Infectiologie-parasi-tologie",3199,4570,-
PTM6197,"MOXALFIN 1200 poudre pour solution injectable,boîte de 1 ampoule + solvant","Amoxicilline/ Acideclavulanique","Antibacterien (Penicil-lines)","Infectiologie-parasi-tologie",1372,1960,-
PTM6198,"MOXAM 400 mg comprimé pelliculé, boîte de 5",Moxifloxacine,"Antibacterien (Quino-lones)","Infectiologie-parasi-tologie","4588,5",6555,-
PTM6199,"MOXICON 0,5 % collyre en solution, flacon de 5 Ml",Moxifloxacine,"Antibacterien (Quino-lones)","Infectiologie-parasi-tologie","1690,5",2415,-
PTM6200,"MOXICON-DX collyre en solution, flacon de 5 mL","Moxifloxacine/Dexame-thasone","Antibacterien (Quino-lones)","Infectiologie-parasi-tologie",1827,2610,-
PTM6201,"MUCODRENOL 6 mg/ml sirop, flacon de 200 ml","Chlorhydrate d’am-broxol",Mucolytique,Pneumologie,1498,2140,-
PTM2780,"MUCOMYST 200 mg sachet, boîte de 18",Acétylcysteine,Mucolytique,Pneumologie,"1725,5",2465,-
PTM6202,"MUCOPAIN 20% gel anesthésique pour la bouche,tube de 15 g",Benzocaïne,Anéstesie locale,"Anéstesie-Réani-mation",686,980,-
CODES,DESIGNATION,COMPOSITION,"SOUS CLASSEPHARMACO-THERAPEUTIQUE","CLASSE PHARMACO-THERAPEUTIQUE","PRIX BASE DEREMBOURSEMENT (G) x 70%","PRIXPUBLIC","ACCORDPREALABLE"
PTM6204,MUCOTIN 5% sirop flacon de 100 ml,Carbocistéïne,Mucolytique,Pneumologie,651,930,-
PTM6205,"MUCOVENT PLUS sirop, flacon de 100 ml","Ambroxol/ Guaifenesin/Salbutamol/ Menthol",Mucolytique,Pneumologie,1372,1960,-
PTM2787,"MUCOXINE 200 mg poudre pour solution buvable,boîte de 30 Sachets",Acétylcysteine,Mucolytique,Pneumologie,"2194,5",3135,-
PTM2797,"MUXOL 0,3% solution buvable, flacon de 180 ml",Ambroxol,Mucolytique,Pneumologie,"1865,5",2665,-
PTM6206,"MUXOL 30 mg comprimé, boîte de 30","Chlorhydrate d’am-broxol",Mucolytique,Pneumologie,"1865,5",2665,-
PTM6207,"MYCLAV 312,5 poudre pour suspension buvable,flacon de 60 ml","Amoxicilline/ Acideclavulanique","Antibacterien (Penicil-lines)","Infectiologie-parasi-tologie","2775,5",3965,-
PTM6208,"MYCOFLU® 150 mg, gélule boîte de 4",Fluconazole,Antifongique,"Infectiologie-parasi-tologie","3664,5",5235,-
PTM2810,"MYCOSTER 8% Solution filmogène pour applicationlocale, flacon de 3 ml",Ciclopirox,Antifongique,Dermatologie,9247,13210,-
PTM2807,"MYCOSTER 1 % poudre pour application cutanée,flacon de 30 g",Ciclopirox,Antifongique,Dermatologie,2688,3 840,-
PTM2809,"MYCOSTER 1 % crème, tube de 30 g",Ciclopirox,Antifongique,Dermatologie,2723,3 890,-
PTM2811,"MYDRIATICUM 0,5% collyre, flacon de 10 ml",Tropicamide,Dilatateur de la pupille,Ophtalmologie,"1333,5",1905,-
PTM6209,"MYFER sirop, flacon de 100 ml","Citrate ferrique d’am-monium/ Acide folique/Cyanocobalamine(vitamine B12)","Stimulant del’hématopoïèse (An-tianémique)","Hémostase - Héma-topoïèse - Hémoglo-binopathies","1326,5",1895,-
PTM6210,"MYFIX 100 mg/5 mL poudre pour suspensionbuvable, flacon de 60 Ml",Céfixime,Antibacterien,"Infectiologie-parasi-tologie",1827,2610,-
PTM2812,"MYLEUGYNE® LP 150 mg ovule à libérationprolongée, boîte de 1",Econazole,Antifongique,Gynécologie,1918,2740,-
CODES,DESIGNATION,COMPOSITION,"SOUS CLASSEPHARMACO-THERAPEUTIQUE","CLASSE PHARMACO-THERAPEUTIQUE","PRIX BASE DEREMBOURSEMENT (G) x 70%","PRIXPUBLIC","ACCORDPREALABLE"
PTM2817,"MYONIT INSTA 0,5 mg comprimé, boîte de 30",Nitroglycérine,Vasodilatateur,"Cardiologie-angeio-logie","4798,5",6855,-
PTM2820,"MYONIT SR 6,4 comprimé à libération prolongée,boîte de 30",Glyceryl Trinitrate,"Traitement de l’insuffi-sance cardiaque","Cardiologie-angeio-logie",3234,4620,-
PTM6211,"MYOMAX® 150 mg comprimé pelliculé, boîte de 30","Chlorhydrate de Tolpé-risone",Myorelaxant,Rhumatologie,12005,17150,-
PTM6212,"MYOXERIL® 10 mg comprimé pelliculé, boîte de 20","Chlorhydrate de Cy-clobenzaprine",Myorelaxant,Rhumatologie,1701,2430,-
PTM2823,"NAABAK 4,9 % collyre en solution, flacon de 5 ml","Acide N-acétyl aspartylglutamique sodique",Antiallergique,Ophtalmologie,2786,3980,-
PTM2824,"NAAXIA collyre, flacon de 5 ml","Acide N-Acetyl aspartylglutamique",Antiallergique,Ophtalmologie,"2229,5",3185,-
PTM6213,"NABYOL Forte 50 mg comprimé, boite de 30",Nitroxoline,Antibacterien urinaire,"Infectiologie-parasi-tologie",3199,4570,-
PTM6214,"NADCORTYL 5 mg comprimé sécable, boite de 30",Prednisone,"Anti-inflammatoiresstéroidiens",Anti-inflammatoires,"1473,5",2105,-
PTM6215,"NADICLOX 2% pommade, tube de 15 g",Acide fusidique,"Antibiotique à usagetopique",Dermatologie,1491,2130,-
PTM2826,"NALGESIC 300mg comprimé pelliculé, boîte/12","Fénoprofène sel decalcium dihydraté  (fé-noprofène base)","Anti-inflammatoirenon stéroïdien",Anti-inflammatoires,1470,2100,-
PTM6216,"NAPA EXTRA comprimé, boîte de 10",Paracetamol/Cafeine,Antalgiques,"Antalgiques-Antipy-rétiques-Antispas-modiques",364,520,-
PTM6217,"NARISOL® Adulte spray nasal, flacon de 10 ml","Chlorhydrate de xylo-métazoline",Congestion nasale,"Oto-Rino-Laryngo-logie",875,1250,-
PTM6218,"NARISOL® pédiatrique spray nasal, flacon de 10 ml.","Chlorhydrate de xylo-métazoline",Congestion nasale,"Oto-Rino-Laryngo-logie",959,1370,-
PTM2834,"NASONEX 50 μg/dose suspension pour pulvérisationnasale, flacon de 40 doses",Mometasone,"Corticoide par voienasale","Oto-Rino-Laryngo-logie",4459,6370,-
CODES,DESIGNATION,COMPOSITION,"SOUS CLASSEPHARMACO-THERAPEUTIQUE","CLASSE PHARMACO-THERAPEUTIQUE","PRIX BASE DEREMBOURSEMENT (G) x 70%","PRIXPUBLIC","ACCORDPREALABLE"
PTM6220,"NATRIXAM 1,5 mg/10 mg comprimé pelliculé àlibération modifiée, boîte de 30","Indapamide/ Amlodi-pine","Inhibiteur Calcique etDiuretique","Cardiologie-angeio-logie","5939,5",8485,-
PTM6221,"NATRIXAM 1,5 mg/5 mg comprimé pelliculé àlibération modifiée, boîte de 30","Indapamide/ Amlodi-pine","Inhibiteur Calcique etDiuretique","Cardiologie-angeio-logie","5253,5",7505,-
PTM2838,"NAUSELUIM 10 mg comprimé,boite de 20",Domepridone,Antiemetique,"Gastro-Entero-He-patologie",1141,1 630,-
PTM2839,NAUSELUIM 1 mg / ml sirop flacon de 200 ml,Domepridone,Antiemetique,"Gastro-Entero-He-patologie","1508,5",2 155,-
PTM6222,"NEALGYL® 80 mg comprimé, boîte de 10",Phloroglucinol,Antispamodique,"Antalgiques-Antipy-rétiques-Antispas-modiques","1277,5",1825,-
PTM6223,"NEBIVOLOL BIOGARAN 5 mg comprimé, boite de 30",Nebivolol,Antihypertenseur,"Cardiologie-angeio-logie",3836,5480,-
PTM2846,"NECIN-3 pommade, tube de 15 g","Polymyxine B sulfate/Sulfate de néomycine/Bacitracine zinc / Basede onguent",Anti-infectieux,Dermatologie,1736,2480,-
PTM6224,"NELOL 5mg comprimé, boite de 30",Nebivolol,Antihypertenseur,"Cardiologie-angeio-logie","3489,5",4985,-
PTM2856,"NEMOZOLE 400 mg comprimé, boite de 1",Albendazole,Antihelminthique,"Infectiologie-parasi-tologie","556,5",795,-
PTM2859,"NEOCODION Adulte sirop, flacon de 180 ml","Codéine camphosulfo-nate",Antitussif narcotique,Pneumologie,1470,2100,-
PTM6225,"NEOFORTAN 160 mg comprimé effervescent, boîtede 10","Phloroglucinol dihy-draté",Antispamodique,"Antalgiques-Antipy-rétiques-Antispas-modiques","3237,5",4625,-
PTM2862,"NEOMDEXSOL soluté ophtalmique, flacon de 5 ml","Néomycine Sulfate/Dexaméthasone Phos-phate",Anti-infectieux,Ophtalmologie,"703,5",1005,-
PTM2864,"NEOMERCAZOLE 5 mg comprimé, boite de 50",Carbimazole,Antithyroidien,Endocrinologie,"4063,5",5805,-
CODES,DESIGNATION,COMPOSITION,"SOUS CLASSEPHARMACO-THERAPEUTIQUE","CLASSE PHARMACO-THERAPEUTIQUE","PRIX BASE DEREMBOURSEMENT (G) x 70%","PRIXPUBLIC","ACCORDPREALABLE"
PTM2867,"NEOPRED collyre, flacon de 5 ml",Prednisolone,Antinflammatoire,"Antalgiques-Antipy-rétiques-Antispas-modiques",1022,1 460,-
PTM2869,NEOSYNEPHRINE COLLYRE 5%,Phényléphrine,Antiglaucomateux,Ophtalmologie,2030,2 900,-
PTM2870,NEOSYNEPHRINE COLLYRE 10%,Phényléphrine,Antiglaucomateux,Ophtalmologie,2030,2 900,-
PTM6226,"NERGLEX 75 mg capsules,boite 14",Pregabalin,"Anti-epileptique/An-xiolitique",Neurologie,"3076,5",4395,-
PTM6227,"NERGLEX 150 mg capsules,boite 30",Pregabalin,"Anti-epileptique/An-xiolitique",Neurologie,13566,19380,-
PTM6228,"NERVILIN NT comprimé, boîte de 30","Prégabaline75 mg",Antiépileptique,Neurologie,"9054,5",12935,-
PTM6229,"NERVIT injectable, boîte de 10 ampoules de 2 ml","Thiamine/ Riboflavine/Pyridoxine/ Nicotina-mide/ Cyanocobala-mine/ D-panthénol",Vitamines,"Metabolisme- nutri-tion-diabete","1116,5",1595,-
PTM6230,"NESTEFFER 125 mg/5 ml suspension orale, flacon de100 ml",Paracétamol,"Antalgiques-Antipyré-tiques","Antalgiques-Antipy-rétiques-Antispas-modiques","822,5",1175,-
PTM6231,"NESTEFFER 1000 mg comprimé effervescent, boîtede 8.",Paracétamol,"Antalgiques-Antipyré-tiques","Antalgiques-Antipy-rétiques-Antispas-modiques",868,1240,-
PTM6232,"NESTEFFER 500 mg comprimé effervescent, boîte de16",Paracétamol,"Antalgiques-Antipyré-tiques","Antalgiques-Antipy-rétiques-Antispas-modiques","822,5",1175,-
PTM6233,"NESTEFFER EXTRA comprimés, boîte de 20",Paracétamol,"Antalgiques-Antipyré-tiques","Antalgiques-Antipy-rétiques-Antispas-modiques","1095,5",1565,-
PTM6234,"NESTEFFER COLD comprimés, boîte de 4","Paracétamol/Cafeine/Phényléphrine/Chor-phéniramine","Antalgiques-Antipy-rétiques/Antihistami-nique","Oto-Rino-Laryngo-logie","227,5",325,-
CODES,DESIGNATION,COMPOSITION,"SOUS CLASSEPHARMACO-THERAPEUTIQUE","CLASSE PHARMACO-THERAPEUTIQUE","PRIX BASE DEREMBOURSEMENT (G) x 70%","PRIXPUBLIC","ACCORDPREALABLE"
PTM6236,"NETAZOX® 500 mg comprimé pelliculé, boîte de 6",Nitazoxanide,"Antiparasitaire etantiviral","Infectiologie-parasi-tologie","2285,5",3265,-
PTM6237,"NETAZOX® DT 200 mg comprimé dispersibles, boîtede 6",Nitazoxanide,"Antiparasitaire etantiviral","Infectiologie-parasi-tologie",2009,2870,-
PTM6238,"NETILDEX (3 mg + 1 mg) / mL collyre en solution,flacon de 5 mL",Nétilmicine,"Antibacterien amino-side",Ophtalmologie,"3846,5",5495,-
PTM6239,"NETROMICINE 150 mg/1,5 ml solution injectable,boîte de 1 ampoule",Sulfate de nétilmicine,"Antibacterien amino-side","Infectiologie-parasi-tologie",805,1150,-
PTM6240,"NETTACIN 0,3% collyre en solution, flacon de 5 Ml",Nétilmicine,"Antibacterien amino-side",Ophtalmologie,3591,5130,-
PTM6241,"NEUCIPRO 750 mg comprimé, boîte de 2x7",Ciprofloxacine,"Antibacterien (Quino-lones)","Infectiologie-parasi-tologie",3199,4570,-
PTM6242,"NEUCLAV 1200 mg poudre pour injection IV, boîte de1 flacon","Amoxicilline/Acideclavulanique","Antibacterien (Penicil-lines)","Infectiologie-parasi-tologie",1372,1960,-
PTM6243,"NEUDOR T 20 mg/ml + 5 mg/ml collyre, flacon de 5ml",Dorzolamide/ Timolol,Antiglaucomateux,Ophtalmologie,7658,10940,-
PTM6244,"NEUESOME-D 40 mg/30 mg capsules, boîte de 30","Esoméprazole            40mg /Dompéridone            30mg","Inhibiteur de la secre-tion d’acide","Gastro-Entéro-Hépathologie",4571,6530,-
PTM6245,"NEUESOME 40 mg poudre pour solution injectable,boîte de 1 flacon + solvant","Esoméprazole            40mg /","Inhibiteur de la secre-tion d’acide","Gastro-Entéro-Hépathologie",4571,6530,-
PTM6246,"NEUGEN 0, 3% collyre, flacon de 5 ml",Gentamycine sulfate,"Antibacterien (Amino-sides)","Infectiologie-parasi-tologie",595,850,-
PTM6247,"NEUIBU-P FORTE comprimés, boîte de 25","Ibuprofène/Paracéta-mol",Antalgique+AINS,"Antalgiques-Antipy-rétiques-Antispas-modiques","5939,5",8485,-
PTM6248,"NEULATAN T 0,005% + 0,5% / ml collyre, flacon de2,5 ml","Latanoprost/ Maléatede timolol",Antiglaucomateux,Ophtalmologie,"8004,5",11435,-
CODES,DESIGNATION,COMPOSITION,"SOUS CLASSEPHARMACO-THERAPEUTIQUE","CLASSE PHARMACO-THERAPEUTIQUE","PRIX BASE DEREMBOURSEMENT (G) x 70%","PRIXPUBLIC","ACCORDPREALABLE"
PTM6250,"NEURAL-150 gélule, boîte de 30",Prégabaline,Antiépileptique,Neurologie,"7311,5",10445,-
PTM6251,"NEURODOL R 500 mg/100 mg/10 mg gélule, boîtede 30","Paracétamol/Acéclo-fénac/Rabéprazolesodique","Antalgiques-Antipyré-tiques",Neurologie,5481,7830,-
PTM6252,"NEUROGAB 150 mg capsule, boîte de 30",Prégabaline,Antiépileptique,Neurologie,"9138,5",13055,-
PTM6253,"NEUROGAB 75 mg capsule, boîte de 30",Prégabaline,Antiépileptique,Neurologie,6398,9140,-
PTM6254,"NEUROGIL -75® capsule, boîte de 20",Prégabaline,Antiépileptique,Neurologie,"5939,5",8485,-
PTM6255,"NEUROGIL® 150 capsules, boîte de 10",Prégabaline,Antiépileptique,Neurologie,"8865,5",12665,-
PTM6256,"NEUROVIT comprimés, boîte de 20","Vitamine B6/ VitamineB1/ Vitamine B12",Viamine B Comlexe,Neurologie,"1690,5",2415,-
PTM6257,"NEUTRAL 400 mg/400 mg comprimé à croquer ou àsucer, boîte de 20","Hydroxyde d’aluminium400 mg / droxyde demagnésium  400 mg","Antiacides etpansements gastro-intestinaux","Gastro-Enté-ro-Hépathologie",763,1090,-
PTM6258,"NEUTROCOLD 125 mg/2,5 mg/1 mg sirop, flacon de100 ml","Paracétamol/ Chlorhy-drate de Phényléphri-neMaléate de chlor-phéniramine","Rhinites-SinusitesRhumes","Oto-Rino-Laryngo-logie",777,1110,-
PTM6259,"NEUTROPAR 1000 mg perfusion, flacon de 100 ml",Paracétamol,"Antalgiques-Antipyré-tiques","Antalgiques-Antipy-rétiques-Antispas-modiques","1095,5",1565,-
PTM6261,"NEXOPAM 20 mg, injectable, Boite de 10",Nefopam,"Antalgiques-Antipyré-tiques","Antalgiques-Antipy-rétiques-Antispas-modiques",4200,6000,-
PTM6262,"NEZONE® 50 μg/dose suspension pour pulvérisationnasale, flacon de 60 doses","Furoate de Mométa-sone",Rhinites-Sinusites,"Oto-Rino-Laryngo-logie","1732,5",2475,-
PTM6263,"NICLOSAMIDE 500 mg comprimé, boite de 10",Niclosamide,"Antiparasitaire syste-mique","Infectiologie-parasi-tologie",1750,2500,-
CODES,DESIGNATION,COMPOSITION,"SOUS CLASSEPHARMACO-THERAPEUTIQUE","CLASSE PHARMACO-THERAPEUTIQUE","PRIX BASE DEREMBOURSEMENT (G) x 70%","PRIXPUBLIC","ACCORDPREALABLE"
PTM2884,"NIDAZOL 250 mg comprimé, boîte de 20",Métronidazole,"Antibacterien (Imi-dazolés)","Infectiologie-parasi-tologie","1095,5",1565,-
PTM2886,"NIDAZOL 500 mg ovule, boîte de 10",Métronidazole,"Antibacterien (Imi-dazolés)","Infectiologie-parasi-tologie","1095,5",1565,-
PTM2887,"NIFCAL 10 mg comprimé, boîte de 30",Nifédipine,"Antihypertenseur (An-tagoniste calcique)","Cardiologie-angeio-logie","976,5",1395,-
PTM2888,"NIFEDI-DENK 10 mg Retard ,pla/10",Nifédipine,"Antihypertenseur (An-tagoniste calcique)","Cardiologie-angeio-logie",378,540,-
PTM2889,"NIFEDI-DENK 20 mg Retard ,pla/10",Nifédipine,"Antihypertenseur (An-tagoniste calcique)","Cardiologie-angeio-logie","549,5",785,-
PTM6266,"NIFCAP 20 mg comprimé, boîte de 30",Nifédipine,"Antihypertenseur (An-tagoniste calcique)","Cardiologie-angeio-logie",1134,1620,-
PTM6267,"NIFEDIPINE LP TM 20 mg comprimé, plaquette de 10",Nifédipine,"Antihypertenseur (An-tagoniste calcique)","Cardiologie-angeio-logie",266,380,-
PTM6268,"NIFEX 10 mg comprimé, boîte de 10",Nifédipine,"Antihypertenseur (An-tagoniste calcique)","Cardiologie-angeio-logie","2005,5",2865,-
PTM6269,"NIFEX 20 mg comprimé, boîte de 10",Nifédipine,"Antihypertenseur (An-tagoniste calcique)","Cardiologie-angeio-logie","2803,5",4005,-
PTM2896,"NIFLUGEL 2,5% gel, tube de 60 g",Acide niflumique,"Anti-inflammatoirenonstéroïdien",Anti-inflammatoires,"1480,5",2115,-
PTM2897,"NIFLURIL 250 mg gélule, Boite de 30",Acide nuflumique,"Anti-inflammatoirenonstéroïdien",Anti-inflammatoires,"1543,5",2205,-
PTM2898,"NIFLURIL 400 mg suppositoire enfant, Boite de 8",Acide nuflumique,"Anti-inflammatoirenonstéroïdien",Anti-inflammatoires,"1179,5",1685,-
PTM2899,"NIFLURIL 700 mg suppositoire adulte, Boite de 8",Acide nuflumique,"Anti-inflammatoirenonstéroïdien",Anti-inflammatoires,"1361,5",1945,-
CODES,DESIGNATION,COMPOSITION,"SOUS CLASSEPHARMACO-THERAPEUTIQUE","CLASSE PHARMACO-THERAPEUTIQUE","PRIX BASE DEREMBOURSEMENT (G) x 70%","PRIXPUBLIC","ACCORDPREALABLE"
PTM6271,"NIMOTOP 10mg/50ml perfusion, flacon de 50 ml",Nimodipine,"Inhibiteur calciqueselectif","Cardiologie-angeio-logie",31500,45000,AP
PTM6272,"NIMOTOP 30mg comprimé, boite de 30",Nimodipine,"Inhibiteur calciqueselectif","Cardiologie-angeio-logie",15330,21900,AP
PTM6273,"NIRMET 500 mg solution pour perfusion, flacon de100 ml",Métronidazole,"Antibacterien (Imi-dazolés)","Infectiologie-parasi-tologie","955,5",1365,-
PTM2908,"NO SPA 40 mg comp, boite de 10","Chlorhydrate de drota-vérine",Antispamodique,"Antalgiques-Antipy-rétiques-Antispas-modiques","4504,5",6435,-
PTM2907,"NO-SPA 40 mg/2 mL solution injectable, boîte de 5","Chlorhydrate de drota-vérine",Antispamodique,"Antalgiques-Antipy-rétiques-Antispas-modiques","976,5",1395,-
PTM6283,"NO-SPA 40 mg/2 ml solution injectable, boîte de 25","Chlorhydrate de drota-vérine",Antispamodique,"Antalgiques-Antipy-rétiques-Antispas-modiques","4504,5",6435,-
PTM2909,"NO SPA Forte 80 mg comprimé, boîte de 20","Chlorhydrate de drota-vérine",Antispamodique,"Antalgiques-Antipy-rétiques-Antispas-modiques","2138,5",3055,-
PTM6274,"NOCIP solution intraveineuse pour perfusion, flaconde 100 ml",Ciprofloxacine,"Antibacterien (Quino-lones)","Infectiologie-parasi-tologie","892,5",1275,-
PTM6276,"NODIARTM 3 g poudre pour suspension buvable ensachets, boîte de 30",Diosmectite,Antidiarrhéique,"Gastro-Entero-He-patologie","2320,5",3315,-
PTM2917,"NOFEBRIL® 500 mg comprimé, boîte de 20",Paracétamol,"Antalgiques-Antipyré-tiques","Antalgiques-Antipy-rétiques-Antispas-modiques","409,5",585,-
PTM6277,"NOFONG 1% crème, tube de 15 g",Terbinafine,Antimycosique,Dermatologie,1827,2610,-
PTM2931,"NORFEN 400 mg comprimé, boîte de 10","Norfloxacine400 mg","Antibacterien (Quino-lones)","Infectiologie-parasi-tologie",3563,5090,-
PTM6279,"NORFLOZOLE 100/100 mg suspension, flacon de 30ml","Métronidazole/ Nor-floxacine","Antibacterien (Quino-lones+Imidazolés)","Infectiologie-parasi-tologie",1372,1960,-
CODES,DESIGNATION,COMPOSITION,"SOUS CLASSEPHARMACO-THERAPEUTIQUE","CLASSE PHARMACO-THERAPEUTIQUE","PRIX BASE DEREMBOURSEMENT (G) x 70%","PRIXPUBLIC","ACCORDPREALABLE"
PTM2939,"NORMET 100 mg comprimé, boite de 20",Norfloxacine,"Antibacterien Quino-lones","Infectiologie-parasi-tologie","2376,5",3 395,-
PTM2941,"NORMOPTIC 0,5% collyre, boîte de 1flacon de 5 ml",Timolol,Antiglaucomateux,Ophtalmologie,"1326,5",1 895,-
PTM2946,"NORZOL 400 mg/600 mg comprimé, boîte de 10","Norfloxacine/ Tini-dazole","Antibacterien (Quino-lones+Antifongiques)","Infectiologie-parasi-tologie",1827,2 610,-
PTM6281,"NOSIC comprimé, boîte de 10",Doxylamine/ Pyridoxine,"Nausées et Vomisse-ments","Gastro-Entéro-Hépathologie","1326,5",1895,-
PTM6282,"NOSIC comprimé, boîte de 30",Doxylamine/ Pyridoxine,"Nausées et Vomisse-ments","Gastro-Entéro-Hépathologie","3202,5",4575,-
PTM6285,"NOURIC 100 mg comprimé, boîte de 2X14",Allopurinol,Antigoutteux,Rhumatologie,"1151,5",1645,-
PTM2947,"NOVALGIN 2,5 g/5 ml solution injectable, 1 ampoule",Metamizole sodique,"Antalgiques-Antipy-rétiques-Antispasmo-diques","Antalgiques-Antipy-rétiques-Antispas-modiques",553,790,-
PTM2949,"NOVALGIN 5% sirop, flacon de 100 ml",Metamizole sodique,"Antalgiques-Antipy-rétiques-Antispasmo-diques","Antalgiques-Antipy-rétiques-Antispas-modiques",1526,2180,-
PTM2950,"NOVALGIN 500 mg comprimé pelliculé, boîte de 20",Metamizole sodique,"Antalgiques-Antipy-rétiques-Antispasmo-diques","Antalgiques-Antipy-rétiques-Antispas-modiques",1197,1710,-
PTM6286,"NOVALSOL 500 mg comprimé pelliculés, boîte de 10",Metamizole sodique,"Antalgiques-Antipy-rétiques-Antispasmo-diques","Antalgiques-Antipy-rétiques-Antispas-modiques","605,5",865,-
PTM6287,"NOVALSOL 500 mg solution injectable, boîte de 5ampoules de 5 ml",Metamizole sodique,"Antalgiques-Antipy-rétiques-Antispasmo-diques","Antalgiques-Antipy-rétiques-Antispas-modiques",2730,3900,-
PTM2957,"NOVATEN AM comprimé, boite de 2 blisters de 14","Atenolol/ Besylated’amlodipine","Antihypertenseur (An-tagoniste calcique+Be-tabloquant)","Cardiologie-angeio-logie",5481,7830,-
PTM2956,"NOVATEN 100 mg comprimé, boîte de 2 étuis de 14",Atenolol,"Antihypertenseur(Betabloquant)","Cardiologie-angeio-logie",4165,5950,-
"",,,SOUS CLASSE,PRIX BASE DE,,
"",,,CLASSE PHARMACO-,,PRIX,ACCORD
CODES,DESIGNATION,COMPOSITION,PHARMACO-,REMBOURSE,,
"",,,THERAPEUTIQUE,,PUBLIC,PREALABLE
"",,,THERAPEUTIQUE,MENT (G) x 70%,,
"","NOVEX 2000 UI anti-Xa/0,2 ml solution injectable en",,Cardiologie-angeio-,,,
PTM6289,,Enoxaparine sodique,Trombolytique,"3223,5",4605,-
"","seringue pré-remplie, boîte de 2",,logie,,,
"","NOVEX 6000 UI anti-Xa/0,6 ml solution injectable en",,Cardiologie-angeio-,,,
PTM6290,,Enoxaparine sodique,Trombolytique,"5939,5",8485,-
"","seringue pré-remplie, boîte de 2",,logie,,,
"","NOVEX 8000 UI anti-Xa/0,8 ml solution injectable en",,Cardiologie-angeio-,,,
PTM6291,,Enoxaparine sodique,Trombolytique,7308,10440,-
"","seringue pré-remplie, boîte de 2",,logie,,,
"",,Amoxicilline trihydra-,,,,
"",NOVOCLIN 1 g/125 mg poudre pour suspension,,Antibacterien (Penicil- Infectiologie-parasi-,,,
PTM6292,,tée /Clavulanate de,,3682,5260,-
"","buvable, boîte de 16 sachets",tologiepotassium,lines),,,
"",,Amoxicilline trihydra-,,,,
"",NOVOCLIN 1 g/125 mg poudre pour suspension,,Antibacterien (Penicil- Infectiologie-parasi-,,,
PTM6293,,tée /Clavulanate de,,"5435,5",7765,-
"","buvable, boîte de 24 sachets",tologiepotassium,lines),,,
"",,Amoxicilline trihydra-,,,,
"","NOVOCLIN 250 mg/31,25 mg poudre pour",,Antibacterien (Penicil- Infectiologie-parasi-,,,
PTM6294,,tée /Clavulanate de,,3290,4700,-
"","suspension buvable, boîte de 12 sachets",tologiepotassium,lines),,,
"",,Amoxicilline trihydra-,,,,
"","NOVOCLIN 500 mg/62,5 mg poudre pour suspension",,Antibacterien (Penicil- Infectiologie-parasi-,,,
PTM6295,,tée /Clavulanate de,,3654,5220,-
"","buvable, boîte de 12 sachets",tologiepotassium,lines),,,
"",,Insuline asparte* so-,,,,
"",,luble/insuline asparte*,,,,
"",NovoMix® 30 FlexPen® 100 UI/ml suspension,,Antidiabétique injec- Metabolisme- nutri-,,,
PTM6296,,protamine Cristallisée,,"29242,5",41775,AP
"","injectable en stylo pré-rempli, boîte de 5 x 3 ml",tion-diabetedans un rapport de,table,,,
"",,30/70,,,,
"",NovoRapid® Flexpen® 100UI/ ml solution injectable,,Antidiabétique injec- Metabolisme- nutri-,,,
PTM6297,,Insuline asparte,,"29242,5",41775,AP
"","en stylo pré-rempli, boîte de 5X3 ml",,table tion-diabete,,,
PTM2959,"NOZINAN 100 mg comprimé sécable, étui de 20",Levomepromazine,Neuroleptique Psychiatrie,"7318,5",10455,-
PTM2960,"NOZINAN 25 mg comprimé sécable, étui de 20",Levomepromazine,Neuroleptique Psychiatrie,2366,3380,-
"",,Cytidin – 5’ – mono-,,,,
"",,phosphate disodique,,,,
Metabolisme- nutri-PTM2964,"NUCLEO CMP FORTE 3 injectable, bte/3 amp.","(CMP, sel disodique)/ -Uridin-5’- triphosphate",Compléments mine- raux tion-diabete,2667,3810,
"",,"trisodique (UTP, sel",,,,
"",,trisodique),,,,
CODES,DESIGNATION,COMPOSITION,"SOUS CLASSEPHARMACO-THERAPEUTIQUE","CLASSE PHARMACO-THERAPEUTIQUE","PRIX BASE DEREMBOURSEMENT (G) x 70%","PRIXPUBLIC","ACCORDPREALABLE"
PTM2963,"NUCLEO CMP FORTE Capsule,bte/30","Cytidin – 5’ – mono-phosphate disodique(CMP, sel disodique)/Uridin-5’- triphosphatetrisodique (UTP, seltrisodique)","Compléments mine-raux","Metabolisme- nutri-tion-diabete","4238,5",6055,-
PTM6298,"NUGENE O suspension, flacon de 200 ml","Hydroxyde d’Alumi-nium/ Hydroxyde deMagnésium/ Tri silicatede Magnésium/ Siméti-cone/ Acide alginique/Oxétacaïne","Antiacides etpansements gastro-intestinaux","Gastro-Entero-He-patologie",1183,1690,-
PTM2965,"NUGENE suspension, flacon de 200 ml","Hydroxyde d’alumi-nium sec/ Hydroxydede Magnésium/Magnesium trisilicate/Dimethicone/ Acidealginique","Antiacides etpansements gastro-intestinaux","Gastro-Entero-He-patologie",1288,1840,-
PTM6299,"NUPENTA-DSR gélule, boîte 30","Pantoprazole               40mg /Dompéridone30 mg","Antiacides et antiéme-tiques","Gastro-Entero-He-patologie",6384,9120,-
PTM2966,"NURABOL 2 mg/5 mg sirop, flacon de 125 ml","chlorhydrate de cy-proheptadine",Antihistaminique H1,Allergologie,"1277,5",1825,-
PTM2967,"NURABOL 4 mg comprimé, boîte de 30","chlorhydrate de cy-proheptadine",Antihistaminique H1,Allergologie,1827,2610,-
PTM6300,"NURODOR Injectable, boîte de 5 ampoules de 4 ml","Méthylcobalamineacétate anhydre",Antispamodique,"Antalgiques-Antipy-rétiques-Antispas-modiques",1113,1590,-
PTM6301,"NUVAL® 160 mg comprimé pelliculé, boîte de 28",Valsartan,"Antihypertenseur(Sartan)","Cardiologie-angeio-logie","4385,5",6265,-
PTM6302,"NUVAL® 80 mg comprimé pelliculé, boîte de 28",Valsartan,"Antihypertenseur(Sartan)","Cardiologie-angeio-logie","4385,5",6265,-
CODES,DESIGNATION,COMPOSITION,"SOUS CLASSEPHARMACO-THERAPEUTIQUE","CLASSE PHARMACO-THERAPEUTIQUE","PRIX BASE DEREMBOURSEMENT (G) x 70%","PRIXPUBLIC","ACCORDPREALABLE"
PTM6304,"O’MAX poudre pour suspension buvable, boîte de10 sachets","Glucose/ Saccharose/Sodium/ Chloride/Citrate",Réhydratant,"Gastro-Entero-He-patologie",1043,1490,-
PTM6305,"ODIA 2 mg comprimé pelliculé, boîte de 30",Glimépiride,Antidiabetiques oraux,"Metabolisme- nutri-tion-diabete","2796,5",3995,-
PTM6306,"ODIA 3 mg comprimé pelliculé, boîte de 30",Glimépiride,Antidiabetiques oraux,"Metabolisme- nutri-tion-diabete","4196,5",5995,-
PTM6307,"ODIA® 4 mg comprimé pelliculé, boîte de 30",Glimépiride,Antidiabetiques oraux,"Metabolisme- nutri-tion-diabete","7766,5",11095,-
PTM6308,"ODICEF 1g poudre pour solution injectable, boîte de1 flacon +solvant de 10 ml",Ceftriaxone,"Antibacterien (Cepha-losporines)","Infectiologie-parasi-tologie","1116,5",1595,-
PTM6309,"OEDES 20 mg gélule, boîte de 28",Oméprazole,Antiacide,"Gastro-Entero-He-patologie","4924,5",7035,-
PTM6310,"OEDES 20 mg gélule, boîte de 14",Oméprazole,Antiacide,"Gastro-Entero-He-patologie",2758,3940,-
PTM2991,"OESTROGEL 0,06% gel pour application cutanée,tube de 80 g",Estradiol,"Regulateur du cyclemenstruel",Gynécologie,1890,2700,-
PTM6312,"OFIKEN 100 mg/5 ml poudre pour suspension orale,flacon de 60 ml",Céfixime,"Antibacterin (Cepha-losporines)","Infectiologie-parasi-tologie",3836,5480,-
PTM6313,"OFIKEN 200 mg comprimé pelliculé, boîte de 16",Céfixime,"Antibacterin (Cepha-losporines)","Infectiologie-parasi-tologie","5848,5",8355,-
PTM6314,"OFLO 200 mg solution injectable, boîte de 1 flaconde 40 ml",Ofloxacine,"Antibacterin (Quino-lones)","Infectiologie-parasi-tologie",2520,3600,-
PTM2993,"OFLOCET 1,5 mg/0,5 ml solution auriculaire enrécipient unidose, boîte de 20",Ofloxacine,"Antibacterin (Quino-lones)","Infectiologie-parasi-tologie",3766,5380,-
PTM2994,"OFLOCET 200 mg comprimé pelliculé sécable, boîtede 10",Ofloxacine,"Antibacterin (Quino-lones)","Infectiologie-parasi-tologie","4112,5",5875,-
PTM2995,"OFLOCET 200 mg solution injectable pour perfusion,flacon de 40 ml",Ofloxacine,"Antibacterin (Quino-lones)","Infectiologie-parasi-tologie",5481,7830,-
PTM6315,"OFLOCIN collyre 0,3%, flacon de 5 ml",Ofloxacine,"Antibacterin (Quino-lones)",Ophtalmologie,1043,1490,-
CODES,DESIGNATION,COMPOSITION,"SOUS CLASSEPHARMACO-THERAPEUTIQUE","CLASSE PHARMACO-THERAPEUTIQUE","PRIX BASE DEREMBOURSEMENT (G) x 70%","PRIXPUBLIC","ACCORDPREALABLE"
PTM2997,"OFLOMAC 200 mg injectable, flacon de 100 ml",Ofloxacine,"Antibacterin (Quino-lones)","Infectiologie-parasi-tologie","3013,5",4305,-
PTM2998,"OFLOMAC 400 OD comprimé, boîte de 5",Ofloxacine,"Antibacterin (Quino-lones)","Infectiologie-parasi-tologie",1043,1490,-
PTM6316,"OFLOMAX 200 mg comprimé pelliculé, boîte de 10",Ofloxacine,"Antibacterin (Quino-lones)","Infectiologie-parasi-tologie","2103,5",3005,-
PTM6317,"OFLOR comprimé, boîte de 10",Ofloxacine/ Ornidazole,"Antibacterin (Quino-lones)+antifongique","Infectiologie-parasi-tologie",1673,2390,-
PTM6318,"OFLOSWIZ O comprimé pelliculé, boîte de 10",Ofloxacine/ Ornidazole,"Antibacterin (Quino-lones)+antifongique","Infectiologie-parasi-tologie",1673,2390,-
PTM3001,"OFLOXACINE TM 200 mg comprimé, boîte de 10",Ofloxacine,"Antibacterin (Quino-lones)","Infectiologie-parasi-tologie",1995,2850,-
PTM6319,"OFLOZOLE comprimé pelliculé, boîte de 10",Ofloxacine/ Ornidazole,"Antibacterin (Quino-lones)+antifongique","Infectiologie-parasi-tologie",1673,2390,-
PTM6320,"OFUSIDIC collyre visqueux stérile, flacon de 5 ml",Acide fusidique,Antibacterien,Ophtalmologie,"2502,5",3575,-
PTM6321,"OKANDUL 665 mg comprimé pelliculé à libérationmodifiée, boîte de 12",Paracetamol,"Antalgiques-Antipyré-tiques","Antalgiques-Antipy-rétiques-Antispas-modiques","917,7",1311,-
PTM3010,"OLFEN gel, tube de 50 g",Diclofenac,"Anti-inflammatoirenonstéroïdien",Anti-inflammatoires,1463,2090,-
PTM3006,"OLFEN-50 comprimé Lactab, boite de 20",Diclofenac,"Anti-inflammatoirenonstéroïdien",Anti-inflammatoires,2100,3000,-
PTM3007,OLFEN-75  injectable B/3Amp,Diclofenac,"Anti-inflammatoirenonstéroïdien",Anti-inflammatoires,"913,5",1305,-
PTM3009,OLFEN-75 SR comprimé LP Depotabs B/30,Diclofenac,"Anti-inflammatoirenonstéroïdien",Anti-inflammatoires,3654,5220,-
CODES,DESIGNATION,COMPOSITION,"SOUS CLASSEPHARMACO-THERAPEUTIQUE","CLASSE PHARMACO-THERAPEUTIQUE","PRIX BASE DEREMBOURSEMENT (G) x 70%","PRIXPUBLIC","ACCORDPREALABLE"
PTM6323,"OLOHISTINE 1 mg/ml solution ophtalmique, flaconde 5 ml",Olopatadine,Antihistaminique H1,Ophtalmologie,"3244,5",4635,-
PTM6324,"OLOPAN® 0,1% collyre, flacon compte-gouttes de 5ml",Olopatadine,Antihistaminique H1,Ophtalmologie,"2740,5",3915,-
PTM6326,"OMEDOM 20 mg /10 mg gélule, boîte de 10X10","Oméprazole/ Dompé-ridone","Inhibiteur de pompesà proton+antiéme-tique","Gastro-Entero-He-patologie","6030,5",8615,-
PTM3011,"OMEGEN 10 mg gélule, boîte de 14",Oméprazole,"Inhibiteur de pompesà proton","Gastro-Entero-He-patologie","1277,5",1825,-
PTM3012,"OMEGEN 10 mg gélule, boîte de 28",Oméprazole,"Inhibiteur de pompesà proton","Gastro-Entero-He-patologie",1827,2610,-
PTM3013,"OMEGEN 20 mg gélule, boîte de 14",Oméprazole,"Inhibiteur de pompesà proton","Gastro-Entero-He-patologie",1099,1570,-
PTM3014,"OMEGEN 20 mg gélule, boîte de 28",Oméprazole,"Inhibiteur de pompesà proton","Gastro-Entero-He-patologie","2103,5",3005,-
PTM6327,"OMEPAC - 20 mg gélule, boîte de 10",Oméprazole,"Inhibiteur de pompesà proton","Gastro-Entero-He-patologie",700,1000,-
PTM6328,"OMEPRAZOLE BIOGARAN 20 mg gélule gastro-résistante, boîte de 14",Oméprazole,"Inhibiteur de pompesà proton","Gastro-Entero-He-patologie",2100,3000,-
PTM6329,"OMEPRAZOLE BIOGARAN 20 mg gélule gastro-résistante, boîte de 28",Oméprazole,"Inhibiteur de pompesà proton","Gastro-Entero-He-patologie","2376,5",3395,-
PTM6330,"OMEREX  20 mg gélule gastro-résistante, boîte de 20",Oméprazole,"Inhibiteur de pompesà proton","Gastro-Entero-He-patologie",700,1000,-
PTM6331,"OMESHAL D gélule, boîte de 10","Dompéridone/ Omé-prazole","Inhibiteur de pompesà proto+antiémetique","Gastro-Entero-He-patologie",4480,6400,-
PTM6332,"OMESHAL gélule, boîte de 10",Oméprazole,"Inhibiteur de pompesà proton","Gastro-Entero-He-patologie",4095,5850,-
PTM6333,"OMESK 20 mg gélule, boîte de 10",Oméprazole,"Inhibiteur de pompesà proton","Gastro-Entero-He-patologie",700,1000,-
PTM6334,"OMETAC 20 mg gélule, boîte de10",Oméprazole,"Inhibiteur de pompesà proton","Gastro-Entero-He-patologie",700,1000,-
CODES,DESIGNATION,COMPOSITION,"SOUS CLASSEPHARMACO-THERAPEUTIQUE","CLASSE PHARMACO-THERAPEUTIQUE","PRIX BASE DEREMBOURSEMENT (G) x 70%","PRIXPUBLIC","ACCORDPREALABLE"
PTM6335,"OMEY 20 mg gélule, boîte de 3X10",Oméprazole,"Inhibiteur de pompesà proton","Gastro-Entero-He-patologie",1050,1500,-
PTM6336,"OMEZYN -20 capsules dures de gastro-résistant,boîte de 15",Oméprazole,"Inhibiteur de pompesà proton","Gastro-Entero-He-patologie","2740,5",3915,-
PTM6337,"OMEZOL 20 mg gélule, boîte de 14",Oméprazole,"Inhibiteur de pompesà proton","Gastro-Entero-He-patologie",1050,1500,-
PTM3023,"OMFIL -20 gélule, boite de 2 paquet de 10",Oméprazole,"Inhibiteur de pompesà proton","Gastro-Entero-He-patologie",700,1000,-
PTM6338,"OMIDON® goutte buvable pédiatrique, flacon de 15ml",Dompéridone,"Inhibiteur de pompesà proton","Gastro-Entero-He-patologie",1008,1440,-
PTM6339,"OMIT 10mg/10mg comprime, boite de 30","Pyridoxine HCL/Doxy-lamine",Antihistaminique,Pneumologie,2758,3940,-
PTM6340,"OMIZ 20 mg gélule, boîte de 14",Oméprazole,"Inhibiteur de pompesà proton","Gastro-Entero-He-patologie","2054,5",2935,-
PTM6341,"OMIZ 20 mg gélule, boîte de 28",Oméprazole,"Inhibiteur de pompesà proton","Gastro-Entero-He-patologie",3563,5090,-
PTM6342,"OMIX 20 mg gélule, boîte de 2X10",Oméprazole,"Inhibiteur de pompesà proton","Gastro-Entero-He-patologie",637,910,-
PTM3024,"OMIZEC 20 mg gélule, boîte de 28",Oméprazole,"Inhibiteur de pompesà proton","Gastro-Entero-He-patologie",3199,4570,-
PTM6343,"OMKAV 20 mg capsules, boîte de 10",Oméprazole,"Inhibiteur de pompesà proton","Gastro-Entero-He-patologie",350,500,-
PTM6344,"OMNIC OCAS 0,4 mg comprimé pelliculé à Libérationprolongée, boîte de 30","Chlorhydrate de Tam-sulosine","Hypertrophie benignede la prostate",Urologie,"11385,5",16265,-
PTM6346,OMNIPAQUE 300mg flacon de 100ml,Iohexol,Produit de contraste,Imagerie Médicale,36890,52700,AP
PTM6347,OMNIPAQUE 300mg flacon de 50ml,Iohexol,Produit de contraste,Imagerie Médicale,17640,25200,AP
PTM6349,OMNIPAQUE 350mg flacon de 100ml,Iohexol,Produit de contraste,Imagerie Médicale,35700,51000,AP
CODES,DESIGNATION,COMPOSITION,"SOUS CLASSEPHARMACO-THERAPEUTIQUE","CLASSE PHARMACO-THERAPEUTIQUE","PRIX BASE DEREMBOURSEMENT (G) x 70%","PRIXPUBLIC","ACCORDPREALABLE"
PTM6351,"OMPALEN-20 gélules gastro-résistantes, boîte de 10",Omeprazole,"Inhibiteur de pompesà proton","Gastro-entero-He-patologie",350,500,-
PTM6352,"OMVID 20 mg gélule, boîte de 10",Oméprazole,"Inhibiteur de pompesà proton","Gastro-entero-He-patologie",350,500,-
PTM6353,"ONCONASE 10 poudre lyophilisée pour injection,boîte de 1 flacon",L-asparaginase,Acide aminé,"Metabolisme- nutri-tion-diabete",1155,1650,-
PTM6354,"ONECEF 1 g poudre pour injection, boîte de 1flacon+solvant",Ceftriaxone,"Antibacterien (Cepha-losporines)","Infectiologie-parasi-tologie",1736,2480,-
PTM6355,"ONECEF-SB 1,5 g poudre pour injection, flacon de 20ml",Ceftriaxone /Sulbactam,"Antibacterien (Cepha-losporines)","Infectiologie-parasi-tologie",1736,2480,-
PTM6356,"ON SETRON-DENK 8 mg ODT compriméorodispersible, boîte de 6",Ondansétron,Antiémetique,"Oncologie-Gas-tro-entero-Hepato-logie",3654,5220,-
PTM6357,"ON SETRON-DENK 4 mg ODT compriméorodispersible, boîte de 6",Ondansétron,Antiémetique,"Oncologie-Gas-tro-entero-Hepato-logie","2740,5",3915,-
PTM6358,"ONTRON 4 mg/2ml solution injectable, boîte de 1ampoule de 2 ml",Ondansétron,Antiémetique,"Oncologie-Gas-tro-entero-Hepato-logie",3766,5380,-
PTM3030,"OPATANOL 1 mg/ml collyre en solution, flacon de 5ml","Olopatadine (sousforme de chlorhydrate)",Antihistaminique H1,Ophtalmologie,3381,4830,-
PTM6359,"OPTON 40 comprimé, boîte de 3 blisters de 10",Esomeprazole,"Inhibiteur de la secre-tion d’acide","Gastro-Entero-He-patologie","2558,5",3655,-
PTM6360,"OPTON 20 comprimé, boîte de 3 blisters de 10",Esomeprazole,"Inhibiteur de la secre-tion d’acide","Gastro-Entero-He-patologie",2191,3130,-
PTM6361,"ORACEFAL 125 mg/5 ml poudre pour suspensionbuvable, flacon de 100 ml",Céfalexine,"Antibacterien (Cepha-losporines)","Infectiologie-parasi-tologie",1225,1750,-
PTM6362,"ORACEFAL 500 mg gélule, boîte de 12",Céfadroxil,"Antibacterien (Cepha-losporines)","Infectiologie-parasi-tologie","3720,5",5315,-
PTM3037,"ORACEFAL 1 g comprimé dispersible, boite de 6",Céfadroxil,"Antibacterien (Cepha-losporines)","Infectiologie-parasi-tologie",3346,4780,-
CODES,DESIGNATION,COMPOSITION,"SOUS CLASSEPHARMACO-THERAPEUTIQUE","CLASSE PHARMACO-THERAPEUTIQUE","PRIX BASE DEREMBOURSEMENT (G) x 70%","PRIXPUBLIC","ACCORDPREALABLE"
PTM6364,"ORCHAPRED gel ophtalmique, flacon de 5 g","Phosphate de predni-solone","Anti-inflammatoiresstérodiens",Ophtalmologie,"2229,5",3185,-
PTM6365,"ORCHAZID collyre, flacon de 5 ml","Phosphate de predni-solone","Anti-inflammatoiresstérodiens",Ophtalmologie,2093,2990,-
PTM3047,"ORELOX Enfant et Nourrisson 40 mg/5 ml granuléspour suspension buvable, flacon de 100 ml",Cefpodoxime,"Antibacterien (Cepha-losporines)","Infectiologie-parasi-tologie",6881,9830,-
PTM3044,"ORELOX®    100 mg comprimés pelliculés, boîte de 10",Cefpodoxime,"Antibacterien (Cepha-losporines)","Infectiologie-parasi-tologie",5929,8470,-
PTM3045,"ORELOX® 200 mg comprimés pelliculés, boîte de 10",Cefpodoxime,"Antibacterien (Cepha-losporines)","Infectiologie-parasi-tologie",6853,9790,-
PTM3048,"OREX 125 mg/5ml granulé, flacon de 60 ml",Cefalexine,"Antibacterien (Cepha-losporines)","Infectiologie-parasi-tologie","1179,5",1685,-
PTM3049,"OREX 250 mg/5ml granulé, flacon de 60 ml",Cefalexine,"Antibacterien (Cepha-losporines)","Infectiologie-parasi-tologie",1855,2650,-
PTM3050,"OREX 500 mg gélule, boîte de 12",Cefalexine,"Antibacterien (Cepha-losporines)","Infectiologie-parasi-tologie",3108,4440,-
PTM6366,"ORNEL 200 mg/5 ml suspension buvable, flacon de10 ml",Albendazole,Antihelminthique,"Infectiologie-parasi-tologie",280,400,-
PTM6367,"ORNEL 400 mg comprimé, boîte de 1",Albendazole,Antihelminthique,"Infectiologie-parasi-tologie",231,330,-
PTM6368,"ORNILOX 500/200 mg comprimé, boîte de 10",Ornidazole/ Ofloxacine,"Antibacterien (Quino-lones+Antifongique)","Infectiologie-parasi-tologie","1746,5",2495,-
PTM6369,"ORNOVEL 500 mg/200 mg comprimé sécable, boîtede 10",Ornidazole/ Ofloxacine,"Antibacterien (Quino-lones+Antifongique)","Infectiologie-parasi-tologie","1746,5",2495,-
PTM3060,"OROKEN 200 mg comp pelliculé, boite de 8",Cefixime,"Antibacterien (Cepha-losporines)","Infectiologie-parasi-tologie",6468,9240,-
PTM3062,"OROKEN 40mg/5ml pdre pr susp buv Nourriss,flacon de 40 ml",Cefixime,"Antibacterien (Cepha-losporines)","Infectiologie-parasi-tologie","3181,5",4545,-
PTM3061,"OROKEN Enfant 100 mg pdre pr susp buv, flacon de13,3  g",Cefixime,"Antibacterien (Cepha-losporines)","Infectiologie-parasi-tologie",6489,9270,-
CODES,DESIGNATION,COMPOSITION,"SOUS CLASSEPHARMACO-THERAPEUTIQUE","CLASSE PHARMACO-THERAPEUTIQUE","PRIX BASE DEREMBOURSEMENT (G) x 70%","PRIXPUBLIC","ACCORDPREALABLE"
PTM6371,ORTHOCAM 20mg/1ml inj B/5,Piroxicam,Anti-inflammatoire,Rhumatologie,2002,2860,-
PTM3065,"OSMOGEL gel pour application cutanée, tube de 90g.","Lidocaine sulfate demagnesium",Anesthésique local,Rhumatologie,8680,32635,-
PTM3067,"OSPAMOX 1000 mg Comprimé dispersible, B/12",Amoxicilline,"Antibacterien (Penicil-lines)","Infectiologie-parasi-tologie","2467,5",3525,-
PTM3068,"OSPAMOX 1000 mg Comprimé enrobé, B/12",Amoxicilline,"Antibacterien (Penicil-lines)","Infectiologie-parasi-tologie",2240,3200,-
PTM3070,"OSPAMOX 250 mg/5 ml poudre pour suspensionorale, flacon de 60 ml",Amoxicilline,"Antibacterien (Penicil-lines)","Infectiologie-parasi-tologie","1116,5",1595,-
PTM3072,"OSPAMOX 500 mg Comprimé dispersible,  B/12",Amoxicilline,"Antibacterien (Penicil-lines)","Infectiologie-parasi-tologie",1281,1830,-
PTM3073,"OSPEN 1MUI comprimé, boite de 12",Penicilline V,"Antibacterien (Penicil-lines)","Infectiologie-parasi-tologie",1918,2 740,-
PTM7119,"OSTEON 70 mg, comprimé, boite de 10",Acide  alendronique,Bisphosphonate,Rhumatologie,"22844,5",32 635,-
PTM6372,"OSTRIOL 0,25 mcg gélule, boîte de 30",Calcitriol,Vitamines,Rhumatologie,1820,2600,-
PTM6373,"OSTRIOL 0,5 mcg gélule, boîte de 30",Calcitriol,Vitamines,Rhumatologie,1820,2600,-
PTM6374,"OTICACIP 0,3% Gouttes auriculaires, flacon 10 ml",Ciprofloxacine,Antibacterien,"Infectiologie-parasi-tologie",1750,2500,-
PTM3075,"OTIPAX solution auriculaire, flacon de 15 ml","Phénazone/ Lidocaïnechlorhydrate",Anti-inflammatoires,"Oto-Rino-Laryngo-logie",1463,2090,-
PTM3082,"OVAZOLE ovule, boite de 10",Metronidazole,Anti-infectieux,Gynécologie,"1186,5",1695,-
PTM6375,"OVUMIX suppositoires vaginaux, boîte de 6","Gotukola/ Metroni-dazole/ Nitrate deMiconazole/ Sulfate denéomycine/ Sulfate depolymixine",Anti-infectieux,Gynécologie,"2285,5",3265,-
CODES,DESIGNATION,COMPOSITION,"SOUS CLASSEPHARMACO-THERAPEUTIQUE","CLASSE PHARMACO-THERAPEUTIQUE","PRIX BASE DEREMBOURSEMENT (G) x 70%","PRIXPUBLIC","ACCORDPREALABLE"
PTM6379,"OXICEB 200 mg comprimé, boite de 20",Célécoxib,"Anti-inflammatoirenon steroidien",Rhumatologie,"4112,5",5875,-
PTM6380,"OXOFERIN solution topique, flacon de 50 ml",Tetrachlorodecaoxide,Cystite,"Infectiologie-parasi-tologie",2814,4020,-
PTM6381,"OXYNAL (Adulte) 0,05%, flacon de 10 ml",Oxymétazoline (DCI),"Decongestionnantnasal","Oto-Rino-Laryngo-logie","836,5",1195,-
PTM6382,"OXYNAL (Pédiatrique) 0,025%, flacon de 10 ml",Oxymétazoline (DCI),"Decongestionnantnasal","Oto-Rino-Laryngo-logie","696,5",995,-
PTM6383,"OXYTROY 5UI/ml injectable, boîte de 3 ampoules",Oxytocine,Ocytociques,"Gynécologie-Obsté-trique","948,5",1355,-
PTM6384,"OZOLAMIDE 2% collyre, flacon de 5 ml",Dorzolamide,Antiglaucomateux,Ophtalmologie,5915,8450,-
PTM3090,"OZAPRAL 30 mg gélule, boîte de 3x10",Lansoprazole,Antiacides,"Gastro-Entero-He-patique",4844,6920,-
PTM6385,"OZIN 10 mg comprimé, boîte de 10",Cétirizine,Antihistaminique H1,Allergologie,"941,5",1345,-
PTM6386,"OZIN sirop, flacon de 60 ml",Cétirizine,Antihistaminique H2,Allergologie,"941,5",1345,-
PTM3096,"PAIDOFEBRIL suspension orale, flacon de 200 ml",Ibuprofene,"Anti-inflammatoiresnon steroidiens",Anti-inflammatoires,1827,2610,-
PTM3097,"PAIDOTERIN décongestif, flacon de 100 ml","Chlorhydrate de phény-léphrine/ Chlorhydratede diphényldramine/Maléate de chlorphé-namine/ Gaïacolate deglycérile","Rhinites-Sinu-sites-Rhumes","Oto-Rino-Laryngo-logie","1844,5",2635,-
PTM3098,"PAINEX comprimé, boîte de 10","Paracétamol/ Ibupro-fène","Antalgiques-Antipyré-tiques+AINS","Antalgiques-Antipy-rétiques-Antispas-modiques",1134,1620,-
CODES,DESIGNATION,COMPOSITION,"SOUS CLASSEPHARMACO-THERAPEUTIQUE","CLASSE PHARMACO-THERAPEUTIQUE","PRIX BASE DEREMBOURSEMENT (G) x 70%","PRIXPUBLIC","ACCORDPREALABLE"
PTM6388,"PAINEX suspension buvable, flacon de 60 ml","Paracétamol/ Ibupro-fène","Antalgiques-Antipyré-tiques+AINS","Antalgiques-Antipy-rétiques-Antispas-modiques","976,5",1395,-
PTM3099,"PALMATHER 40 mg injectable , boite de 10",Artémether,Antipaludique,"Infectiologie-parasi-tologie",3199,4 570,-
PTM3100,"PALMATHER 80 mg injectable , boite de 10",Artémether,Antipaludique,"Infectiologie-parasi-tologie","4112,5",5 875,-
PTM6389,"PALSITHER comprimé 20 mg/120 mg, boîte de 4X6","Artéméther/ Lumé-fantrine",Antipaludique,"Infectiologie-parasi-tologie",1680,2400,-
PTM6390,"PALSITHER-DS comprimé, boîte de 6","Artéméther/ Lumé-fantrine",Antipaludique,"Infectiologie-parasi-tologie",777,1110,-
PTM6391,"PALSITHER-FORTE comprimé, boîte de 2X6","Artéméther/ Lumé-fantrine",Antipaludique,"Infectiologie-parasi-tologie",1680,2400,-
PTM6392,"PALSUNATE 120 mg poudre pour préparationinjectable, boîte de 1 flacon + solvants",Artesunate,Antipaludique,"Infectiologie-parasi-tologie",1141,1630,-
PTM6395,"PALUCURE 40/240 comprimé, boîte de 12",N,Antipaludique,"Infectiologie-parasi-tologie","1809,5",2585,-
PTM6396,"PALUCURE 80/480 comprimé, boîte de 6","Artéméther/ Lumé-fantrine",Antipaludique,"Infectiologie-parasi-tologie","1809,5",2585,-
PTM6397,"PALUCURE DS 180 /1080 suspension orale, flacon de60 ml","Artéméther/ Lumé-fantrine",Antipaludique,"Infectiologie-parasi-tologie",1946,2780,-
PTM6398,"PALUCURE DT 20/120 comprimé dispersible, boîtede 6","Artéméther/ Lumé-fantrine",Antipaludique,"Infectiologie-parasi-tologie",777,1110,-
PTM3102,"PALUDOX comprimé, boîte de 3","Sulfadoxine/ Pyrimétha-mine",Antipaludique,"Infectiologie-parasi-tologie",595,850,-
CODES,DESIGNATION,COMPOSITION,"SOUS CLASSEPHARMACO-THERAPEUTIQUE","CLASSE PHARMACO-THERAPEUTIQUE","PRIX BASE DEREMBOURSEMENT (G) x 70%","PRIXPUBLIC","ACCORDPREALABLE"
PTM3105,PALUJECT 400 mg inj/ 1 ampoule,"Quinine bichlorhydrate/Quinidine chlorhydrate/Cinchonine chlorhy-drate/ Cinchonidinechlorhydrate/ Re-sorchine/ Chlorure desodium/ Eau distillée",Antipaludique,"Infectiologie-parasi-tologie",126,180,-
PTM6400,"PALUMART 180 mg/1080 mg, suspension orale,flacon de 60 ml","Artéméther/ Lumé-fantrine",Antipaludique,"Infectiologie-parasi-tologie","1662,5",2375,-
PTM6401,"PALUMART 80 mg/480 mg comprimé, boîte de 1x6","Artéméther/ Lumé-fantrine",Antipaludique,"Infectiologie-parasi-tologie","1662,5",2375,-
PTM6402,"PALUMAX 20/120 comprimé dispersible, boîte de 6","Artéméther/ Lumé-fantrine",Antipaludique,"Infectiologie-parasi-tologie",1750,2500,-
PTM6403,"PALUMAX 80/480 comprimé pelliculé, boîte de 6","Artéméther/ Lumé-fantrine",Antipaludique,"Infectiologie-parasi-tologie",1750,2500,-
PTM6404,"PALUMIL® 20/ 120 junior comprimé dispersible,boîte de 6","Artéméther/ Lumé-fantrine",Antipaludique,"Infectiologie-parasi-tologie","584,5",835,-
PTM6405,"PALUMIL® 80/ 480 Adulte, comprimé, boîte de 6","Artéméther/ Lumé-fantrine",Antipaludique,"Infectiologie-parasi-tologie","1753,5",2505,-
PTM6406,"PALUSTOP® 180 mg/60 mg comprimé pelliculé, boîtede 12","Pyronaridine Té-traphosphateArtésunate",Antipaludique,"Infectiologie-parasi-tologie",3206,4580,-
PTM6407,"PALUSTOP® 180 mg/60 mg comprimé pelliculé, boîtede 6","Pyronaridine Té-traphosphateArtésunate",Antipaludique,"Infectiologie-parasi-tologie",3206,4580,-
PTM6408,"PALUSTOP® 60 mg/20 mg comprimé dispersiblessécables, boîte de 9","Pyronaridine Té-traphosphateArtésunate",Antipaludique,"Infectiologie-parasi-tologie",3206,4580,-
PTM6409,"PALUVA 180/1080 poudre pour suspension buvable,flacon de 60 ml","Arthémeter/ Lumé-fantrine",Antipaludique,"Infectiologie-parasi-tologie",1974,2820,-
PTM6410,"PALUVA 20/120 comprimés, boîte de 6","Artéméther 20 mg /Luméfantrine 120 mg",Antipaludique,"Infectiologie-parasi-tologie",406,580,-
CODES,DESIGNATION,COMPOSITION,"SOUS CLASSEPHARMACO-THERAPEUTIQUE","CLASSE PHARMACO-THERAPEUTIQUE","PRIX BASE DEREMBOURSEMENT (G) x 70%","PRIXPUBLIC","ACCORDPREALABLE"
PTM6412,"PALUVA 60 mg/360 mg comprimé, boîte de 6","Artéméther/ Lumé-fantrine",Antipaludique,"Infectiologie-parasi-tologie",1316,1880,-
PTM6413,"PALUVA 80/480 comprimés, boîte de 6","Artéméther 80 mg /Luméfantrine 480 mg",Antipaludique,"Infectiologie-parasi-tologie",1407,2010,-
PTM6414,"PALUVA PLUS  poudre pour solution injectable, boîtede 1 flacon + diluants",Artésunate 60 mg,Antipaludique,"Infectiologie-parasi-tologie",749,1070,-
PTM6415,"PALUVA 40 solution injectable, boîte de 6 ampoules",Artéméther,Antipaludique,"Infectiologie-parasi-tologie",1974,2820,-
PTM6416,"PALUVA 80 solution injectable, boîte de 6 ampoules",Artéméther,Antipaludique,"Infectiologie-parasi-tologie",2569,3670,-
PTM6417,"PAN 40 mg comprimé à libération retardée, boîte de10",Pantoprazole,"Inhibiteur de la secre-tion d’acide","Gastro-Entero-He-patologie","1837,5",2625,-
PTM6418,"PAN 20 mg comprimé à libération retardée, boîte de10",Pantoprazole,"Inhibiteur de la secre-tion d’acide","Gastro-Entero-He-patologie",1148,1640,-
PTM6419,"PANADOL EXTRA ADVANCE comprimé pelliculé,boîte de 14",Paracétamol/ Caféine,"Antalgiques-Antypré-tiques","Antalgiques-Antipy-rétiques-Antispas-modiques",1708,2440,-
PTM3118,"PANALGIC comprimé effervescent, boîte de 16",Paracétamol/ Caféine,"Antalgiques-Antypré-tiques","Antalgiques-Antipy-rétiques-Antispas-modiques","857,5",1225,-
PTM6420,"PANCEF 1 g préparation injectable, boîte de 1 flacon+ solvant",Ceftriaxone,"Antibacterien (Cepha-losporines)","Infectiologie-parasi-tologie",840,1200,-
PTM6421,"PANCEF-O 400 comprimé, boîte de 10",Céfixime,"Antibacterien (Cepha-losporines)","Infectiologie-parasi-tologie","4966,5",7095,-
PTM6422,"PANCI 40 mg poudre pour solution injectable, boîtede 1 flacon + solvant","Pantoprazole sodique40 mg","Inhibiteur de la secre-tion d’acide","Gastro-Entero-He-patologie",1372,1960,-
PTM6423,"PANCI D 40 mg/10 mg comprimé, boîte de 30","Pantoprazole40 mg /Dompéridone10 mg","Inhibiteur de la secre-tion d’acide","Gastro-Entero-He-patologie","3657,5",5225,-
CODES,DESIGNATION,COMPOSITION,"SOUS CLASSEPHARMACO-THERAPEUTIQUE","CLASSE PHARMACO-THERAPEUTIQUE","PRIX BASE DEREMBOURSEMENT (G) x 70%","PRIXPUBLIC","ACCORDPREALABLE"
PTM6425,"PANOPAZ-DSR gélule, boîte de 10","Pantoprazole sodique(équivalent à panto-prazole sous forme degranulés à enrobageentérique)/ Dompé-ridone (sous forme degranulés à libérationprolongée)","Inhibiteur de la secre-tion d’acide","Gastro-Entero-He-patologie","2649,5",3785,-
PTM3124,PANOL 250mg sirop fl/100ml,Paracetamol,Antalgiques,"Antalgiques-Antipy-rétiques-Antispas-modiques",777,1110,-
PTM6426,"PANOPRIST ® 4 mg comprimés pelliculés, boîte de 30",Perindopril  erbumine,Antihypertenseur (IEC),"Cardiologie-angeio-logie","4889,5",6985,-
PTM6427,"PANOPRIST ® 8 mg comprimés pelliculés, boîte de 30",Perindopril  erbumine,Antihypertenseur (IEC),"Cardiologie-angeio-logie",7567,10810,-
PTM6428,"PANOPRIST PLUS® 2 mg/0,625 mg compriméspelliculés, boîte de 30","Tert-butylamine de pé-rindopril/ Indapamide","Antihypertenseur(IEC+Diurétique)","Cardiologie-angeio-logie",4039,5770,-
PTM6429,"PANOPRIST PLUS® 4 mg/1,25 mg compriméspelliculés, boîte de 30","Tert-butylamine de pé-rindopril/ Indapamide","Antihypertenseur(IEC+Diurétique)","Cardiologie-angeio-logie",5922,8460,-
PTM6430,"PANTAZ 40 mg comprimé à Libération Rétardée,boîte de 30",Pantoprazole,"Inhibiteur de la secre-tion d’acide","Gastro-Entero-He-patologie",2576,3680,-
PTM3128,"PANTO-DENK 20 mg  comprimé gastro-résistant,boîte de 28",Pantoprazole,"Inhibiteur de la secre-tion d’acide","Gastro-Entero-He-patologie","4112,5",5875,-
PTM3129,"PANTO-DENK 40 mg  comprimé gastro-résistant,boîte de 28",Pantoprazole,"Inhibiteur de la secre-tion d’acide","Gastro-Entero-He-patologie","5974,5",8535,-
PTM6431,"PANTONEX DR-40 mg comprimé, boîte de 30",Pantoprazole,"Inhibiteur de la secre-tion d’acide","Gastro-Entero-He-patologie","2649,5",3785,-
PTM6432,"PANTOPRAL-D 40/30 gélule, boîte de 30","Pantoprazole/ Dompé-ridone","Inhibiteur de la secre-tion d’acide+antiéme-tique","Gastro-Entero-He-patologie",5390,7700,-
PTM6433,"PANTOPRAZOLE FRILAB 40 mg poudre pour solutioninjectable, boîte de 1 flacon+solvant",Pantoprazole,"Inhibiteur de la secre-tion d’acide","Gastro-Entero-He-patologie","2614,5",3735,-
"",,,SOUS CLASSE,PRIX BASE DE,,
"",,,CLASSE PHARMACO-,,PRIX,ACCORD
CODES,DESIGNATION,COMPOSITION,PHARMACO-,REMBOURSE,,
"",,,THERAPEUTIQUE,,PUBLIC,PREALABLE
"",,,THERAPEUTIQUE,MENT (G) x 70%,,
"",,Papaïne BP,,,,
"",,60 mg /,,,,
"",,Diastase fongique,,,,
"",,,Gastro-Entero-He-,,,
PTM6435,"PAPAZYME, comprimés effervescents, boîte de 20",(1:2000) BP-patologieSiméthicone USP20 mg /,Pansement gastrique,"2649,5",3785,
"",,25 mg,,,,
"",,Papaïne BP,,,,
"",,60 mg /,,,,
"",,Diastase fongique,,,,
"",,,Gastro-Entero-He-,,,
PTM6436,"PAPOFFER comprimés effervescent, boîte de 20.",(1:2000) BP  20 mg /  -patologieSiméthicone USP,Pansement gastrique,"2649,5",3785,
"",,25 mg,,,,
"",,,Antalgiques-Antipy-Antalgiques-Antipyré-,,,
PTM6437,"PARA CARE 500 mg comprimé, boîte de 10",Paracétamol,-tiques rétiques-Antispas-,630,900,
"",,,modiques,,,
"",,,Antalgiques-Antipy-Antalgiques-Antipyré-,,,
PTM6438,"PARA F 500 mg comprimé effervescent, boîte de 16",Paracétamol,-tiques rétiques-Antispas-,1743,2490,
"",,,modiques,,,
"",,,Antalgiques-Antipy-Antalgiques-Antipyré-,,,
PTM6439,"PARA F 500 mg comprimé effervescent, boîte de 24",Paracétamol,-tiques rétiques-Antispas-,1274,1820,
"",,,modiques,,,
"",,Antalgiques-Antipy-Ibuprofène/ Paracéta-,Antalgiques-Antipyré-,,,
PTM6440,"PARAFENE 500/400 mg comprimé, boite de 20",-mol,rétiques-Antispas- tiques+AINS,1253,1790,
"",,,modiques,,,
"",,Antalgiques-Antipy-Ibuprofène/ Paracéta-,Antalgiques-Antipyré-,,,
PTM6441,"PARABUFEN suspension, flacon de 60 ml",-mol,rétiques-Antispas- tiques+AINS,"1179,5",1685,
"",,,modiques,,,
"",,Antalgiques-Antipy-Acéclofénac/ Paracé-,Antalgiques-Antipyré-,,,
PTM6442,"PARACE 100 mg /500 mg comprimé  , boîte de 10",-tamol,rétiques-Antispas- tiques+AINS,777,1110,
"",,,modiques,,,
"",,,Antalgiques-Antipy-,,,
"","PARACETAMOL BIOGARAN 500 mg comprimé, boite",,Antalgique-Antipyre-,,,
PTM6443,,Paracétamol,rétiques-Antispas-,693,990,-
"",de 16,,tiques,,,
"",,,modiques,,,
CODES,DESIGNATION,COMPOSITION,"SOUS CLASSEPHARMACO-THERAPEUTIQUE","CLASSE PHARMACO-THERAPEUTIQUE","PRIX BASE DEREMBOURSEMENT (G) x 70%","PRIXPUBLIC","ACCORDPREALABLE"
PTM6444,"PARACETAMOL BIOGARAN 500 mg compriméeffervescent, boite de 16",Paracétamol,"Antalgique-Antipyre-tiques","Antalgiques-Antipy-rétiques-Antispas-modiques",623,890,-
PTM6445,"PARACETAMOL BIOGARAN 1000 mg compriméeffervescent, boite de 8",Paracétamol,"Antalgique-Antipyre-tiques","Antalgiques-Antipy-rétiques-Antispas-modiques",693,990,-
PTM3135,"PARA DENK 125 Suppo,boite/10",Paracétamol,"Antalgique-Antipyre-tiques","Antalgiques-Antipy-rétiques-Antispas-modiques",686,980,-
PTM3136,"PARA DENK 250 Suppo,boite/10",Paracétamol,"Antalgique-Antipyre-tiques","Antalgiques-Antipy-rétiques-Antispas-modiques",777,1 110,-
PTM3143,"PARACETA-M 10 mg/ml solution injectable pourperfusion, flacon de 100 ml.",Paracétamol,"Antalgiques-Antipyré-tiques","Antalgiques-Antipy-rétiques-Antispas-modiques",1253,1790,-
PTM6446,"PARACETAMOL B. BRAUN 10 mg/ml solution pourperfusion, boîte de 1 flacon de 100 ml",Paracétamol,"Antalgiques-Antipyré-tiques","Antalgiques-Antipy-rétiques-Antispas-modiques",1253,1790,-
PTM6447,"PARACETAMOL B. BRAUN 10 mg/ml solution pourperfusion, boîte de 1 flacon de 50 ml",Paracétamol,"Antalgiques-Antipyré-tiques","Antalgiques-Antipy-rétiques-Antispas-modiques",1085,1550,-
PTM6448,"PARACETAMOL IV 10% infusion, flacon de 100 mL",Paracétamol,"Antalgiques-Antipyré-tiques","Antalgiques-Antipy-rétiques-Antispas-modiques",1253,1790,-
PTM6449,"PARACETAMOL KABI 10 mg/ml solution pourperfusion, flacon de 100 ml",Paracétamol,"Antalgiques-Antipyré-tiques","Antalgiques-Antipy-rétiques-Antispas-modiques",1463,2090,-
PTM6450,"PARACETAMOL SANDOZ® 10 mg/ml, solution pourperfusion intraveineuse, flacon de 100 ml, boîte de 1",Paracétamol,"Antalgiques-Antipyré-tiques","Antalgiques-Antipy-rétiques-Antispas-modiques",1253,1790,-
PTM6451,"PARACETAMOL TM  500 mg comprimé, boîte de 20",Paracétamol,"Antalgiques-Antipyré-tiques","Antalgiques-Antipy-rétiques-Antispas-modiques",210,300,-
"",,,SOUS CLASSE CLASSE PHARMA-,PRIX BASE DE,,
"",,,,,PRIX,ACCORD
CODES,DESIGNATION,COMPOSITION,PHARMACO- THERA- CO- THERAPEU-,REMBOURSE,,
"",,,,,PUBLIC,PREALABLE
"",,,PEUTIQUE TIQUE,MENT (G) x 70%,,
"","Antalgiques-Antipy-PARACETAWAL 1 g solution pour perfusion, flacon de",,Antalgiques-Antipyré-,,,
PTM6453,,Paracétamol,rétiques-Antispas-,1435,2050,-
"",100 ml,,tiques,,,
"",,,modiques,,,
"",,,Antalgiques-Antipy-Antalgiques-Antipyré-,,,
PTM6454,"PARACETAWAL 125 mg suppositoires, boîte de 10",Paracétamol,-tiquesrétiques-Antispas-,"759,5",1085,
"",,,modiques,,,
"",,,Antalgiques-Antipy-Antalgiques-Antipyré-,,,
PTM6455,"PARACETAWAL 250 suppositoires, boîte de 10",Paracétamol,-tiquesrétiques-Antispas-,"759,5",1085,
"",,,modiques,,,
"","Antalgiques-Antipy-PARACIN 1 g/100 mL solution pour perfusion, flacon",,Antalgiques-Antipyré-,,,
PTM6456,,Paracétamol,rétiques-Antispas-,1015,1450,-
"",100 Ml,,tiques,,,
"",,,modiques,,,
"",,,Antalgiques-Antipy-Antalgiques-Antipyré-,,,
PTM3152,"PARACO-DENK 500mg/30 comprimé,boite 20",Paracétamol +codeine,-tiquesrétiques-Antispas-,1372,1960,
"",,,modiques,,,
"",,,Antalgiques-Antipy-Antalgiques-Antipyré-,,,
PTM3153,PARACO-DENK 1000mg/60 suppo boite 10,Paracétamol +codeine,-tiquesrétiques-Antispas-,3290,4700,
"",,,modiques,,,
"","Antalgiques-Antipy-PARACONICA 1000 mg solution pour perfusion IV,",,Antalgiques-Antipyré-,,,
PTM6457,-flacon de 100 ml,Paracétamol,rétiques-Antispas- tiques,"1235,5",1765,
"",,,modiques,,,
"",,,Antalgiques-Antipy-Antalgiques-Antipyré-,,,
PTM6458,"PARADOLE 125 mg/5 ml sirop, flacon de 100 ml",Paracétamol,-tiquesrétiques-Antispas-,"6030,5",8615,
"",,,modiques,,,
"",,,Antalgiques-Antipy-Antalgiques-Antipyré-,,,
PTM3157,"PARAFIZZ 500 comprimé effervscent, Pla/ de 4",Paracétamol,-tiquesrétiques-Antispas-,210,300,
"",,,modiques,,,
"",,Antalgiques-Antipy-Ibuprofène/ Paracéta-,Antalgiques-Antipyré-,,,
PTM3158,"PARAFLAM 400 mg/325 mg comprimé, boîte de 10",,rétiques-Antispas-,"409,5",585,-
"",,mol,tiques+AINS,,,
"",,,modiques,,,
"","Antalgiques-Antipy-PARAFUSIV 10 mg perfusion, pack de 1 flacon de 100",,Antalgiques-Antipyré-,,,
PTM6459,,Paracétamol,rétiques-Antispas-,"913,5",1305,-
"",ml,,tiques,,,
"",,,modiques,,,
CODES,DESIGNATION,COMPOSITION,"SOUS CLASSEPHARMACO- THERA-PEUTIQUE","CLASSE PHARMA-CO- THERAPEU-TIQUE","PRIX BASE DEREMBOURSEMENT (G) x 70%","PRIXPUBLIC","ACCORDPREALABLE"
PTM6460,"PARAFUSIV 10 mg perfusion, pack de 1 flacon de 50ml",Paracétamol,"Antalgiques-Antipyré-tiques","Antalgiques-Antipy-rétiques-Antispas-modiques","843,5",1205,-
PTM6461,"PARAGIN 300 mg/2 ml solution injectable, boîte de10 ampoules",Paracétamol,"Antalgiques-Antipyré-tiques","Antalgiques-Antipy-rétiques-Antispas-modiques",3640,5200,-
PTM6462,"PARAKAV 500 mg comprimé, boîte de 10",Paracétamol,"Antalgiques-Antipyré-tiques","Antalgiques-Antipy-rétiques-Antispas-modiques",525,750,-
PTM6463,"PARALGYL 1000 solution injectable, boîte de 1 flaconde 100 ml",Paracétamol,"Antalgiques-Antipyré-tiques","Antalgiques-Antipy-rétiques-Antispas-modiques",525,750,-
PTM6464,"PARALIB 12 LP 1000 mg comprimé, boîte de 8",Paracétamol,"Antalgiques-Antipyré-tiques","Antalgiques-Antipy-rétiques-Antispas-modiques","1067,5",1525,-
PTM6465,"PARAMAX comprimé, boîte de 30","Acéclofénac/ Paracé-tamol","Antalgiques-Antipyré-tiques+AINS","Antalgiques-Antipy-rétiques-Antispas-modiques",1554,2220,-
PTM6466,"PARAMED-500 comprimé, boîte de 20",Paracétamol,"Antalgiques-Antipyré-tiques","Antalgiques-Antipy-rétiques-Antispas-modiques",840,1200,-
PTM6467,"PARANTAL 3 % suspension buvable, flacon de 90 mL",Paracétamol,"Antalgiques-Antipyré-tiques","Antalgiques-Antipy-rétiques-Antispas-modiques","892,5",1275,-
PTM6468,"PARANTAL C 1000 comprimé effervescent, boîte de10","Paracétamol/ Acideascorbique","Antalgiques-Antipyré-tiques-+viamine C","Antalgiques-Antipy-rétiques-Antispas-modiques",833,1190,-
PTM6469,"PARA-P 120 mg/5ml solution buvable, flacon de 100ml",Paracétamol,"Antalgiques-Antipyré-tiques","Antalgiques-Antipy-rétiques-Antispas-modiques",525,750,-
CODES,DESIGNATION,COMPOSITION,"SOUS CLASSEPHARMACO- THERA-PEUTIQUE","CLASSE PHARMA-CO- THERAPEU-TIQUE","PRIX BASE DEREMBOURSEMENT (G) x 70%","PRIXPUBLIC","ACCORDPREALABLE"
PTM6470,"PARASPHAN comprimé effervescent, boîte de 10","Paracétamol/ Acideacétylsalicylique/ Café-ine anhydre","Antalgiques-Antipyré-tiques+AINS","Antalgiques-Antipy-rétiques-Antispas-modiques",770,1100,-
PTM6471,"PARATOPVID 120 mg/5 ml sirop, flacon de 100 ml",Paracétamol,"Antalgiques-Antipyré-tiques","Antalgiques-Antipy-rétiques-Antispas-modiques",525,750,-
PTM6472,"PARATRADOL comprimé, boite de 20",Paracétamol,"Antalgiques-Antipyré-tiques","Antalgiques-Antipy-rétiques-Antispas-modiques",1694,2420,-
PTM6473,"PARAVEN SP 1000 mg Perfusion, flacon de 100 ml",Paracétamol,"Antalgiques-Antipyré-tiques","Antalgiques-Antipy-rétiques-Antispas-modiques",1253,1790,-
PTM6474,"PARBU comprimé, boîte de 10","Paracetamol/ Ibupro-fene","Antalgiques-Antipyré-tiques+AINS","Antalgiques-Antipy-rétiques-Antispas-modiques",658,940,-
PTM6475,"PARBU sirop, flacon de 60 Ml","Paracetamol/ Ibupro-fene","Antalgiques-Antipyré-tiques+AINS","Antalgiques-Antipy-rétiques-Antispas-modiques",420,600,-
PTM6476,"PARIB sirop, flacon de 100 ml","Paracetamol/ Ibupro-fene","Antalgiques-Antipyré-tiques+AINS","Antalgiques-Antipy-rétiques-Antispas-modiques","941,5",1345,-
PTM6477,"PARIB C comprimé  , boîte de 10","Paracetamol/ Ibuprofe-ne/Cafeine","Antalgiques-Antipyré-tiques+AINS","Antalgiques-Antipy-rétiques-Antispas-modiques",658,940,-
PTM6478,"PAROFEN comprimés, boîte de 3x10","Paracétamol/ Ibupro-fène","Antalgiques-Antipyré-tiques+AINS","Antalgiques-Antipy-rétiques-Antispas-modiques","1277,5",1825,-
PTM6479,"PAROL 250 mg/5ml suspension buvable, flacon de100 ml",Paracétamol,"Antalgiques-Antipyré-tiques","Antalgiques-Antipy-rétiques-Antispas-modiques",1050,1500,-
PTM3177,"PAROL 500 mg comprimé, boîte de 10x3",Paracétamol,"Antalgiques-Antipyré-tiques","Antalgiques-Antipy-rétiques-Antispas-modiques",630,900,-
CODES,DESIGNATION,COMPOSITION,"SOUS CLASSEPHARMACO- THERA-PEUTIQUE","CLASSE PHARMA-CO- THERAPEU-TIQUE","PRIX BASE DEREMBOURSEMENT (G) x 70%","PRIXPUBLIC","ACCORDPREALABLE"
PTM6480,"PECTOGEN sirop, flacon de 120 ml","Salbutamol/Bromhexine/ Guaife-nesine",Antiasthmatique,Pneumologie,"1004,5",1435,-
PTM3190,PEDIFEN 100 mg/5 ml sirop flacon de 100 ml,Ibuprofène,"Anti-inflammatoiresnon steroidiens","Antalgiques-Antipy-rétiques-Antispas-modiques","1746,5",2495,-
PTM3191,"PEDIFEN 400 mg ,boite 30 comprimés",Ibuprofène,"Anti-inflammatoiresnon steroidiens","Antalgiques-Antipy-rétiques-Antispas-modiques","1599,5",2285,-
PTM6481,"PEFRINE Suspension buvable, Flacon de 15 ml","Chlorphéniramine ma-léate/ Phenyléphrine","Rhinites-Sinu-sites-Rhumes","Oto-Rino-Laryngo-logie",1631,2330,-
PTM6482,"PEITEL 0,25 mg crème, tube de 30g",Prednicarbate,Dermocorticoides,Dermatologie,3381,4830,-
PTM6483,"PELADOL FIZZI 1000 mg comprimé effervescent,boîte de 4",Paracétamol,"Antalgiques-Antipyré-tiques","Antalgiques-Antipy-rétiques-Antispas-modiques",210,300,-
PTM6484,"PELADOL EXTRA comprimé, boîte de 10","Paracétamol/ Diclofé-nac/ Caféine","Antalgiques-Antipyré-tiques+AINS","Antalgiques-Antipy-rétiques-Antispas-modiques",175,250,-
PTM3195,"PENTASA 1 g suppositoire, boîte de 15",Mésalazine,"Traitement Anti-in-flammatoires du colon",Ant-inflammatoires,25130,35900,AP
PTM3196,"PENTASA 1 g/100 ml suspension rectale, boîte de 5flacons",Mésalazine,"Traitement Anti-in-flammatoires du colon",Ant-inflammatoires,23170,33100,AP
PTM3197,"PENTASA 500 mg comprimé, boîte de 10",Mésalazine,"Traitement Anti-in-flammatoires du colon",Ant-inflammatoires,"28325,5",40465,AP
PTM3201,"PEPSANE capsule, boite de 30","Dimethicone/ Gaïazu-lène","Troubles fonctionnelsdigestifs et/ou biliaires","Gastro-entero-He-patologie",2695,3850,-
PTM3200,"PEPSANE gel buvable en sachet-dose, boite de 30","Dimethicone/ Gaïazu-lène","Troubles fonctionnelsdigestifs et/ou biliaires","Gastro-entero-He-patologie",2996,4280,-
CODES,DESIGNATION,COMPOSITION,"SOUS CLASSEPHARMACO- THERA-PEUTIQUE","CLASSE PHARMA-CO- THERAPEU-TIQUE","PRIX BASE DEREMBOURSEMENT (G) x 70%","PRIXPUBLIC","ACCORDPREALABLE"
PTM3203,"PERFALGAN 10 mg/ml solution pour perfusion,  1flacon de 100 ml",Paracétamol,"Antalgiques-Antipyré-tiques","Antalgiques-Antipy-rétiques-Antispas-modiques",1540,2200,-
PTM3204,"PERFALGAN 10 mg/ml solution pour perfusion,  1flacon de 50 ml",Paracétamol,"Antalgiques-Antipyré-tiques","Antalgiques-Antipy-rétiques-Antispas-modiques",1085,1550,-
PTM3209,"PERIDYS 1 mg/1 ml suspension buvable, flacon de200 ml",Dompéridone,Antiémetique,"Gastro-Entero-He-patologie","1508,5",2155,-
PTM3208,"PERIDYS 10 mg comprimé pelliculé, boîte de 20",Dompéridone,Antiémetique,"Gastro-Entero-He-patologie","1991,5",2845,-
PTM6486,"PERISPASM 80 mg comprimé orodispersible, boîtede 10",Phloroglucinol,Antispasmodiques,"Antalgiques-Antipy-rétiques-Antispas-modiques","1095,5",1565,-
PTM6487,"PERISPASM 80 mg comprimé orodispersible, boîtede 30",Phloroglucinol,Antispasmodiques,"Antalgiques-Antipy-rétiques-Antispas-modiques","2376,5",3395,-
PTM3213,"PERMIXON 160 mg, gélules boîte de 60","Extrait lipido stéroliquede Serenoa repens","Hypertrophie de laprostate","Urologie-Nephro-logie","16565,5",23665,-
PTM6488,"PERINAM DENK 4 mg /10 mg comprimé, boîte de 30",Perindopril/Amlodipine,Antihypertenseurs,"Cardiologie-angeio-logie","6884,5",9835,-
PTM6489,"PERINAM DENK 4 mg /5 mg comprimé, boîte de 30",Perindopril/Amlodipine,Antihypertenseurs,"Cardiologie-angeio-logie","5967,5",8525,-
PTM6490,"PERINAM DENK 8 mg /10 mg comprimé, boîte de 30",Perindopril/Amlodipine,Antihypertenseurs,"Cardiologie-angeio-logie","7801,5",11145,-
PTM6491,"PERINAM DENK 8 mg /5 mg comprimé, boîte de 30",Perindopril/Amlodipine,Antihypertenseurs,"Cardiologie-angeio-logie","6884,5",9835,-
PTM3220,"PEVAGINE 1% crème, tube de 1 g",Nitrate d’éconazole,Antifongique,Dermatologie,1827,2610,-
PTM3221,"PEVAGINE 150 mg ovule, boîte de 3",Nitrate d’éconazole,Antifongique,Gynécologie,2212,3160,-
PTM3225,"PEVARYL 1% solution pour application locale,poudre, flacon de 30 g",Nitrate d’éconazole,Antifongique,Dermatologie,3864,5520,-
CODES,DESIGNATION,COMPOSITION,"SOUS CLASSEPHARMACO- THERA-PEUTIQUE","CLASSE PHARMA-CO- THERAPEU-TIQUE","PRIX BASE DEREMBOURSEMENT (G) x 70%","PRIXPUBLIC","ACCORDPREALABLE"
PTM6492,"PHALEX-125 suspension orale, flacon de 60 ml",Céfixime,"Antibacterien (Cepha-losporines)","Infectiologie-parasi-tologie","1235,5",1765,-
PTM3227,"PHARMAGRIP gélule, boîte de 14","Paracétamol/ Chlo-rhydrate de phénylé-phrine/ Maléate dechlorphénamine","Rhinites-Sinu-sites-Rhumes","Oto-Rino-Laryngo-logie","1389,5",1985,-
PTM3228,"PHARMAGRIP poudre pour suspension buvable,boîte de 10 sachets","Paracétamol/ Chlo-rhydrate de phénylé-phrine/ Maléate dechlorphénamine","Rhinites-Sinu-sites-Rhumes","Oto-Rino-Laryngo-logie",2093,2 990,-
PTM3231,"PHARMALGAN® 10mg/ml, solution pour perfusion,flacon de 50 ml",Paracetamol,"Rhinites-Sinu-sites-Rhumes","Antalgiques-Antipy-rétiques-Antispas-modiques","878,5",1 255,-
PTM6493,"PHARTRIM® 200 mg/40 mg suspension buvable,flacon de 100 ml","Sulfaméthoxazole/Triméthoprime","Antibacterien (Sulfa-mides)","Infectiologie-parasi-tologie","1095,5",1565,-
PTM3233,"PHENERGAN 0,1% sirop, flacon de 150 ml","Chlorhydrate de Promé-thazine",Antihistaminique H1,Allergologie,"976,5",1395,-
PTM3234,"PHENERGAN 2% crème, tube de 30g","Chlorhydrate de Promé-thazine",Antihistaminique H1,Dermatologie,1372,1960,-
PTM3235,"PHENERGAN 2,5% solution injectable, boîte de 5ampoules de 2 ml","Chlorhydrate de Promé-thazine",Antihistaminique H1,Allergologie,"1900,5",2715,-
PTM3236,"PHENERGAN 25 mg comprimé enrobé, boîte de 20","Chlorhydrate de Promé-thazine",Antihistaminique H1,Allergologie,"556,5",795,-
PTM6495,"PHENYLEPHRINE AGUETTANT 50 mcg/mL solutioninjectable, boîte de 10 ampoules de 10 mL","Phényléphrine50 mcg",Vasoconstrictrices,"Cardiologie-angeio-logie",5481,7830,-
PTM6496,"PHLORO-G TM 80 mg comprimé orodispersible, boîtede 10",Phloroglucinol,Antispasmodiques,"Antalgiques-Antipy-rétiques-Antispas-modiques",1491,2130,-
PTM6497,"PHLOROGLUCINOL SP®40 solution injectable, boîtede 6 ampoules de 4 mL","Phloroglucinol hydratéBP/Triméthylphloroglucinol",Antispasmodiques,"Antalgiques-Antipy-rétiques-Antispas-modiques","1739,5",2485,-
CODES,DESIGNATION,COMPOSITION,"SOUS CLASSEPHARMACO- THERA-PEUTIQUE","CLASSE PHARMA-CO- THERAPEU-TIQUE","PRIX BASE DEREMBOURSEMENT (G) x 70%","PRIXPUBLIC","ACCORDPREALABLE"
PTM3268,PHYSIODOSE Gouttes 15 unidoses de 5 ml,Serum physiologique,"Rinçage auriculaire etoculaire","Oto-Rino-Laryngo-logie/Ophalmo",840,1200,-
PTM3269,PHYSIODOSE Gouttes 30 unidoses de 5 ml,Serum physiologique,"Rinçage auriculaire etoculaire","Oto-Rino-Laryngo-logie/Ophalmo",1736,2480,-
PTM6498,"PHYSIOFLOR gélule vaginale, boîte de 7","Vaginale  Lactobacilluscrispatus",Flore vaginale,Gynécologie,8449,12070,-
PTM6499,"PHYSIOMER spray hypertonique décongestionnant,flacon de 135 ml",Sels minéraux,Minéraux,"Metabolisme- nutri-tion-diabete",6125,8750,-
PTM3271,"PHYSIOTENS 0,2 mg comprimé pelliculé, boîte de 30",Moxonidine,Antihypertenseur,"Cardiologie-angeio-logie",6132,8760,-
PTM3272,"PHYSIOTENS 0,4 mg comprimé pelliculé, boîte de 30",Moxonidine,Antihypertenseur,"Cardiologie-angeio-logie","11056,5",15795,-
PTM3275,"PHYTOMENADIONE 10 mg/ mL   solution injectable,boîte de 6 ampoules",Phytomenadione,Vitamine K1,"Metabolisme- nutri-tion-diabete",1827,2610,-
PTM6500,"PHYTORAL® 2% pommade, tube de 15 g",Kétoconazole,Antifongique,Dermatologie,1589,2270,-
PTM6501,"PICAMAR ® 60  MR comprimés sécables à libérationmodifiée, boîte de 30","Gliclazide60 mg",Antidiabetiques oraux,"Metabolisme- nutri-tion-diabete","2789,5",3985,-
PTM6502,"PIDEX 40 mg /320 mg comprimé  , boîte de 9","Dihydroartémisinine 40mg / Pipéraquine 320mg",Antipaludique,"Infectiologie-parasi-tologie",2100,3000,-
PTM6503,"PIDEX 20 mg /160 mg comprimé  , boîte de 6","Dihydroartémisinine 40mg / Pipéraquine 320mg",Antipaludique,"Infectiologie-parasi-tologie",1372,1960,-
PTM6504,PILOCARPINE 1% Collyre,Pilocarpine,Antiglaucomateux,Ophtalmologie,2450,3500,-
PTM6505,PILOCARPINE 2% Collyre,Pilocarpine,Antiglaucomateux,Ophtalmologie,2450,3500,-
PTM6506,"PIMLO 5 mg comprimé, boîte de 14",Amlodipine,Antihypertenseur,"Cardiologie-angeio-logie",1470,2100,-
CODES,DESIGNATION,COMPOSITION,"SOUS CLASSEPHARMACO- THERA-PEUTIQUE","CLASSE PHARMA-CO- THERAPEU-TIQUE","PRIX BASE DEREMBOURSEMENT (G) x 70%","PRIXPUBLIC","ACCORDPREALABLE"
PTM6508,"PIPRAM FORT comprimé enrobé, boîte de 10",Acide pipémidique,"Antibacterien (Quino-lones)","Infectiologie-parasi-tologie","3251,5",4645,-
PTM6509,"PIPRATAZ 4, 5 g poudre pour solution injectable,boîte de 1 flacon de 30 ml","Pipéracilline (sousforme de sel desodium)/ Tazobactam(sous forme de sel desodium)","Antibacterien (Penicil-lines)","Infectiologie-parasi-tologie","3664,5",5235,-
PTM6510,"PIRITEXYL BR sirop, flacon de 100 ml","Terbutaline/  Ambroxol/Guaifenesine",Antitussif,Pneumologie,"1130,5",1615,-
PTM6511,"PIROCAM SOTHEMA 20 mg/ml solution injectableIM, boîte de 2 ampoules de 1 ml",Piroxicam,"Anti-inflammatoirestéroïdien",Anti-inflammatoires,"1095,5",1565,-
PTM6512,"PIROXEN 20 mg comprimé dispersible, boîte de 12",Piroxicam,"Anti-inflammatoirestéroïdien",Anti-inflammatoires,2100,3000,-
PTM6513,"PIROXEN 20 mg injectable, boîte de 2",Piroxicam,"Anti-inflammatoirestéroïdien",Anti-inflammatoires,"1004,5",1435,-
PTM6514,"PIROXICAM SOTHEMA 20 mg  suppositoires, boîtede 10",Piroxicam,"Anti-inflammatoirestéroïdien",Anti-inflammatoires,"1746,5",2495,-
PTM6515,"PITALO 1 mg comprimé, boîte de 30",Pitavastatine,Antihyperlipidemique,"Cardiologie-angeio-logie","4532,5",6475,-
PTM6516,"PITALO 2 mg comprimé, boîte de 30",Pitavastatine,Antihyperlipidemique,"Cardiologie-angeio-logie",5740,8200,-
PTM6517,"PITALO 4 mg comprimé, boîte de 30",Pitavastatine,Antihyperlipidemique,"Cardiologie-angeio-logie",8050,11500,-
PTM3288,"PIVALONE 1% suspension nasale, flacon de 10 ml",Tixocorbol pivalate,Rhinites-Sinusites,"Oto-Rino-Laryngo-logie",1974,2820,-
PTM6518,"PIZA 40 mg comprimé, boîte de 30",Pantoprazole,"Inhibiteur de la secre-tion acide","Gastro-entero-He-patologie",5572,7960,-
PTM6519,"PIZA DSR 40 mg/30 mg comprimé, boîte de 30","Pantoprazole+Dompé-ridone","Inhibiteur de la secre-tion acide","Gastro-entero-He-patologie","9082,5",12975,-
CODES,DESIGNATION,COMPOSITION,"SOUS CLASSEPHARMACO- THERA-PEUTIQUE","CLASSE PHARMA-CO- THERAPEU-TIQUE","PRIX BASE DEREMBOURSEMENT (G) x 70%","PRIXPUBLIC","ACCORDPREALABLE"
PTM6521,"PLANADIX LIQUIZ 300 mg suspension buvable, boitede 15 sachets",Paracétamol,Antalgiques,"Antalgiques-Antipy-rétiques-Antispas-modiques",1246,1780,-
PTM6522,"PLASMION solution injectable, poche de 500 ml","Gélatine fluide modi-fiée (Quantité expriméeen gélatine anhydre)/Chlorure de sodium/Chlorure de magnésiumhexahydraté/ Chlorurede potassium/ Solutionde lactate de sodium(Quantité exprimée enlactate de sodium)","Traitement d’urgencesdes états de choc",Réanimation,"5575,5",7965,-
PTM6523,"PLASMOCUR 40/320 comprimé pelliculé, boîte de 12","Dihydroartémisinine/Pipéraquine",Antipaludique,"Infectiologie-parasi-tologie",2331,3330,-
PTM6524,"PLASMOCUR 40/320 comprimé pelliculé, boîte de 6","Dihydroartémisinine/Pipéraquine",Antipaludique,"Infectiologie-parasi-tologie",1827,2610,-
PTM6525,"PLASMOCUR 40/320 comprimé pelliculé, boîte de 9","Dihydroartémisinine/Pipéraquine",Antipaludique,"Infectiologie-parasi-tologie",1827,2610,-
PTM6526,"PLASMOCUR 20 mg/160 mg comprimé dispersible,boîte de 6","Dihydroartémisinine/Pipéraquine",Antipaludique,"Infectiologie-parasi-tologie",1827,2610,-
PTM6527,"PLASMOCUR 80 mg/640 mg comprimé pelliculé,boîte de 6","Dihydroartémisinine/Pipéraquine",Antipaludique,"Infectiologie-parasi-tologie",1827,2610,-
PTM6528,"PLASMOCUR 80 mg/640 mg comprimé pelliculé,boîte de 8","Dihydroartémisinine/Pipéraquine",Antipaludique,"Infectiologie-parasi-tologie",1827,2610,-
PTM6529,"PLASMOCUR 135/1080 suspension buvable, flaconde 90 ml","Dihydroartémisinine/Pipéraquine",Antipaludique,"Infectiologie-parasi-tologie",1827,2610,-
PTM6530,"PLASMOCUR 90/720 suspension buvable, flacon de90 ml","Dihydroartémisinine/Pipéraquine",Antipaludique,"Infectiologie-parasi-tologie",1463,2090,-
PTM6531,"PLENCOXIB 200 mg comprimé, boîte de 20",Célécoxib,"Anti-inflammatoiresnon steroidiens",Anti-inflammatoires,3472,4960,-
PTM3305,PNEUMOXOL 15MG/5ML SOL BUV F/100ML,Ambroxol,Expectorant,Pneumologie,1463,2090,-
CODES,DESIGNATION,COMPOSITION,"SOUS CLASSEPHARMACO- THERA-PEUTIQUE","CLASSE PHARMA-CO- THERAPEU-TIQUE","PRIX BASE DEREMBOURSEMENT (G) x 70%","PRIXPUBLIC","ACCORDPREALABLE"
PTM3312,"POLIFER suspension, flacon de 240 ml","Citrate d’AmmoniumFerrique/ Acide Fo-lique/ Hydrochlorure dePyridoxine/ Hydrochlo-rure de Thiamine/Nicotinamide","Stimulant del’hématopoïèse (An-tianémique)","Hémostase - Héma-topoïèse - Hémoglo-binopathies","1809,5",2 585,-
PTM3317,"POLYDEXA solution auriculaire en gouttes, flacon de10 ml","Sulfate de néomycine/Sulfate de polymyxineB/ Métasulfobenzoatesodique de dexamétha-sone",Anti-infectieux,Ophtalmologie,"1298,5",1 855,-
PTM6532,"POLYDONE 10%, flacon de 200 ml",Polyvidone iodée,Antiseptique,"Infectiologie-parasi-tologie",1750,2500,-
PTM6533,"POLYFRESH collyre, flacon de 10 ml",Hyaluronate de sodium,Antiseptique,Ophtalmologie,2786,3980,-
PTM6534,"POLYGEL suspension buvable, flacon de 200 ml","Siméthicone USP (Di-methicone activé)","Troubles fonctionnelsdigestifs et/ou biliaires","Gastro-entero-He-patologie",840,1200,-
PTM3321,POLYGYNAX Caps vag B/6,"Sulfate de néomycine/Sulfate de polymyxineB/ Nystatine",Anti-infectieux,Gynécologie,"1809,5",2585,-
PTM3320,"POLYGYNAX capsule vaginale, boîte de 12","Sulfate de néomycine/Sulfate de polymyxineB/ Nystatine",Anti-infectieux,Gynécologie,"2943,5",4205,-
PTM3322,POLYGYNAX VIRGO Caps gyn B/6,"Néomycine/ PolymyxineB/ Nystatine",Anti-infectieux,Gynécologie,1890,2700,-
PTM6535,"POLYMIC comprimé pelliculé, boîte de 10",Ofloxacine/Ornidazole,"Antibacterien+Anti-fongique","Infectiologie-parasi-tologie","1746,5",2495,-
PTM3324,"POLYSILANE UPSA gel oral en sachet-dose, boîte de12",Diméticone/Saccharose,Pansement gastrique,"Gastro-entero-He-patologie","3272,5",4675,-
PTM3333,"PONSTYL 250 mg gélule, boîte de 20",Acide méfénamique,"Ant-inflammatoiresnon steroidiens",Anti-inflammatoires,2765,3950,-
CODES,DESIGNATION,COMPOSITION,"SOUS CLASSEPHARMACO- THERA-PEUTIQUE","CLASSE PHARMA-CO- THERAPEU-TIQUE","PRIX BASE DEREMBOURSEMENT (G) x 70%","PRIXPUBLIC","ACCORDPREALABLE"
PTM3336,"POSITON crème, tube de 30 g","Triancinolone acéto-nide/ Néomycinesulfate/ Nystatine",Anti-infectieux,Dermatologie,2009,2870,-
PTM3337,"POSITON pommade, tube de 30 g","Triancinolone acéto-nide/ Néomycinesulfate/ Nystatine",Anti-infectieux,Dermatologie,2009,2870,-
PTM6536,POULMOXIL sirop flacon 150 ml,"oxoménmasine+guai-fenesine+benzoate desoduim+Paracetamol",Antitussif,Pneumologie,1750,2500,-
PTM6537,"POWERDOL FIZZ 500 mg comprimé effervescent,boîte d’un tube de 10",Paracétamol,"Antalgiques-Antypré-tiques","Antalgiques-Antipy-rétiques-Antispas-modiques","367,5",525,-
PTM6538,"POWERGESIC MR comprimé, boîte de 10","Paracétamol/Chlorzoxazone/Diclo-fenac","Antalgiques-Antypré-tiques","Antalgiques-Antipy-rétiques-Antispas-modiques",630,900,-
PTM6539,"PRAVIA® 500 mg comprimé à Libération Contrôlée,boîte de 30",Valproate de sodium,Antiépileptique,Neurologie,7784,11120,-
PTM3353,"PRAZOL 20 mg géllule, boite de 28",Oméprazole,"Inhibiteur de la secre-tion d’acide","Gastro-entero-He-patologie","4112,5",5875,-
PTM3352,"PRAZOL 20 mg géllule, boite de 14",Oméprazole,"Inhibiteur de la secre-tion d’acide","Gastro-entero-He-patologie","2677,5",3825,-
PTM6540,"PRAZOR 15 mg gélule, boîte de 16",Lanzoprazole,"Inhibiteur de la secre-tion d’acide","Gastro-entero-He-patologie","4203,5",6005,-
PTM6541,"PREBIEN 40 mg injectable, boîte de 1 flacon",Méthylprednisolone,"Ant-inflammatoiressteroidiens",Anti-inflammatoires,"1270,5",1815,-
PTM6542,"PREDNI 20 COOPER comprimé effervescent sécable,boîte de 20",Prednisolone,"Ant-inflammatoiressteroidiens",Anti-inflammatoires,"2082,5",2975,-
PTM6543,"PREDNISOLONE BIOGARAN 20mg  compriméeffervescent , boîte de 20",Prednisolone,"Ant-inflammatoiressteroidiens",Anti-inflammatoires,2744,3920,-
PTM6544,"PREGABANEURINE® 75 mg gélule, boîte de 30",Prégabaline,Antiépileptique,Neurologie,6965,9950,-
CODES,DESIGNATION,COMPOSITION,"SOUS CLASSEPHARMACO- THERA-PEUTIQUE","CLASSE PHARMA-CO- THERAPEU-TIQUE","PRIX BASE DEREMBOURSEMENT (G) x 70%","PRIXPUBLIC","ACCORDPREALABLE"
PTM6546,"PREGASAFE 75 mg gélule, boîte de 30",Prégabaline,Antiépileptique,Neurologie,"7129,5",10185,-
PTM6547,"PREMAG (Magnesium B6) comprimé effervescent,boîte de 20","Vitamine B6/ Magné-sium",Vitamines+Mineraux,"Metabolisme- nutri-tion-diabete","1746,5",2495,-
PTM3359,PREVISCAN 20 mg comprimé boite de 30,Fluindione,Antivitamine K,"Cardiologie-angeio-logie",2940,4200,-
PTM3362,"PRIMALAN 5 mg comprimé sécable, boîte de 14",Méquitazine,Antihistaminique,Allergologie,"2019,5",2885,-
PTM3364,"PRIMALAN 10 mg comprimé sécable, boîte de 14",Méquitazine,Antihistaminique,Allergologie,3227,4610,-
PTM3363,"PRIMALAN sirop, flacon de 60 ml",Méquitazine,Antihistaminique,Allergologie,1260,1800,-
PTM6550,"PRIMIGYN 0,5 mg gel pour application endocervical,boîte de 1 séringue de 3 g",Dinoprostone,Uterotinique,Gynécologie,5068,7240,-
PTM6551,"PRITAM 3g injectable, Boite de 5",Piracétam,Antivertigineux,Neurologie,7315,10450,-
PTM6552,"PRITAM solution orale (1000 mg/5 ml), flacon de100 ml",Piracétam,Antivertigineux,Neurologie,3136,4480,-
PTM6553,"PRITAM 800 MG Comprimé, comprimé",Piracétam,Antivertigineux,Neurologie,11144,15920,-
PTM6554,"PRIVITUSS suspension, flacon de 200 ml","L-Clopérastine fendi-zoate soit L-Clopéras-tine chlorhydrate","Médicament pour lereflux Gastrique","Gastro-entero-He-patologie","836,5",1195,-
PTM3374,"PROBITOR 20 mg gélule gastro-résistante, boîte de14","Soit L-Clopérastinechlorhydrate","Médicament pour lereflux Gastrique","Gastro-entero-He-patologie","2285,5",3265,-
PTM6555,"PROCEPTINE® 20 mg capsule, boîte de 3 blisters de10",Oméprazole,"Inhibiteur de la sécré-tion acidegastrique","Gastro-entero-He-patologie",1827,2610,-
PTM3375,"PROCTOLOG 120 mg/10 mg suppositoire, boîte de10","Trimebutine/ Ruscogé-nines","Médicament de laproctologie","Gastro-entero-He-patologie",1736,2480,-
PTM6134,"PROFEMIGR 150 mg comprimé sécable, boîte de 10",Kétoprofène,"Anti-inflammatoirenon stéroïdien",Anti-inflammatoires,2345,3350,-
CODES,DESIGNATION,COMPOSITION,"SOUS CLASSEPHARMACO- THERA-PEUTIQUE","CLASSE PHARMA-CO- THERAPEU-TIQUE","PRIX BASE DEREMBOURSEMENT (G) x 70%","PRIXPUBLIC","ACCORDPREALABLE"
PTM3388,"PROFENID 50 mg gélule, boîte de 24",Kétoprofène,"Anti-inflammatoirenon stéroïdien",Anti-inflammatoires,1435,2050,-
PTM3387,"PROFENID 100 mg pdre pr sol inj, boite de 1 flacon",Kétoprofène,"Anti-inflammatoirenon stéroïdien",Anti-inflammatoires,"647,5",925,-
PTM3385,"PROFENID 100 mg solution injectable IM/IV, boîtede 2 ampoules de 2 ml",Kétoprofène,"Anti-inflammatoirenon stéroïdien",Anti-inflammatoires,1316,1880,-
PTM3384,"PROFENID 2,5% gel, tube de 60 g",Kétoprofène,"Anti-inflammatoirenon stéroïdien",Anti-inflammatoires,2310,3300,-
PTM3389,"PROFENID LP 200 mg comprimé à LiberationProlongée, boîte de 14",Kétoprofène 200 mg,"Anti-inflammatoirenon stéroïdien",Anti-inflammatoires,6475,9250,-
PTM3382,"PROFENID 100 mg suppositoire, boîte de 12",Kétoprofène,"Anti-inflammatoirenon stéroïdien",Anti-inflammatoires,"1746,5",2495,-
PTM3391,"PROFENOL 325 mg/400 mg comprimé, boîte de 20",Ibuprofène,"Anti-inflammatoirenon stéroïdien",Anti-inflammatoires,1141,1630,-
PTM6556,"PROFER® 800 mg solution buvable, boîte de 10ampoules de 15 ml","Aspartilate Acétyleprotéine de Fer","Stimulant del’hématopoïèse (An-tianémique)","Hémostase - Héma-topoïèse - Hémoglo-binopathies",3080,4400,-
PTM6557,PROFIZ FORTE comprimé B/10,"Ciprofloxacine+Tini-dazole",Anti-infectieux,"Infectiologie-parasi-tologie",1736,2480,-
PTM6558,"PROGEN-100 comprimé orale ou vaginale, boîte de20",Progesterone,Progestatifs,Gynécologie,3654,5220,-
PTM6559,"PROGESIC® 375 comprimé, boîte de 30","Naproxène/ Esomé-prazole","Ulcere Gastro Duo-denal","Gastro-entero-He-patologie",6825,9750,-
PTM6560,"PROGESIC® 500 comprimé, boîte 28","Naproxène/ Esomé-prazole","Ulcere Gastro Duo-denal","Gastro-entero-He-patologie",11620,16600,-
PTM6561,"PROGEST® 100 mg capsule molle, boîte de 30",Progestérone,Progestatifs,Gynécologie,"3363,5",4805,-
PTM6562,"PROGEST® 200 mg capsule molle, boîte de 15",Progestérone,Progestatifs,Gynécologie,"3517,5",5025,-
PTM3396,"PROGESTOGEL 1% gel pour application locale, tubede 80g",Progestérone,Progestatifs,Gynécologie,1701,2430,-
CODES,DESIGNATION,COMPOSITION,"SOUS CLASSEPHARMACO- THERA-PEUTIQUE","CLASSE PHARMA-CO- THERAPEU-TIQUE","PRIX BASE DEREMBOURSEMENT (G) x 70%","PRIXPUBLIC","ACCORDPREALABLE"
PTM6564,"PROKEFEN 100 mg lyophilisat pour preparationinjectable, boîte de 1 flacon+solvant de 5 ml",Kétoprofene,"Anti-inflammatoirenonstéroïdien",Anti-inflammatoires,"584,5",835,-
PTM6565,"PROKEFEN 100 mg suppositoire, boîte de 10",Kétoprofene,"Anti-inflammatoirenonstéroïdien",Anti-inflammatoires,"1116,5",1595,-
PTM6566,PROMACAP 100 mg boite /30,Chlorpromazine,Antipsychotique,Psychiatrie,2870,4100,-
PTM6567,PROMACAP 25 mg/5 ml inj bte/1,Chlorpromazine,Antipsychotique,Psychiatrie,840,1200,-
PTM6568,PROMACAP sirop 25mg/5ml flacon de 125 ml,Chlorpromazine,Antipsychotique,Psychiatrie,2730,3900,-
PTM6569,"PROMETOKAV 5 mg/ 5 ml sirop, flacon de 100 ml",Promethazine,Antihistaminique,Allergologie,490,700,-
PTM6570,"PROMITOPVID 5 mg/5 ml sirop, flacon de 100 ml","Chlorhydrate de Promé-thazine",Antihistaminique,Allergologie,490,700,-
PTM6571,"PROMOZID 1 g poudre pour solution injectable,boîte de 1 flacon",Ceftazidime,"Antibacterien (Cepha-losporines)","Infectiologie-parasi-tologie",4893,6990,-
PTM6572,"PROMOZID 500 mg poudre pour solution injectable,boîte de 1 flacon",Ceftazidime,"Antibacterien (Cepha-losporines)","Infectiologie-parasi-tologie",3360,4800,-
PTM3401,"PROPOFAN nouvelle formule, gélule, boîte de 15","Paracétamol / Caféine/Phosphate de codéinehémihydrate",Antalgique,"Antalgiques-Antipy-rétiques-Antispas-modiques",1918,2740,-
PTM6573,"PROPRANOLOL BIOGARAN® 40 mg comprimésécable, boîte de 50",Propranolol,Betabloquant,"Cardiologie-angeio-logie","1319,5",1885,-
PTM6574,"PROSTALEN® comprimé à Libération Prolongé, boîtede 30",Alfuzosine,"Médicament de laprostate",Urologie,5481,7830,-
PTM6575,"PROSTA DT 0,4mg/0,5mg comprimé, Boite de 30","Tamsulosine+Dutaste-ride","Médicament de laprostate",Urologie,7000,10000,-
PTM6576,"PROTEXIUM® 20 comprimé gastro-résistant, boîtede 30","Esoméprazole20 mg","Ulcere Gastro Duo-denal","Gastro-entero-He-patologie","3202,5",4575,-
PTM6577,"PROTEXIUM® 40 comprimé gastro-résistant, boîtede 30","Esoméprazole40 mg","Ulcere Gastro Duo-denal","Gastro-entero-He-patologie",4109,5870,-
CODES,DESIGNATION,COMPOSITION,"SOUS CLASSEPHARMACO- THERA-PEUTIQUE","CLASSE PHARMA-CO- THERAPEU-TIQUE","PRIX BASE DEREMBOURSEMENT (G) x 70%","PRIXPUBLIC","ACCORDPREALABLE"
PTM6578,"PROTON 20 mg gélule gastro-résistante, boîte de 14",Oméprazole,"Inhibiteur de laPompe à Protons","Gastro-entero-He-patologie",2786,3980,-
PTM6579,"PROTON 20 mg gélule gastro-résistante, boîte de 28",Oméprazole,"Inhibiteur de laPompe à Protons","Gastro-entero-He-patologie",3472,4960,-
PTM6580,PROZINE 5 mg/5 mL sirop flacon de 100 Ml,Promethazine,Antihistaminique,Allergologie,490,700,-
PTM3413,"PRUREX 10% crème dermique, tube de 40 g",Crotamiton,Antiprurigineux,Dermatologie,1043,1490,-
PTM6581,"PUDOX 40 mg/5 ml poudre pour suspensionbuvable, flacon de 60 ml",Cefpodoxime,"Antibacterien (Cepha-losporines)","Infectiologie-parasi-tologie",3325,4750,-
PTM6582,"PUDOX-100 comprimé, boîte de 10",Cefpodoxime,"Antibacterien (Cepha-losporines)","Infectiologie-parasi-tologie","2740,5",3915,-
PTM6583,"PUDOX-200 comprimé, boîte de 10",Cefpodoxime,"Antibacterien (Cepha-losporines)","Infectiologie-parasi-tologie",3654,5220,-
PTM6584,"PULMOFLUIDE SIMPLE solution buvable en flacon de150 ml","Guaifénasine/ Benzoatede Sodium/ Terpine/Cineole (Eucalyptol)/Extrait fluide d’Ipeca/Codéine base",Antitussif,Pneumologie,833,1190,-
PTM6585,"PURIFEN® 400 comprimé, boîte de 20","Dexibuprofène (S-ibu-profène)","Anti-inflammatoiresnon steroidiens",Anti-inflammatoires,1449,2070,-
PTM6586,"PURIFEN® suspension buvable, flacon de 100 ml","Dexibuprofène (S-ibu-profène)","Anti-inflammatoiresnon steroidiens",Anti-inflammatoires,1449,2070,-
PTM6587,"PYODINE 0,5% gel dermique, tube de 20 g",Povidone iodée,"Antiseptique et anti-fongique",Dermatologie,"731,5",1045,-
PTM6588,"PYODINE 10% solution dermique, flacon de 450 ml",Povidone iodée,"Antiseptique et anti-fongique",Dermatologie,"2740,5",3915,-
PTM6589,"PYODINE 10% solution dermique, flacon de 60 ml",Povidone iodée,"Antiseptique et anti-fongique",Dermatologie,"731,5",1045,-
PTM6590,"PYODINE SCRUB 7,5% solution, flacon de 450 ml",Povidone iodée,"Antiseptique et anti-fongique",Dermatologie,"2740,5",3915,-
CODES,DESIGNATION,COMPOSITION,"SOUS CLASSEPHARMACO- THERA-PEUTIQUE","CLASSE PHARMA-CO- THERAPEU-TIQUE","PRIX BASE DEREMBOURSEMENT (G) x 70%","PRIXPUBLIC","ACCORDPREALABLE"
PTM3424,"PYOSTACINE 500 mg comprimé pelliculé sécable,boîte de 16",Pristinamycine 500 mg,Antibacterien,"Infectiologie-parasi-tologie","12400,5",17715,-
PTM6592,"PYRALVEX solution buccale et gingivale, flacon de 10ml","Rhubarbe/ Acide Sali-cylique","Antalgiques-Antypré-tiques","Antalgiques-Antipy-rétiques-Antispas-modiques",5915,8450,-
PTM6593,"PYRAMAX 60 mg/180 mg comprimé, boîte de 90","Artésunate/ Pyronari-dine",Antipaludique,"Infectiologie-parasi-tologie",3206,4580,-
PTM6594,"PYRAMAX 60 mg/20 mg granulés en sachets poursuspension orale, boîte de 90","Artésunate/ Pyronari-dine",Antipaludique,"Infectiologie-parasi-tologie",630,900,-
PTM6595,"PYROSIX solution buvable, flacon de 250 ml","Alginate/Bicarbonatede sodium",Antipaludique,"Infectiologie-parasi-tologie",1736,2480,-
PTM6596,"QUINAI 300 mg comprimé pelliculé,  boîte de 10",Quinine,Antipaludique,"Infectiologie-parasi-tologie",525,750,-
PTM6597,"QUNIKAV 300 mg comprimés pelliculés, boîte de 10",Quinine,Antipaludique,"Infectiologie-parasi-tologie",525,750,-
PTM3425,"QUINIMAX 125 mg comprimé pelliculé sécable,boîte de 18","Quinine/ Quinidine/Cinchonine/ Cinchoni-dine",Antipaludique,"Infectiologie-parasi-tologie",2569,3670,-
PTM3428,"QUINIMAX 250 mg/2 ml solution injectable, 1ampoule","Quinine/ Quinidine/Cinchonine/ Cinchoni-dine",Antipaludique,"Infectiologie-parasi-tologie",364,520,-
PTM6598,"QUINIMAX 250 mg/2 ml solution injectable, boîtede 3 ampoules","Quinine/ Quinidine/Cinchonine/ Cinchoni-dine",Antipaludique,"Infectiologie-parasi-tologie",1092,1560,-
PTM3426,"QUINIMAX 500 mg comprimé, boite de 9","Quinine/ Quinidine/Cinchonine/ Cinchoni-dine",Antipaludique,"Infectiologie-parasi-tologie","4028,5",5755,-
PTM3429,"QUINIMAX 500 mg/4 ml solution injectable, 1ampoule","Quinine/ Quinidine/Cinchonine/ Cinchoni-dine",Antipaludique,"Infectiologie-parasi-tologie","640,5",915,-
PTM6599,"QUINIMAX 500 mg/4 ml solution injectable, boîtede 3 ampoules","Quinine/ Quinidine/Cinchonine/ Cinchoni-dine",Antipaludique,"Infectiologie-parasi-tologie","1921,5",2745,-
CODES,DESIGNATION,COMPOSITION,"SOUS CLASSEPHARMACO- THERA-PEUTIQUE","CLASSE PHARMA-CO- THERAPEU-TIQUE","PRIX BASE DEREMBOURSEMENT (G) x 70%","PRIXPUBLIC","ACCORDPREALABLE"
PTM6601,"QUINIRON injectable, boîte de 10 ampoules de 2 ml",Quinine,Antipaludique,"Infectiologie-parasi-tologie",2205,3150,-
PTM6602,"QUINIX 300 mg comprimé, boîte de 10",Sulfate de Quinine,Antipaludique,"Infectiologie-parasi-tologie",651,930,-
PTM6603,"QUINOLOX 200 mg comprimé pelliculé, boîte de 20",Ofloxacine,"Antibacterin (Quino-lones)","Infectiologie-parasi-tologie",6398,9140,-
PTM3434,"QUINOLOX 200 mg comprimé pelliculé, boîte de10",Ofloxacine,"Antibacterin (Quino-lones)","Infectiologie-parasi-tologie",3199,4570,-
PTM6604,"QUINTANA 10 comprimé, boîte de 2X7",Méquitazine,Antihistaminique,Allergologie,"2649,5",3785,-
PTM6605,"QUINTANA 5 comprimé, boîte de 2X7",Méquitazine,Antihistaminique,Allergologie,1645,2350,-
PTM6606,"QULANTA 400 mg/20 comprimé, boite de 40","Magaldrate/Simé-thicone",Antiacides,"Gastro-entero-He-patologie",1554,2220,-
PTM6607,"Q-WORM 200 mg/5 ml suspension buvable, flaconde 10 ml",Albendazole,Antihelmintique,"Infectiologie-parasi-tologie",623,890,-
PTM6608,"Q-WORM 400 mg comprimé, boîte de 1",Albendazole,Antihelmintique,"Infectiologie-parasi-tologie","661,5",945,-
PTM6609,"RAASAR-AM comprimé, boîtes de 3X10","Amlodipine besilateBP éq. A amlodipine/Losartan Potassium","Antihypertenseur (An-tagoniste calcique+-sartan)","Cardiologie-angio-logie","5939,5",8485,-
PTM6610,"RAASAR-H comprimé, boîtes de 3X10","Hydrochlorothiazide/Losartan Potassium","Antihypertenseur (An-tagoniste calcique+-sartan)","Cardiologie-angio-logie","4112,5",5875,-
PTM6611,"RABELOC 20 mg comprimé, boîte de 1X10",Rabéprazole,"Inhibiteur de lapompe à Protons","Gastro-entero-He-patologie","2467,5",3525,-
PTM6612,"RABELOC IV 20 mg poudre pour solution injectable,boîte de 1 ampoule de 5 ml",Rabéprazole,"Inhibiteur de lapompe à Protons","Gastro-entero-He-patologie","2740,5",3915,-
PTM3436,"RABEMAC 20 mg comprimé gastro résistant, boîtede 14",Rabéprazole,"Inhibiteur de lapompe à Protons","Gastro-entero-He-patologie","6394,5",9135,-
CODES,DESIGNATION,COMPOSITION,"SOUS CLASSEPHARMACO- THERA-PEUTIQUE","CLASSE PHARMA-CO- THERAPEU-TIQUE","PRIX BASE DEREMBOURSEMENT (G) x 70%","PRIXPUBLIC","ACCORDPREALABLE"
PTM3437,"RABEMAC DSR gélule, boîte de 20","Rabéprazole (sousforme de comp.gas-tro-résistant)/ Dompé-ridone (sous forme decomp.à liberation pro-longée)/ Dompéridone(sous forme de comp.àliberation immédiate)","Inhibiteur de lapompe à Protons","Gastro-entero-He-patologie","12134,5",17335,-
PTM6613,"RABEPRANE 20 mg comprimés, boîte de 30",Rabéprazole,"Inhibiteur de lapompe à Protons","Gastro-entero-He-patologie","1746,5",2495,-
PTM6614,"RABETOK 20 mg comprimé, boîte de 30",Rabéprazole,"Inhibiteur de lapompe à Protons","Gastro-entero-He-patologie","3125,5",4465,-
PTM6615,"RABEZOL 20 mg comprimé gastro-résistant, boîte de14",Rabéprazole,"Inhibiteur de lapompe à Protons","Gastro-entero-He-patologie","2922,5",4175,-
PTM6616,"RABITAB 20 mg poudre pour solution injectable,boîte de 1 flacon",Rabéprazole,"Inhibiteur de lapompe à Protons","Gastro-entero-He-patologie","4203,5",6005,-
PTM6617,"RABWIN 20 comprimé, boîte de 30",Rabéprazole,"Inhibiteur de lapompe à Protons","Gastro-entero-He-patologie",5481,7830,-
PTM6618,"RACECADOTRIL BIOGARAN 100 mg gélule, boîte de20",Racécadotril,Antihypertenseur (IEC),"Cardiologie-angio-logie","2705,5",3865,-
PTM6619,"RACIPER 20 mg comprimé gastro-résistant, boîte de14",Esoméprazole,"Inhibiteur de lapompe à Protons","Gastro-entero-He-patologie","3482,5",4975,-
PTM6620,"RAINMOL 150 mg solution injectable, boîte de 10ampoules de 2 ml",Paracétamol,"Antalgiques-Antypré-tiques","Antalgiques-Antipy-rétiques-Antispas-modiques",1463,2090,-
PTM5142,"RALDOL comprimé, boite de 10","Paracetamol/Diclofe-nac/Chlorpheniramine","Antalgiques-Antypré-tiques","Antalgiques-Antipy-rétiques-Antispas-modiques",749,1070,-
PTM6621,"RAMIPRIL HCTZ SP comprimé, boite de 30","Ramipril/ Hydrochloro-thiazide","Antihypertenseur(IEC+Diurétique)","Cardiologie-angéio-logie","4203,5",6005,-
PTM6622,"RAMIPRIL  SP 10 mg comprimé, boite de 30","Ramipril/ Hydrochloro-thiazide",Antihypertenseur,"Cardiologie-angéio-logie","4203,5",6005,-
CODES,DESIGNATION,COMPOSITION,"SOUS CLASSEPHARMACO- THERA-PEUTIQUE","CLASSE PHARMA-CO- THERAPEU-TIQUE","PRIX BASE DEREMBOURSEMENT (G) x 70%","PRIXPUBLIC","ACCORDPREALABLE"
PTM6624,"RAMITHIAZIDE 10/12,5 mg comprimé, boîte de 30","Ramipril/ Hydrochloro-thiazide","Antihypertenseur(IEC+Diurétique)","Cardiologie-angéio-logie","2740,5",3915,-
PTM6625,"RAMITHIAZIDE 10/25 mg comprimés, boîte de 30","Ramipril/ Hydrochloro-thiazide","Antihypertenseur(IEC+Diurétique)","Cardiologie-angéio-logie",5481,7830,-
PTM6626,"RAMITHIAZIDE 5/12,5 mg comprimés, boîte de 30","Ramipril/ Hydrochloro-thiazide","Antihypertenseur(IEC+Diurétique)","Cardiologie-angéio-logie","2376,5",3395,-
PTM6627,"RAMIZID 10 mg, comprimés boîte de 30",Ramipril,Antihypertenseur (IEC),"Cardiologie-angéio-logie",5299,7570,-
PTM6628,"RAMIZID 5 mg, comprimés boîte de 30",Ramipril,Antihypertenseur (IEC),"Cardiologie-angéio-logie","4021,5",5745,-
PTM3446,"RANFERON PLUS gélule, boîte de 30","Fumarate de fer/Acideascorbique/ Cyanoco-balamine/ Sulfate dezinc/ Acide folique","Stimulant del’hématopoïèse (An-tianémique)","Hémostase - Héma-topoïèse - Hémoglo-binopathies",1827,2610,-
PTM3447,"RANFERON-12 sirop, flacon de 200 ml","Citrate d’amonium fer-rique+ Acide folique+-Cyanocobalamine","Stimulant del’hématopoïèse (An-tianémique)","Hémostase - Héma-topoïèse - Hémoglo-binopathies","2229,5",3185,-
PTM3448,RANI-DENK 150 Comp pell B/20,Ranitidine,Antihistaminique H2,"Gastro-entero-He-patologie","3062,5",4375,-
PTM6629,"RANOPHAGE OD comprimé à libération prolongée,boîte de 30",Metformine,Antidiabetiques oraux,"Metabolisme- nutri-tion-diabete",1701,2430,-
PTM3454,"RANOXYL 500 mg capsule, boîte de 20",Amoxicilline,Antibacterien,"Infectiologie-parasi-tologie","1116,5",1595,-
PTM3455,"RANTUDIL 60 mg, gélules, boîte de 20",Acémétacine,Antirhumatismaux,Rhumatologie,"4112,5",5875,-
PTM3456,"RANTUDIL Retard, 90 mg, gélules à libérationprolongée, Boîte de 20","Acémétacine/ Acémé-tacine (granules retard)",Antirhumatismaux,Rhumatologie,6489,9270,-
PTM3457,"RAPICLAV 1g comprimé, boîte de 14","Amoxicilline/ Acideclavulanique","Antibacterien (Penicil-lines)","Infectiologie-parasi-tologie","3909,5",5585,-
PTM6630,"RAPICLAV 1g sachets, boîte de 12","Amoxicilline/ Acideclavulanique","Antibacterien (Penicil-lines)","Infectiologie-parasi-tologie","3909,5",5585,-
CODES,DESIGNATION,COMPOSITION,"SOUS CLASSEPHARMACO- THERA-PEUTIQUE","CLASSE PHARMA-CO- THERAPEU-TIQUE","PRIX BASE DEREMBOURSEMENT (G) x 70%","PRIXPUBLIC","ACCORDPREALABLE"
PTM6632,"RAPIDEX poudre pour suspension buvable, boîte de10 sachets","Paracétamol/ Phény-léphrine/ Cetirizine/Vitamine C","Rhinites-Sinu-sites-Rhumes","Oto-Rino-Laryngo-logie",1645,2350,-
PTM6633,"RAPIDEX suspension buvable, flacon de 100 ml","Paracétamol/ Phénylé-phrine/ Cetirizine","Rhinites-Sinu-sites-Rhumes","Oto-Rino-Laryngo-logie",868,1240,-
PTM6634,"RAPIDEX comprimé, boîte de 4","Paracétamol/ Phénylé-phrine/ Cetirizine","Rhinites-Sinu-sites-Rhumes","Oto-Rino-Laryngo-logie",175,250,-
PTM6635,"RAPIVAST 10 mg comprimés, boîte de 30","Rosuvastatine10 mg",Hypolipémiants,"Cardiologie -Angéiologie- Méta-bolisme - Nutrition",4571,6530,-
PTM6636,"RAPIVAST 20 mg comprimés, boîte de 30","Rosuvastatine20",Hypolipémiants,"Cardiologie -Angéiologie- Méta-bolisme - Nutrition",7301,10430,-
PTM6637,"RASGIL 2,5 mg gélule, boîte de 30",Ramipril,Antihypertenseur,"Cardiologie-angéio-logie","3426,5",4895,-
PTM6638,"RASGIL 5 mg gélule, boîte de 30",Ramipril,Antihypertenseur,"Cardiologie-angéio-logie","4112,5",5875,-
PTM6639,"RASGIL 10 mg gélule, boîte de 30",Ramipril,Antihypertenseur,"Cardiologie-angéio-logie",4935,7050,-
PTM6640,"RASGIL HTZ 10/12,5 comprimé, boîte de 3 x 10","Ramipril/ Hydrochloro-thiazide","Antihypertenseur(IEC+Diurétique)","Cardiologie-angéio-logie","4203,5",6005,-
PTM6641,"RASGIL HTZ 5/12,5 comprimé, boîte de 3 x 10","Ramipril/ Hydrochloro-thiazide","Antihypertenseur(IEC+Diurétique)","Cardiologie-angéio-logie","3930,5",5615,-
PTM6642,"RASGIL HTZ 5/25 comprimé, boîte de 3 x 10","Ramipril/ Hydrochloro-thiazide","Antihypertenseur(IEC+Diurétique)","Cardiologie-angéio-logie","3930,5",5615,-
PTM6643,"RASGIL HTZ 10/25 comprimé, boîte de 3 x 10","Ramipril/ Hydrochloro-thiazide","Antihypertenseur(IEC+Diurétique)","Cardiologie-angéio-logie",8708,12440,-
PTM6644,"RAVZOLE-D gélule, boîte de 3 plaquettes x 10","Rabéprazole/Dompé-ridone","Inhibiteur de la secre-tion acide","Gastro-entero-He-patologie",4634,6620,-
PTM6645,"RAXONE 1 g injectable, boîte de 1 flacon + solvant.",Ceftriaxone,"Antibacterien (Cepha-losporines)","Infectiologie-parasi-tologie",700,1000,-
CODES,DESIGNATION,COMPOSITION,"SOUS CLASSEPHARMACO- THERA-PEUTIQUE","CLASSE PHARMA-CO- THERAPEU-TIQUE","PRIX BASE DEREMBOURSEMENT (G) x 70%","PRIXPUBLIC","ACCORDPREALABLE"
PTM6647,"RECLAV 1000 mg / 200 mg poudre pour solutioninjectable, boîte de 1 flacon + solvant","Amoxicilline/ Acideclavulanique","Antibacterien (Penicil-lines)","Infectiologie-parasi-tologie","1116,5",1595,-
PTM6648,"RECNATE 60 mg, injectable",Artésunate,Antipaludique,"Infectiologie-parasi-tologie",910,1300,-
PTM6649,"REDAMOX 312,5 suspension, flacon de 100 ml","Amoxicilline/ Acideclavulanique","Antibacterien (Penicil-lines)","Infectiologie-parasi-tologie",2786,3980,-
PTM6650,"REDAMOX 625 comprimé, boîte de 2 blisters de 7","Amoxicilline/ Acideclavulanique","Antibacterien (Penicil-lines)","Infectiologie-parasi-tologie",3689,5270,-
PTM6651,"REDULIP 20 mg comprimé pelliculé sécable, boîte de30",Simvastatine,Hypolipémiants,"Cardiologie -Angéiologie- Méta-bolisme - Nutrition","5022,5",7175,-
PTM6652,"REDULIP 40 mg comprimé pelliculé sécable, boîte de30",Simvastatine,Hypolipémiants,"Cardiologie -Angéiologie- Méta-bolisme - Nutrition","5022,5",7175,-
PTM6653,"RELEZIN 2 mg comprimé,boite30",Tizanidine HCI,Relaxant musculaire,Rhumatologie,5264,7520,-
PTM6654,"RELEZIN 4 mg comprimé,boite30",Tizanidine HCI,Relaxant musculaire,Rhumatologie,8351,11930,-
PTM6655,"REMIFLU comprimé, boîte de 10","Lévocétirizine/ Phénylé-phrine/ Paracétamol","Rhinites-Sinu-sites-Rhumes","Oto-Rino-Laryngo-logie",1533,2190,-
PTM6656,"RENA – 12 MB 0,5 mg poudre lyophilisé pourinjection, boîte de 1 flacon",Mécobalamine,"Stimulant del’hématopoïèse (An-tianémique)","Hémostase - Héma-topoïèse - Hémoglo-binopathies","892,5",1275,-
PTM3466,"RENERVE®  PLUS SOFTGEL CAPSULES, boîte de 2x15","Méthylcobalamine/Acide Apha lipoïque /Inositole/ Acide folique/Chrome Polynicotinate/Sélénométhionime/Monométhionime deZinc","Stimulant del’hématopoïèse (An-tianémique)","Hémostase - Héma-topoïèse - Hémoglo-binopathies",6853,9790,-
PTM3465,"RENERVE®  PLUS-BT SOFTGEL capsules, boîte de2x15",Méthylcobalamine/,"Stimulant del’hématopoïèse (An-tianémique)","Hémostase - Héma-topoïèse - Hémoglo-binopathies","9593,5",13705,-
CODES,DESIGNATION,COMPOSITION,"SOUS CLASSEPHARMACO- THERA-PEUTIQUE","CLASSE PHARMA-CO- THERAPEU-TIQUE","PRIX BASE DEREMBOURSEMENT (G) x 70%","PRIXPUBLIC","ACCORDPREALABLE"
PTM6658,"RENEWLIV 250 mg gélule, boîte de 30","Acide ursodésoxycho-lique","Dissolvant des calculsde la vésicule biliaire","Gastro-entero-He-patologie","1753,5",2505,-
PTM3468,"RENITEC 20 mg comprimé sécable, boîte de 28",Enalapril 20 mg,Antihypertenseur (IEC),"Cardiologie-angéio-logie",3654,5220,-
PTM6659,"REPOITIN 4000 UI solution injectable, boite de 1flacon de 1 ml",Epoétine alpha,"Stimulant del’hématopoïèse (An-tianémique)","Hémostase - Héma-topoïèse - Hémoglo-binopathies",17500,25000,-
PTM6663,"RESIFURAN émulsion, flacon de 250 ml",Siméthicone,"Troubles fonctionnelsdigestifs","Gastro-entero-He-patologie","3153,5",4505,-
PTM3470,"RESPIBIEN solution pour pulvérisation nasale, flaconde 15 ml",Oxymétazoline HCl,"Decongestionnantnasal","Oto-Rino-Laryngo-logie",1043,1490,-
PTM6664,"RESTRIVA 500 mg comprimé, boite de 20","Magaldrate/Si-methicone",Antalgique,"Antalgiques-Antipy-rétiques-Antispas-modiques",840,1200,-
PTM3471,"RESTAMINE 10 mg comprimé, boîte de 10",Loratadine,Antihistaminique,Allergologie,1918,2740,-
PTM6665,"RETAMET 50mg/500mg comprimé, Boite de 30",Sitaglipam/Metformine,Antidiabétiques oraux,"Metabolisme- nutri-tion-diabete",11200,16000,-
PTM6666,"RETIFEN 0,1% collyre, flacon de 5 ml",Diclofénac sodique,"Anti-inflammatoiresnon steroidiens",Anti-inflammatoires,1141,1630,-
PTM6667,"REUMOXICAN 20 mg  suppositoires, boîte de 12",Piroxicam,"Anti-inflammatoiresnon steroidiens",Anti-inflammatoires,"3545,5",5065,-
PTM6668,"REUMOXICAN 20 mg comprimé dispersible, boîte de10",Piroxicam,"Anti-inflammatoiresnon steroidiens",Anti-inflammatoires,"1711,5",2445,-
PTM6669,"REUMOXICAN 20 mg comprimé dispersible, boîte de30",Piroxicam,"Anti-inflammatoiresnon steroidiens",Anti-inflammatoires,6132,8760,-
PTM6670,"REUMOXICAN 20 mg gélule, boîte de 10",Piroxicam,"Anti-inflammatoiresnon steroidiens",Anti-inflammatoires,1729,2470,-
PTM6671,"REYMAC 20 mg gélule gastro-résistante, boîte de 28",Oméprazole,"Inhibiteur de lapompe à Protons","Gastro-entero-He-patologie","2852,5",4075,-
PTM3486,"RHINATHIOL 2 % sirop, flacon de 125 ml",Carbocisteine,Mucolytique,Pneumologie,"1389,5",1985,-
"",,,SOUS CLASSE CLASSE PHARMA-,PRIX BASE DE,,
"",,,,,PRIX,ACCORD
CODES,DESIGNATION,COMPOSITION,PHARMACO- THERA- CO- THERAPEU-,REMBOURSE,,
"",,,,,PUBLIC,PREALABLE
"",,,PEUTIQUE TIQUE,MENT (G) x 70%,,
"","RHINATHIOL 5% sans sucre solution buvable, flacon",,,,,
PTM3484,-de 200 ml,Carbocisteine,Mucolytique Pneumologie,"2019,5",2885,
"",,Carbocistéine,,,,
PTM3485,"RHINATHIOL 5% sirop, flacon de 125 Ml",,Mucolytique Pneumologie,1526,2180,-
"",,5 g,,,,
"",,Carbocistéine/ Chlorhy-,Oto-Rino-Laryngo-,,,
PTM3488,"RHINATHIOL Promethazine sirop, flacon de 125ml",-drate de prométhazine,Rhinites-Sinusites logie,840,1200,
"",,Paracétamol/ Phénylé-,,,,
"",,phédrine chlorhydrate/,Oto-Rino-Laryngo-,,,
PTM3494,"RHINEX sirop, flacon de 100 ml",-Triprolidine chlorhy-,Rhinites-Sinusites logie,"913,5",1305,
"",,drate,,,,
"",,Paracétamol/ Phénylé-,,,,
"",,phédrine chlorhydrate/,Oto-Rino-Laryngo-,,,
PTM3491,"RHINEX FLASH comprimé, boîte de 20",-Triprolidine chlorhy-,Rhinites-Sinusites logie,616,880,
"",,drate,,,,
"",,Paracétamol/ Phény-,,,,
"",,,Oto-Rino-Laryngo-,,,
PTM6672,"Rhino PAROL® comprimé pelliculé, boîte de 20",léphrine/ Chlorphéna-,Rhinites-Sinusites,1673,2390,-
"",,,logie,,,
"",,mine,,,,
"",,,Oto-Rino-Laryngo-,,,
PTM3496,"RHINOCORT 64 μg susp. pulv. nasale, flacon de 10 ml",Budésonide,Rhinites-Allergiques,"7080,5",10115,-
"",,,logie,,,
"",,Acétylcysteine/ Sulfate,,,,
"",RHINOFLUIMUCIL solution pour pulvérisation,de tuaminoheptane/,Oto-Rino-Laryngo-,,,
PTM3500,"-nasale, flacon de 10 ml",Solution de chlorure de,Rhinites-Sinusites logie,"1186,5",1695,
"",,benzalkonium,,,,
"",RHINOMAXIL 100 microgrammes/dose suspension,Dipropionate de béclo-,Oto-Rino-Laryngo-,,,
PTM6673,"-pour pulvérisation nasale, flacon de 120 doses",métasone,Rhinites-Sinusites logie,"2831,5",4045,
"",,Paracétamol/ Phény-,,,,
"",,,Oto-Rino-Laryngo-,,,
PTM6674,RHINORIL comprimé,léphrine/ Chlorphéna-,Rhinites-Sinusites,1827,2610,-
"",,,logie,,,
"",,mine,,,,
"",,Chlorphéniramine,,,,
"",,,Oto-Rino-Laryngo-,,,
PTM6675,"RHINOSTOP comprimé, boîte de 20",maléate/ Paracétamol/,Rhinites-Sinusites,"1753,5",2505,-
"",,logiePseudoéphédrine HCl,,,,
"",,Paracétamol/ Caféine/,,,,
"",,,Rhinites-Sinu- Oto-Rino-Laryngo-,,,
PTM3502,"RHUMADOL gélule, boîte de 12",Cow-bezaor/ Chlorphé-,,490,700,-
"",,,sites-Rhumes logie,,,
"",,niramine,,,,
CODES,DESIGNATION,COMPOSITION,"SOUS CLASSEPHARMACO- THERA-PEUTIQUE","CLASSE PHARMA-CO- THERAPEU-TIQUE","PRIX BASE DEREMBOURSEMENT (G) x 70%","PRIXPUBLIC","ACCORDPREALABLE"
PTM6676,"RHUMEPAR comprimé, Boite de 4","Paracétamol 500 mg/Phenylephrine 5 mg/Chlorpromazine 1 mg","Rhinites-Sinu-sites-Rhumes","Oto-Rino-Laryngo-logie","346,5",495,-
PTM6677,"RHUMEPAR pediatrique, flacon de 200 ml","Paracétamol  125mg/Phenylephrine 2,5mg/Chlorpromazine 1mg","Rhinites-Sinu-sites-Rhumes","Oto-Rino-Laryngo-logie","1277,5",1825,-
PTM6678,"RHUMEPAR neonate, flacon de 200 ml","Paracétamol  125mg/Phenylephrine 2,5mg","Rhinites-Sinu-sites-Rhumes","Oto-Rino-Laryngo-logie",665,950,-
PTM3508,"RIBATRAN comprimé enrobé, boîte de 20","Trypsine/Ribonucleasepancréatique/Chymyotrypsinogène","Enzyme/oedeme postopératoire","Cardiolo-gie-Chirurchie",2604,3720,-
PTM6680,"RICHFER PLUS sirop, flacon de 200 ml","Fer/ Acide folique/Vitamine B12/ Sulfatede Zinc/","Stimulant del’hématopoïèse (An-tianémique)","Hémostase - Héma-topoïèse - Hémoglo-binopathies","2285,5",3265,-
PTM6681,"RICHFER gélule, boîte de 30","Fer/ Acide folique/Vitamine B12/ Sulfatede Zinc/","Stimulant del’hématopoïèse (An-tianémique)","Hémostase - Héma-topoïèse - Hémoglo-binopathies","2285,5",3265,-
PTM6682,"RIDMAL 40/320 comprimé, boîte de 12","Dihydroartémisinin/Phosphate de Pipé-raquine",Antipaludique,"Infectiologie-parasi-tologie",3199,4570,-
PTM6683,"RIDMAL 40/320 comprimé, boîte de 3","Dihydroartémisinin/Phosphate de Pipé-raquine",Antipaludique,"Infectiologie-parasi-tologie","1004,5",1435,-
PTM6684,"RIDMAL 40/320 comprimé, boîte de 6","Dihydroartémisinin/Phosphate de Pipé-raquine",Antipaludique,"Infectiologie-parasi-tologie",2009,2870,-
PTM6685,"RIDMAL 120 mg/960 mg comprimé pelliculé, boîtede 3","Dihydroartémisinin/Phosphate de Pipé-raquine",Antipaludique,"Infectiologie-parasi-tologie","1956,5",2795,-
PTM6686,"RIDMAL 60 mg/480 mg comprimé pelliculé, boîte de3","Dihydroartémisinin/Phosphate de Pipé-raquine",Antipaludique,"Infectiologie-parasi-tologie",1827,2610,-
CODES,DESIGNATION,COMPOSITION,"SOUS CLASSEPHARMACO- THERA-PEUTIQUE","CLASSE PHARMA-CO- THERAPEU-TIQUE","PRIX BASE DEREMBOURSEMENT (G) x 70%","PRIXPUBLIC","ACCORDPREALABLE"
PTM6688,"RIDMAL 80 mg/640 mg comprimé pelliculé, boîte de3","Dihydroartémisinin/Phosphate de Pipé-raquine",Antipaludique,"Infectiologie-parasi-tologie",2009,2870,-
PTM3513,"RIFAMYCINE CHIBRET 1 000 000 UI/100 g pommadeophtalmique, tube de 5 g",Rifamycine,Antibacterien,"Infectiologie-parasi-tologie",1316,1880,-
PTM3512,"RIFAMYCINE CHIBRET 1 000 000 UI % collyre ensolution, flacon de 10 ml",Rifamycine,Antibacterien,"Infectiologie-parasi-tologie","1718,5",2455,-
PTM6689,"RIFEX® 120 mg comprimé pelliculé, boîte de 20",Fexofénadine,"Rhinites-Sinu-sites-Rhumes","Oto-Rino-Laryngo-logie","2229,5",3185,-
PTM6690,"RIFEX® 180 mg comprimé pelliculé, boîte de 20",Fexofénadine,"Rhinites-Sinu-sites-Rhumes","Oto-Rino-Laryngo-logie","2229,5",3185,-
PTM6691,"RIFIXINE® 200 comprimé pelliculé, boîte de 12",Rifaximine,"Encephalopathiehépatique","Gastro-entero-He-patologie","1753,5",2505,-
PTM6692,"RILIF PLUS 100 mg + 500 mg comprimé, boîte de 30","Acéclofénac/ Paracé-tamol",Antalgiques+AINS,"Antalgiques-Antipy-rétiques-Antispas-modiques",3703,5290,-
PTM6693,"RILIF-SR comprimé, boîte de 30",Acéclofénac (DCI),"Anti-inflammatoiresnon steroidiens","Antalgiques-Antipy-rétiques-Antispas-modiques","3699,5",5285,-
PTM6694,"RINACET sirop, flacon de 60 ml",Cétirizine,Antihistaminique,Allergologie,1918,2740,-
PTM6695,"RINAMID capsule, boîte de 10",Lopéramide,Antidiarrhéique,"Gastro-entero-He-patologie",665,950,-
PTM6696,"RINIALER 1 mg/ml solution buvable, flacon de 120ml","Rupatadine fumarate/Equivalent à rupatadinebase libre",Antihistaminique,Allergologie,"4294,5",6135,-
PTM3517,"RINIALER 10 mg comprimé, boîte de 20","Rupatadine fumarate/Equivalent à rupatadinebase libre",Antihistaminique,Allergologie,5950,8500,-
PTM3518,"RINOGRIP granulé, boîte de 10 sachets","Paracétamol/ Maléatede phéniramine/ Acideascorbique","Rhinites-Sinu-sites-Rhumes","Oto-Rino-Laryngo-logie","1326,5",1895,-
CODES,DESIGNATION,COMPOSITION,"SOUS CLASSEPHARMACO- THERA-PEUTIQUE","CLASSE PHARMA-CO- THERAPEU-TIQUE","PRIX BASE DEREMBOURSEMENT (G) x 70%","PRIXPUBLIC","ACCORDPREALABLE"
PTM6698,RISCAP 1mg boite de 10,Rispéridone,"Neuroleptique aty-pique","Neurologie-Psychia-trie","1508,5",2155,-
PTM6699,RISCAP 2mg boite de 60,Rispéridone,"Neuroleptique aty-pique","Neurologie-Psychia-trie","6513,5",9305,-
PTM6700,RISCAP 1mg boite de 60,Rispéridone,"Neuroleptique aty-pique","Neurologie-Psychia-trie","6303,5",9005,-
PTM6701,"RISPERIDONE BIOGARAN 1 mg comprimé, boite de60",Rispéridone,"Neuroleptique aty-pique","Neurologie-Psychia-trie",8750,12500,-
PTM6702,"RISPERIDONE BIOGARAN 2 mg comprimé, boite de60",Rispéridone,"Neuroleptique aty-pique","Neurologie-Psychia-trie",8533,12190,-
PTM6703,"RISPERIDONE BIOGARAN 4 mg comprimé, boite de30",Rispéridone,"Neuroleptique aty-pique","Neurologie-Psychia-trie",7735,11050,-
PTM3526,"RIVOTRIL 2 mg comprimé, boite de 40",Clonazépam,Antiépileptique,Neurologie,"1326,5",1 895,-
PTM3527,"RIVOTRIL 1 mg/ml comprimé, boite de 1 ampoule",Clonazépam,Antiépileptique,Neurologie,840,1 200,-
PTM6704,"R-LUME 180/1080 mg suspension buvable, flacon de60 ml","Artéméther/ Lumé-fantrine",Antipaludique,"Infectiologie-parasi-tologie",1827,2610,-
PTM6705,"R-LUME 20/120 mg comprimé, boîte de 6","Artéméther/ Lumé-fantrine",Antipaludique,"Infectiologie-parasi-tologie",1827,2610,-
PTM6706,"R-LUME 40/240 mg comprimé, boîte de 6","Artéméther/ Lumé-fantrine",Antipaludique,"Infectiologie-parasi-tologie",1645,2350,-
PTM6707,"R-LUME 80 mg solution injectable, boîte de 6ampoules",Artéméther,Antipaludique,"Infectiologie-parasi-tologie","2194,5",3135,-
PTM6708,"R-LUME 80/480 mg comprimé, boîte de 6","Artéméther/ Lumé-fantrine",Antipaludique,"Infectiologie-parasi-tologie","2194,5",3135,-
PTM6709,"ROBESTAR 10 mg comprimé pelliculé, boîte de 30",Rosuvastatine,Hypolipémiants,"Cardiologie -Angéiologie- Méta-bolisme - Nutrition",8050,11500,-
CODES,DESIGNATION,COMPOSITION,"SOUS CLASSEPHARMACO- THERA-PEUTIQUE","CLASSE PHARMA-CO- THERAPEU-TIQUE","PRIX BASE DEREMBOURSEMENT (G) x 70%","PRIXPUBLIC","ACCORDPREALABLE"
PTM6711,"ROBESTAR 20 mg comprimé pelliculé, boîte de 30",Rosuvastatine,Hypolipémiants,"Cardiologie -Angéiologie- Méta-bolisme - Nutrition","11000,5",15715,-
PTM3529,"ROCEFORAN 0,5 g poudre pour injection boite de 1flacon+ solvant",Ceftriaxone,"Antibacterien (Cepha-losporines)","Infectiologie-parasi-tologie","1347,5",1925,-
PTM3528,"ROCEFORAN 1 g inj IM/IV,  1 flacon",Ceftriaxone,"Antibacterien (Cepha-losporines)","Infectiologie-parasi-tologie","1487,5",2125,-
PTM3531,"ROCEPHINE 250 mg injectable, boite de 1",Ceftriaxone,"Antibacterien (Cepha-losporines)","Infectiologie-parasi-tologie","2915,5",4 165,-
PTM3532,"ROCEPHINE 500 mg injectable, boite de 1",Ceftriaxone,"Antibacterien (Cepha-losporines)","Infectiologie-parasi-tologie","4112,5",5 875,-
PTM3530,"ROCEPHINE 1000 mg injectable, boite de 1",Ceftriaxone,"Antibacterien (Cepha-losporines)","Infectiologie-parasi-tologie",5894,8 420,-
PTM6712,"ROCEZID 1 g poudre pour solution injectable, boîtede 1 flacon + solvant de 10 ml",Ceftazidime,"Antibacterien (Cepha-losporines)","Infectiologie-parasi-tologie",6440,9200,-
PTM3536,"ROCGEL 1,2 g suspension buvable en sachet-dose,boîte de 24","Oxyde d’aluminiumhydraté          1,2 g","Troubles fonctionnelsdigestifs","Gastro-entero-He-patologie","2523,5",3605,-
PTM6713,"ROCILIN 500 mg comprimé, boîte de 3",Azithromycine,"Antibacterien (Macro-lides)","Infectiologie-parasi-tologie",1827,2610,-
PTM3537,"ROCMALINE solution buvable, boîte de 20",Arginine/Acide malique,"Cholagogue, choléré-tique, hépatotrope","Gastro-entero-He-patologie","3062,5",4375,-
PTM6714,"RODERA 5 mg comprimé, boîte de 10",Desloratadine,Antihistaminique H1,Allergologie,"1746,5",2495,-
PTM3538,"RODOGYL comprimé pelliculé, Boîte de 20","Spiramycine/ Métroni-dazole","Antibactérien (Asso-ciation)","Infectiologie-parasi-tologie","5246,5",7495,-
PTM6715,"ROIPAR 1000 comprimé effervescent, boîte de 4 x 4",Paracétamol,"Antalgiques-Antipyré-tiques","Antalgiques-Antipy-rétiques-Antispas-modiques",1372,1960,-
PTM6716,"ROIPAR 500 comprimé effervescent, boîte de 4 x 4",Paracétamol,"Antalgiques-Antipyré-tiques","Antalgiques-Antipy-rétiques-Antispas-modiques","1004,5",1435,-
CODES,DESIGNATION,COMPOSITION,"SOUS CLASSEPHARMACO- THERA-PEUTIQUE","CLASSE PHARMA-CO- THERAPEU-TIQUE","PRIX BASE DEREMBOURSEMENT (G) x 70%","PRIXPUBLIC","ACCORDPREALABLE"
PTM6718,"ROLAN 50 mg/2 ml solution injectable, boîte de 5ampoules de 2 ml",Ranitidine,Antihistaminique H2,"Gastro-entero-He-patologie",3199,4570,-
PTM6719,"RONALIN® 2,5 mg comprimé sécable, boîte de 30",Bromocriptine mésilate,Antiparkinsonnien,Neurologie,3563,5090,-
PTM6720,"ROPODOX 200 mg gélule, boîte de 10",Cefpodoxime Proxétil,Antibacterien,"Infectiologie-parasi-tologie","2705,5",3865,-
PTM6721,"ROSUKAA-10 comprimé pelliculé, boîte de 30",Rosuvastatine,Hypolipémiants,"Cardiologie - An-géiologie- Métabo-lisme - Nutrition",8225,11750,-
PTM6722,"ROSUKAA-20 comprimé pelliculé, boîte de 30",Rosuvastatine,Hypolipémiants,"Cardiologie - An-géiologie- Métabo-lisme - Nutrition","11511,5",16445,-
PTM6723,"ROSUTOR 10 mg comprimé, boîte de 30",Rosuvastatine,Hypolipémiants,"Cardiologie - An-géiologie- Métabo-lisme - Nutrition","6394,5",9135,-
PTM6724,"ROSUTOR 20 mg comprimé, boîte de 30",Rosuvastatine,Hypolipémiants,"Cardiologie - An-géiologie- Métabo-lisme - Nutrition",8680,12400,-
PTM6725,"ROSUTOR 5 mg comprimé, boîte de 30",Rosuvastatine,Hypolipémiants,"Cardiologie - An-géiologie- Métabo-lisme - Nutrition",4571,6530,-
PTM6726,"ROSUMAC 10 mg comprimé  , boîte de 30",Rosuvastatine,Hypolipémiants,"Cardiologie - An-géiologie- Métabo-lisme - Nutrition","4112,5",5875,-
PTM6727,"ROSUVAI-10 mg comprimé pelliculé, boite de 3x10",Rosuvastatine,Hypolipémiants,"Cardiologie - An-géiologie- Métabo-lisme - Nutrition",9506,13580,-
PTM6728,"ROSUVAI-5 mg comprimé pelliculé, boite de 3x10",Rosuvastatine,Hypolipémiants,"Cardiologie - An-géiologie- Métabo-lisme - Nutrition","5939,5",8485,-
CODES,DESIGNATION,COMPOSITION,"SOUS CLASSEPHARMACO- THERA-PEUTIQUE","CLASSE PHARMA-CO- THERAPEU-TIQUE","PRIX BASE DEREMBOURSEMENT (G) x 70%","PRIXPUBLIC","ACCORDPREALABLE"
PTM6730,"ROSUVASTATIN DENK 20 mg comprimé pelliculé,boîte de 30",Rosuvastatine,Hypolipémiants,"Cardiologie - An-géiologie- Métabo-lisme - Nutrition","11420,5",16315,-
PTM6731,"ROSUVASTATIN DENK 10 mg comprimé pelliculé,boîte de 30",Rosuvastatine,Hypolipémiants,"Cardiologie - An-géiologie- Métabo-lisme - Nutrition","6170,5",8815,-
PTM6732,"ROSUVASTATIN DENK 5 mg comprimé pelliculé,boîte de 30",Rosuvastatine,Hypolipémiants,"Cardiologie - An-géiologie- Métabo-lisme - Nutrition","3930,5",5615,-
PTM6733,"ROSUVASTATIN BIOGARAN 10 mg comprimépelliculé, boîte de 30",Rosuvastatine,Hypolipémiants,"Cardiologie - An-géiologie- Métabo-lisme - Nutrition",7140,10200,-
PTM6734,"ROSUVASTATIN BIOGARAN 10 mg comprimépelliculé, boîte de 90",Rosuvastatine,Hypolipémiants,"Cardiologie - An-géiologie- Métabo-lisme - Nutrition","10965,5",15665,-
PTM6735,"ROSUVASTATIN BIOGARAN 20 mg comprimépelliculé, boîte de 30",Rosuvastatine,Hypolipémiants,"Cardiologie - An-géiologie- Métabo-lisme - Nutrition",9450,13500,-
PTM6736,"ROSUVASTATIN BIOGARAN 20 mg comprimépelliculé, boîte de 90",Rosuvastatine,Hypolipémiants,"Cardiologie - An-géiologie- Métabo-lisme - Nutrition",24206,34580,-
PTM6737,"ROVACAP 20 mg comprimé, boîte de 30",Rosuvastatine,Hypolipémiants,"Cardiologie - An-géiologie- Métabo-lisme - Nutrition",6965,9950,-
PTM3544,"ROVAMYCINE 1,5 MUI comp péll, boite de 16",Spiramycine,"Antibacterien (Macro-lides)","Infectiologie-parasi-tologie",3381,4830,-
PTM3545,"ROVAMYCINE 3MUI comprimé pélliculé, boite de 10",Spiramycine,"Antibacterien (Macro-lides)","Infectiologie-parasi-tologie",3346,4780,-
PTM3548,"ROXAM 20 mg gélule, boîte de 14",Piroxicam,"Anti-inflammatoiresnon steroidiens",Anti-inflammatoires,"2824,5",4035,-
PTM3547,"ROXAM 20 mg injectable, boîte de 2 ampoules",Piroxicam,"Anti-inflammatoiresnon steroidiens",Anti-inflammatoires,"913,5",1305,-
CODES,DESIGNATION,COMPOSITION,"SOUS CLASSEPHARMACO- THERA-PEUTIQUE","CLASSE PHARMA-CO- THERAPEU-TIQUE","PRIX BASE DEREMBOURSEMENT (G) x 70%","PRIXPUBLIC","ACCORDPREALABLE"
PTM6739,"ROXCEF 250 mg comprimé pelliculé, boîte de 10",Céfuroxime axétil,"Antibacterien (Cepha-losporines)","Infectiologie-parasi-tologie",2926,4180,-
PTM6740,"ROXCEF DS 125 mg poudre pour suspension buvable,flacon de 60 ml",Céfuroxime axétil,"Antibacterien (Cepha-losporines)","Infectiologie-parasi-tologie","2215,5",3165,-
PTM6741,"ROX-CLAV 625 mg comprimé, boîte de 2X7","Amoxicilline/ Acideclavulanique","Antibacterien (Macro-lides)","Infectiologie-parasi-tologie","1389,5",1985,-
PTM6742,"ROXITROMAX 150 mg comprimé, boîte de 10",Roxithromycine,"Antibacterien (Macro-lides)","Infectiologie-parasi-tologie",2506,3580,-
PTM6743,"RoxyForte 100 mg/5 ml solution injectable, boîte de1 flacon",Fer,"Stimulant del’hématopoïèse (An-tianémique)","Hémostase - Héma-topoïèse - Hémoglo-binopathies","1046,5",1495,-
PTM6744,RUBIRED suspension buvable flacon de 150 Ml,"Fer élementaire/Acidefolique/Cyanocobala-mine","Stimulant del’hématopoïèse (An-tianémique)","Hémostase - Héma-topoïèse - Hémoglo-binopathies","2369,5",3385,-
PTM6745,"RUBIRED comprimé  , boite de 10","Fer élementaire/Acidefolique/Cyanocobala-mine","Stimulant del’hématopoïèse (An-tianémique)","Hémostase - Héma-topoïèse - Hémoglo-binopathies","1599,5",2285,-
PTM6746,"RUCOLD sirop, flacon de 100 ml","Paracetamol/ Phény-léphrine/ Chlorphéna-mine","Rhinites-Sinu-sites-Rhumes","Oto-Rino-Laryngo-logie",777,1110,-
PTM6747,"RUFEX 500 mg comprimé pelliculé, boîte de 10",Céfuroxime,"Antibacterien (Cepha-losporines)","Infectiologie-parasi-tologie","3755,5",5365,-
PTM6748,"RUNN 100 comprimé, boîte de 30",Diclofénac,"Anti-inflammatoiresnon steroidiens",Anti-inflammatoires,"2740,5",3915,-
PTM6749,"RUNN gel, tube de 30 g","Diclofénac/ Huile delin/ Méthyl salicylate/Menthol","Anti-inflammatoiresnon steroidiens",Anti-inflammatoires,1645,2350,-
PTM6750,"RUNN-P 100mg / 500 mg comprimés, boîte de 10","Acéclofénac/ Paracé-tamol","Anti-inflammatoiresnon steroidiens+An-talgiques",Anti-inflammatoires,"913,5",1305,-
PTM6751,"SAFEX KIT comprimé, boîte de 4","Fluconazole 150 mg/ Azithromycine 1 g /Secnidazole 1 g",Antiinfectieux,"Infectiologie-parasi-tologie","2740,5",3915,-
CODES,DESIGNATION,COMPOSITION,"SOUS CLASSEPHARMACO- THERA-PEUTIQUE","CLASSE PHARMA-CO- THERAPEU-TIQUE","PRIX BASE DEREMBOURSEMENT (G) x 70%","PRIXPUBLIC","ACCORDPREALABLE"
PTM6753,"SAFXONE 500 mg poudre injectable, boîte de 1flacon+solvant de 5 ml",Ceftriaxone,"Antibacterien (Cepha-losporines)","Infectiologie-parasi-tologie",525,750,-
PTM6754,"SAKARIN 25 000 UI injectable, flacon de 5 ml",Héparine,Trombolytique,"Cardiologie-angéio-logie","5512,5",7875,-
PTM6755,SALAZOPYRINE 500 mg comprimé boite de 10,Salazopyrine,Anti-inflammatoire,Rhumatologie,"969,5",1385,-
PTM6756,"SALBUTUS sirop, flacon de 100 ml",Salbutamol,Antiasthmatique,Pneumologie,1372,1960,-
PTM6757,"SALBUTUS® 2 mg/ 5 mLsirop,  flacon de 200 Ml",Salbutamol,Antiasthmatique,Pneumologie,"913,5",1305,-
PTM6758,"SALBUTAMOL-SANAVITA 100 mcg suspension pourinhalation, flacon de 200 doses",Salbutamol,Antiasthmatique,Pneumologie,910,1300,-
PTM6759,"SALOCIN 500 mg comprimé pelliculé, boîte de 10",Levofloxacine,"Antibacterien (Quino-lones)","Infectiologie-parasi-tologie","1046,5",1495,-
PTM6760,"SANOZOL 400 mg comprimé à croquer,  boîte de 3",Albendazole,Antihelmintique,"Infectiologie-parasi-tologie","885,5",1265,-
PTM6761,"SANAXONE 1000 poudre pour injection, boîte de 1flacon",Ceftriaxone,"Antibacterien (Cepha-losporines)","Infectiologie-parasi-tologie",1050,1500,-
PTM6762,"SANDROX DS 250 suspension orale, flacon de 100 ml",Céfadroxil,"Antibacterien (Cepha-losporines)","Infectiologie-parasi-tologie","2229,5",3185,-
PTM6763,"SANFUR 500 comprimé, boîte de 10",Cefuroxime,"Antibacterien (Cepha-losporines)","Infectiologie-parasi-tologie","4000,5",5715,-
PTM6764,"SANIX 200 comprimé, boîte de 10",Céfixime,"Antibacterien (Cepha-losporines)","Infectiologie-parasi-tologie","3188,5",4555,-
PTM6765,"SAPHIR 1000 mg/125 mg poudre pour suspensionbuvable, boîte de 16 sachets","Amoxicilline/ Acideclavulanique","Antibacterien (Penicil-lines)","Infectiologie-parasi-tologie",5712,8160,-
PTM6766,"SAPHIR 500 mg/62?5 mg poudre pour suspensionbuvable, boîte de 12 sachets","Amoxicilline/ Acideclavulanique","Antibacterien (Penicil-lines)","Infectiologie-parasi-tologie","2796,5",3995,-
PTM6767,"SAVOEFFER COLD & FLU comprimé effervescent,boîte de 12","Paracétamol/Caféine /Phényléphrine/Chlor-pheniramine","Antalgique/Antihista-minique","Oto-Rino-Laryngo-logie",1827,2610,-
PTM6768,"SAVOXIME 400 mg comprimé pelliculé, boîte de 10",Cefixime,Antibacterien,"Infectiologie-parasi-tologie","6394,5",9135,-
CODES,DESIGNATION,COMPOSITION,"SOUS CLASSEPHARMACO- THERA-PEUTIQUE","CLASSE PHARMA-CO- THERAPEU-TIQUE","PRIX BASE DEREMBOURSEMENT (G) x 70%","PRIXPUBLIC","ACCORDPREALABLE"
PTM6769,SB-FLAM 100 mg sirop flacon de 100 mL,Ibuprofene,"Anti-inflammatoiresnon stéroidiens",Anti-inflammatoires,700,1000,-
PTM6770,"SB-MOL 125 mg/5 mL, sirop flacon de 100 Ml",Paracetamol,"Antalgiques-Antipyré-tiques","Antalgiques-Antipy-rétiques-Antispas-modiques",525,750,-
PTM6771,"SCARID gel, tube de 15 g","Acétate de vitamine E/DC CB 3060/ DC 9045",Vitamines,"Metabolisme- nutri-tion-diabete","4665,5",6665,-
PTM3595,"SECAMIB 1 g comprimé, boîte de 2",Secnidazole,Antifongique,"Infectiologie-parasi-tologie",2009,2870,-
PTM6772,"SCIMALT-FA 125mg/0,35mg/5ml sirop, flacon de120ml","Fer/Hydroxide polymal-tose/Acide folique",Antianémique,"Hémostase - Héma-topoïèse - Hémoglo-binopathies",3164,4520,-
PTM6773,"SCIPIRIDE 25 mg comprimé, boite de 30",Levosulpiride,Antipsychotique,"Neurologie-Psychia-trie","3489,5",4985,-
PTM6774,"SCIRICA 75mg comprimé, boite de 28",Pregabaline,Antiépileptique,Neurologie,4361,6230,-
PTM6775,"SCOLTA 10 mg Comprimé,boite de 30",Rosuvastatin,Antilipidique,"Cardiologie-angeio-logie",7126,10180,-
PTM6776,"SCOLTA 20 mg Comprimé,boite de 30",Rosuvastatin,Antilipidique,"Cardiologie-angeio-logie",12117,17310,-
PTM6777,"SCOLTA 40 mg Comprimé,boite de 31",Rosuvastatin,Antilipidique,"Cardiologie-angeio-logie","17622,5",25175,-
PTM3598,"SECNOL 2 g, granulés en sachet dose, boite de 1",Secnidazole anhydre,Antifongique,"Infectiologie-parasi-tologie",2541,3630,-
PTM6778,"SEDALAM® 15 mg/ 3 mL solution injectable, boîte de5 flacons",Midazolan,Anxiolytiques,"Psychiatrie-Neuro-logie",5551,7930,-
PTM6779,"SEDALAM® 5 mg/ mL   solution injectable, boîte de10 flacons",Midazolan,Anxiolytiques,"Psychiatrie-Neuro-logie","9831,5",14045,-
PTM6780,"SEFIXI 1000 mg poudre injectable, boîte de 1 flacon+ solvant de 10 ml",Ceftriaxone,"Antibacterien (Cepha-losporines)","Infectiologie-parasi-tologie","710,5",1015,-
CODES,DESIGNATION,COMPOSITION,"SOUS CLASSEPHARMACO- THERA-PEUTIQUE","CLASSE PHARMA-CO- THERAPEU-TIQUE","PRIX BASE DEREMBOURSEMENT (G) x 70%","PRIXPUBLIC","ACCORDPREALABLE"
PTM6782,"SEKALGIC comprimé, boîte de 12","Paracétamol/ Ibupro-fène/ Caféine","Antalgiques-Antipy-rétiques-Antispasmo-diques","Antalgiques-Antipy-rétiques-Antispas-modiques",868,1240,-
PTM6783,"SEKALGIC suspension buvable, flacon de 100 ml","Paracétamol/ Ibupro-fène","Antalgiques-Antipy-rétiques-Antispasmo-diques","Antalgiques-Antipy-rétiques-Antispas-modiques",868,1240,-
PTM3607,SEKISAN sirop FL/120ml,"L-Clopérastine chlorhy-drate","Antitussif nonnarcotique",Pneumologie,"1935,5",2765,-
PTM3608,"SEKROL 15 mg/5 ml sirop, flacon de 100 ml","Chlorhydrate d’am-broxol",Mucolytique,Pneumologie,1463,2090,-
PTM6784,"SEKROL 30 mg/5 ml sirop, flacon de 150 ml","Chlorhydrate d’am-broxol",Mucolytique,Pneumologie,1827,2610,-
PTM3611,"SELEXID 200 mg comprimé pelliculé, boîte de 12","Chlorhydrate de Pivme-cillinam","Anti-inflammatoirenonstéroïdien",Anti-inflammatoire,7560,10800,-
PTM6785,"SENERGY PLUS® 10 mg/160 mg/12,5 mg comprimépelliculé, boîte de 30",Amlodipine/Valsartan,Antihypertenseur,"Cardiologie-Angeio-logie","15641,5",22345,-
PTM6786,"SENERGY PLUS® 10 mg/160 mg/25 mg comprimépelliculé, boîte de 3",Amlodipine/Valsartan,Antihypertenseur,"Cardiologie-Angeio-logie","15914,5",22735,-
PTM6787,"SENERGY PLUS® 5mg/160 mg/12,5 mg comprimépelliculé, boîte de 30",Amlodipine/Valsartan,Antihypertenseur,"Cardiologie-Angeio-logie","15081,5",21545,-
PTM6788,"SENERGY PLUS® 5mg/160 mg/25mg comprimépelliculé, boîte de 31",Amlodipine/Valsartan,Antihypertenseur,"Cardiologie-Angeio-logie",15330,21900,-
PTM6789,"SENERGY® 10 mg/160 mg comprimé pelliculé, boîtede 30",Amlodipine/Valsartan,Antihypertenseur,"Cardiologie-Angeio-logie",11739,16770,-
PTM6790,"SENERGY® 5 mg/160 mg comprimé pelliculé, boîtede 30",Amlodipine/Valsartan,Antihypertenseur,"Cardiologie-Angeio-logie","11105,5",15865,-
PTM6791,"SERC 8 mg  comprimé, boîte de 90",Betahistine,Antivertigineux,Neurologie,6020,8600,-
PTM6792,"SEROFLO 125 inhalateur, boîte de 1 flacon de 120doses",Salmétérol/ Fluticasone,"Rhinites-Sinu-sites-Rhumes","Oto-Rino-Laryngo-logie",8316,11880,-
CODES,DESIGNATION,COMPOSITION,"SOUS CLASSEPHARMACO- THERA-PEUTIQUE","CLASSE PHARMA-CO- THERAPEU-TIQUE","PRIX BASE DEREMBOURSEMENT (G) x 70%","PRIXPUBLIC","ACCORDPREALABLE"
PTM6794,"SEROFLO 50 inhalateur, boîte de 1 flacon de 120doses",Salmétérol/ Fluticasone,"Rhinites-Sinu-sites-Rhumes","Oto-Rino-Laryngo-logie","3216,5",4595,-
PTM3642,"SERUM ANTI TETANIQUE (SAT) I.P 1,0 ml 1500 U.I",Serum anti tétanique,Tetanos,"Infectiologie-parasi-tologie",2604,3720,-
PTM3652,SERVIFLOX 250 mg Comprimé enrobé boîte de 10,Ciprofloxacine,"Antibacterien (Fluoro-quinolones)","Infectiologie-parasi-tologie",1918,2740,-
PTM3653,"SERVIFLOX 500 mg comprimé, boîte de 10",Ciprofloxacine,"Antibacterien (Fluoro-quinolones)","Infectiologie-parasi-tologie","2558,5",3655,-
PTM3654,SERVIFLOX 750 mg Comprimé enrobé boîte de 10,Ciprofloxacine,"Antibacterien (Fluoro-quinolones)","Infectiologie-parasi-tologie",3024,4320,-
PTM6795,"SETRONAX 8mg/4ml ampoule injectable, boite de 1",Ondansetron,Antiemetique,"Gastro-entero-He-patologie",2940,4200,-
PTM6796,SETRONAX 8mg/4ml suspension buvable,Ondansetron,Antiemetique,"Gastro-entero-He-patologie",5481,7830,-
PTM6797,"SHALCIP TZ 500 mg/600 mg comprimé, boîte de 10","Ciprofloxacine/ Tini-dazole","Antibacterien (Fluoro-quinolones)+antifon-gique","Infectiologie-parasi-tologie",1750,2500,-
PTM6798,"SHALZIN 100 mg/5 ml poudre pour suspensionbuvable USP, flacon de 30 ml",Azithromycine,"Antibacterien (macro-lides)","Infectiologie-parasi-tologie","1746,5",2495,-
PTM6799,"SHALZIN 500 mg comprimé, boîte de 3",Azithromycine,"Antibacterien (macro-lides)","Infectiologie-parasi-tologie",2100,3000,-
PTM6800,"SHIBUDAL capsule, boîte de 30","Paracétamol/ Ibupro-fène/ Caféine","Antalgiques-Antipy-rétiques-Antispasmo-diques","Antalgiques-Antipy-rétiques-Antispas-modiques","1186,5",1695,-
PTM6801,"SIFLOKS® 500 mg comprimé pelliculé sécable, boîtede 14","Ciprofloxacine500 mg","Antibacterien (Quino-lones)","Infectiologie-parasi-tologie",1876,2680,-
PTM6802,"SILVEREX crème, tube de 25 g","Sulfadiazine argen-tique/ Gluconate dechlorhexidine",Anti-inflammatoires,Dermatologie,"1249,5",1785,-
CODES,DESIGNATION,COMPOSITION,"SOUS CLASSEPHARMACO- THERA-PEUTIQUE","CLASSE PHARMA-CO- THERAPEU-TIQUE","PRIX BASE DEREMBOURSEMENT (G) x 70%","PRIXPUBLIC","ACCORDPREALABLE"
PTM6803,"SIMECON sirop, flacon de 120 ml","Hydroxyde d’Alumi-nium/ Hydroxyde deMagnesium/ Si-methicone","Antiacides+panse-ments gastriques","Gastro-entero-He-patologie","1095,5",1565,-
PTM3663,"SIMVA-DENK 20 CP PELLICULE, B/30",Simvastatine,Hypolipémiants,"Cardiologie-angéio-logie",5964,8520,-
PTM3664,"SIMVA-DENK 40 CP PELLICULE, B/30",Simvastatine,Hypolipémiants,"Cardiologie-angéio-logie",8225,11750,-
PTM3668,SINTRON 4 mg comprimé boite de 30,Acenocoumarol,Antivitamine K,"Cardiologie-Angéio-logie-Hemato",2695,3 850,-
PTM3670,"SKIACOL 0,5% COLLYRE",Cyclopentolate,Anticholinergique,Ophtalmologie,5460,7 800,-
PTM6804,"SKINOSALIC lotion, flacon de 30 g","Bétaméthasone dipro-pionate/ Acide salicy-lique",Anti-infectieux,Dermatologie,"1326,5",1895,-
PTM6805,"SKINOSALIC pommade, flacon de 30 g","Bétaméthasone dipro-pionate/ Acide salicy-lique",Anti-infectieux,Dermatologie,"1326,5",1895,-
PTM3673,"SMECTA 3 g FRAISE, poudre pour suspensionbuvable en sachet, boîte de 12 sachets",Diosmectite,Antidiarrhéique,"Gastro-entero-He-patologie",1554,2220,-
PTM6806,"SMEDYL® 3 g poudre pour suspension buvable, boîtede 20 sachets",Diosmectite,Antidiarrhéique,"Gastro-entero-He-patologie","2579,5",3685,-
PTM6807,"SOCLAV 1 g/125 mg poudre pour suspension oraleen sachet boîte de 12 sachets-doses","Amoxicilline/Acideclavulanique","Antibacterien (Penicil-lines)","Infectiologie-parasi-tologie",4032,5760,-
PTM6808,"SOCLAV 1 g/125 mg poudre pour suspension oraleen sachet boîte de 16 sachets-doses","Amoxicilline/Acideclavulanique","Antibacterien (Penicil-lines)","Infectiologie-parasi-tologie","5575,5",7965,-
PTM6809,"SOCLAV® 500 mg/62,5 mg poudre pour suspensionbuvable, boîte de 16 sachets","Amoxicilline/Acideclavulanique","Antibacterien (Penicil-lines)","Infectiologie-parasi-tologie",4032,5760,-
PTM6810,"SOCLAV 100mg/12,5 mg/ml Enfant et Nourrissonpoudre pour suspension orale, flacon de 60 ml","Amoxicilline/Acideclavulanique","Antibacterien (Penicil-lines)","Infectiologie-parasi-tologie",2632,3760,-
CODES,DESIGNATION,COMPOSITION,"SOUS CLASSEPHARMACO- THERA-PEUTIQUE","CLASSE PHARMA-CO- THERAPEU-TIQUE","PRIX BASE DEREMBOURSEMENT (G) x 70%","PRIXPUBLIC","ACCORDPREALABLE"
PTM6811,"SOFTDROPS goutte oculaire, flacon de 10 mL",Carboxyméthylcellulose,Secheresse oculaire,Ophtalmologie,1645,2350,-
PTM3681,"SOLCER 40 mg, lyophilisat pour injection, boîte de 1flacon + 1 diluant",Oméprazole,Antiacides,"Gastro-entero-He-patologie",3199,4570,-
PTM6812,"SOLCER SR 20 mg gélule, boîte de 4X7",Oméprazole,Antiacides,"Gastro-entero-He-patologie","4112,5",5875,-
PTM6813,"SOLEXIM 100 mg/5 ml suspension buvable, flaconde 60 ml",Cefixime,"Antibacterien (Cepha-losporines)","Infectiologie-parasi-tologie",3654,5220,-
PTM6814,"SOLEXIM 200 mg comprimés, boîte de 10",Cefixime,"Antibacterien (Cepha-losporines)","Infectiologie-parasi-tologie","2943,5",4205,-
PTM6815,"SOLEXIM-N 50 mg/5 ml poudre pour suspensionbuvable, flacon de 60 ml",Cefixime,"Antibacterien (Cepha-losporines)","Infectiologie-parasi-tologie","2285,5",3265,-
PTM6816,"SOLFER sirop, flacon de 200 ml","Citrate d’Ammoniumferrique Equivalentà Fer élémentaire   /Sulfate de zinc heptahy-draté Equivalent à Zincélémentaire/ VitamineB1/ Vitamine B2/ Vita-mine B/ Vitamine B12/Acide folique","Stimulant de l’hema-topoiese","Hémostase - Héma-topoïèse - Hémoglo-binopathies",2065,2950,-
PTM6817,"SOLFER FORTE gellule, Boite de 30","Citrate d’Ammoniumferrique Equivalentà Fer élémentaire   /Sulfate de zinc heptahy-draté Equivalent à Zincélémentaire/ VitamineB1/ Vitamine B2/ Vita-mine B/ Vitamine B12/Acide folique","Stimulant de l’hema-topoiese","Hémostase - Héma-topoïèse - Hémoglo-binopathies",896,1280,-
PTM6818,"SOLMOX 500 mg gélule, boîte de 10",Amoxicilline,"Antibacterien (Penicil-lines)","Infectiologie-parasi-tologie",525,750,-
CODES,DESIGNATION,COMPOSITION,"SOUS CLASSEPHARMACO- THERA-PEUTIQUE","CLASSE PHARMA-CO- THERAPEU-TIQUE","PRIX BASE DEREMBOURSEMENT (G) x 70%","PRIXPUBLIC","ACCORDPREALABLE"
PTM6820,"SOLPOX 1 g poudre pour suspension injectable IM/IV, flacon de 1 g",Ampicilline,"Antibacterien (Penicil-lines)","Infectiologie-parasi-tologie",280,400,-
PTM3686,"SOLUMEDROL 120 mg/2 ml poudre et solvant poursolution injectable, boîte de 1","Méthylprednisolonehémisuccinate","Anti-inflammatoiressteroidiens",Anti-inflammatoires,"2922,5",4175,-
PTM3687,"SOLUMEDROL 20 mg/2 ml poudre et solvant poursolution injectable, boîte de 1","Méthylprednisolonehémisuccinate","Anti-inflammatoiressteroidiens",Anti-inflammatoires,833,1190,-
PTM3688,SOLUMEDROL 40mg S inj Fl+solv/2ml,"Méthylprednisolonehémisuccinate","Anti-inflammatoiressteroidiens",Anti-inflammatoires,"1270,5",1815,-
PTM6821,"Soluté de Réhydratation Orale ( SRO ) pournourrissons et enfants, boîte de 10 sachets","Glucose/ Citrate tri-sodique/ Chlorure depotassium/ Chlorure desodium",Rehydratant,Pédiatrie,77,110,-
PTM3693,"SOMAZINA 1000 mg solution buvable, boîte de 5ampoules de 4 ml","Sel de sodium de citi-coline",Psychostimulant,Psychiatrie,"16383,5",23405,-
PTM3695,"SOMAZINA 500 mg solution injectable, boîte de 5ampoules de 5 ml","Sel de sodium de citi-coline",Psychostimulant,Psychiatrie,"12526,5",17895,-
PTM3697,"SOMAZINA solution buvable, flacon de 30 ml","Sel de sodium de citi-coline",Psychostimulant,Psychiatrie,"14017,5",20025,-
PTM6823,"SON 1 g poudre pour injection, boîte de 1 flacon + 1ampoule de 10 mL d’eau stérile","Ceftriaxone USP1 g","Antibacterien (Cepha-losporines)","Infectiologie-parasi-tologie","717,5",1025,-
PTM6824,"SON 500 mg poudre pour injection, boîte de 1 flacon+ 1 ampoule de 10 mL d’eau stérile","Ceftriaxone USP (500mg)","Antibacterien (Cepha-losporines)","Infectiologie-parasi-tologie",525,750,-
PTM6825,"SOTADINE 5 mg comprimés enrobés, boîte de 15",Desloratadine,Antihistaminique,Allergologie,"2740,5",3915,-
PTM3746,"SOPHTAL 0,1% collyre, flacon de 10 ml",Acide salicylique,"Anti-inflammatoiresnon steroidiens",Anti-inflammatoires,5600,8000,-
PTM6826,"SOTAMOX 1,2 g injectable, boîte de 1 flacon +solvant de 10 ml","Amoxicilline/ AcideClavulanique","Antibacterien (Penicil-lines)","Infectiologie-parasi-tologie",2009,2870,-
CODES,DESIGNATION,COMPOSITION,"SOUS CLASSEPHARMACO- THERA-PEUTIQUE","CLASSE PHARMA-CO- THERAPEU-TIQUE","PRIX BASE DEREMBOURSEMENT (G) x 70%","PRIXPUBLIC","ACCORDPREALABLE"
PTM6828,"SPAQ-CO 500 mg/25 mg/153 mg comprimédispersible, boîte de 1 co-blisters de 3 + 1","Chaque comprimé desulfadoxine et de Pyri-méthamine contient :Sulfadoxin/ Pyrimé-thamine  Et chaquecomprimé contient:Amodiaquine",Antipaludique,"Infectiologie-parasi-tologie",350,500,-
PTM6829,"SPAQ-COTM 250 mg/12, 5 mg/75 mg comprimé, boîtede 1 co-blisters de 3 +1","Chaque comprimé desulfadoxine et de Pyri-méthamine contient :Sulfadoxin/ Pyrimé-thamine  Et chaquecomprimé contient:Amodiaquine",Antipaludique,"Infectiologie-parasi-tologie",350,500,-
PTM3759,"SPASFON 40 mg/0,04 mg injectable, 1 ampoule",Phloroglucinol,Antispasmodiques,"Antalgiques-Antipy-rétiques-Antispas-modiques","332,5",475,-
PTM3758,"SPASFON 80 mg comprimé, boîte de 30",Phloroglucinol,Antispasmodiques,"Antalgiques-Antipy-rétiques-Antispas-modiques",1491,2130,-
PTM3757,"SPASFON suppositoire, boite de 10",Phloroglucinol,Antispasmodiques,"Antalgiques-Antipy-rétiques-Antispas-modiques",1526,2180,-
PTM6830,"SPASFON-LYOC 160 mg lyophilisats oraux, boîte de 5",Phloroglucinol,Antispasmodiques,"Antalgiques-Antipy-rétiques-Antispas-modiques",1918,2740,-
PTM3761,"SPASFON-LYOC 80 mg lyophilisats oraux, boîte de 10",Phloroglucinol,Antispasmodiques,"Antalgiques-Antipy-rétiques-Antispas-modiques","1753,5",2505,-
PTM6831,"SPASMEX® 150 mg/150mg suppositoires, boîte de 6","Phloroglucinol/Trimé-thoxybenzène",Antispasmodiques,"Antalgiques-Antipy-rétiques-Antispas-modiques",1526,2180,-
"",,,SOUS CLASSE CLASSE PHARMA-,PRIX BASE DE,,
"",,,,,PRIX,ACCORD
CODES,DESIGNATION,COMPOSITION,PHARMACO- THERA- CO- THERAPEU-,REMBOURSE,,
"",,,,,PUBLIC,PREALABLE
"",,,PEUTIQUE TIQUE,MENT (G) x 70%,,
"",,Antalgiques-Antipy-Phloroglucinol/Trimé-,,,,
PTM6833,"SPASMEX® 80 mg comprimé, boîte de 10",-thoxybenzène,Antispasmodiques rétiques-Antispas-,1491,2130,
"",,,modiques,,,
"","Antalgiques-Antipy-SPASMO-APOTEL  (500+10) mg comprimé pelliculé,",Paracétamol/ Hyoscine,Antispasmo-,,,
PTM3762,-boîte de 20,butylbromide,rétiques-Antispas- diques+Antalgiques,1848,2640,
"",,,modiques,,,
"",Antalgiques-Antipy-SPASMO-APOTEL  (600+20) mg/4 ml solution pour,Paracétamol/ Hyoscine,Antispasmo-,,,
PTM3763,"-injection, boîte de 3 ampoules",butylbromide,rétiques-Antispas- diques+Antalgiques,"3657,5",5225,
"",,,modiques,,,
"","Antalgiques-Antipy-SPASMO-APOTEL  (800+10) mg suppositoire, boîte",Paracétamol/ Hyoscine,Antispasmo-,,,
PTM3764,-de 5,butylbromide,rétiques-Antispas- diques+Antalgiques,1736,2480,
"",,,modiques,,,
"",,Antalgiques-Antipy-Hyocine 20 mg+ Para-,Antispasmo-,,,
PTM6834,SPASMOKIL Comprimé boite/10,,rétiques-Antispas-,910,1300,-
"",,cetamol,diques+Antalgiques,,,
"",,,modiques,,,
"",,Antalgiques-Antipy-Hyocine 20 mg+ Para-,Antispasmo-,,,
PTM6835,SPASMOKIL Injectable/3,,rétiques-Antispas-,910,1300,-
"",,cetamol,diques+Antalgiques,,,
"",,,modiques,,,
"","SPASMOBUTINE granulé pour suspension buvable,",,Gastro-entero-He-,,,
PTM3765,-flacon de 250 ml,Trimebutine,Troubles digestives patologie,1827,2610,
"","Antalgiques-Antipy-SPASMOSYL 80 mg comprimé dispersible, boîte de",,,,,
PTM6836,,Phloroglucinol,Antispasmodiques rétiques-Antispas-,1372,1960,-
"",20,,,,,
"",,,modiques,,,
"","Antalgiques-Antipy-SPASMOSYL-INJECT 40 mg/40 μg solution injectable,",,,,,
PTM6837,-boîte de 6 ampoules de 4 ml,Phloroglucinol,Antispasmodiques rétiques-Antispas-,1645,2350,
"",,,modiques,,,
"","Antalgiques-Antipy-SPASMOSYL-SUPPO 150 mg suppositoire, boîte de",,,,,
PTM6838,,Phloroglucinol,Antispasmodiques rétiques-Antispas-,1372,1960,-
"",10,,,,,
"",,,modiques,,,
"",,,Antalgiques-Antipy-,,,
PTM6839,"SPASMOTROY 20 mg/ml IM/IV injectable, boite de 1",Drotaverine,Antispasmodique rétiques-Antispas-,364,520,-
"",,,modiques,,,
"",,,Antalgiques-Antipy-,,,
PTM6840,"SPASMOTROY 40 mg comprimé, boite de 20",Drotaverine,Antispasmodique rétiques-Antispas-,1050,1500,-
"",,,modiques,,,
CODES,DESIGNATION,COMPOSITION,"SOUS CLASSEPHARMACO- THERA-PEUTIQUE","CLASSE PHARMA-CO- THERAPEU-TIQUE","PRIX BASE DEREMBOURSEMENT (G) x 70%","PRIXPUBLIC","ACCORDPREALABLE"
PTM6841,"SPASMOTROY 80 mg comprimé, boite de 20",Drotaverine,Antispasmodique,"Antalgiques-Antipy-rétiques-Antispas-modiques",2100,3000,-
PTM6842,"SPECIAL KID CALCIUM VIT D3 sirop, flacon de 125 Ml",Calcium+Vitamine D,Vitamine,Rhumatologie,2870,4100,-
PTM3768,"SPEDIFEN 200 mg comprimé, boîte de 20",Ibuprofène,"Anti-inflammatoirenonstéroïdien",Anti-inflammatoires,"1004,5",1435,-
PTM6843,"SPIFEN 200 mg comprimé, boîte de 30",Ibuprofène,"Anti-inflammatoirenonstéroïdien",Anti-inflammatoires,"1095,5",1565,-
PTM6844,"SPIFEN 400 mg comprimé pelliculé, boîte de 20",Ibuprofène,"Anti-inflammatoirenonstéroïdien",Anti-inflammatoires,1491,2130,-
PTM3769,"SPIFEN 400 mg granulé pour solution buvable ensachet-dose, boîte de 20",Ibuprofène,"Anti-inflammatoirenonstéroïdien",Anti-inflammatoires,"1662,5",2375,-
PTM6845,"SPINOX 75 comprimé pelliculé, boîte de 3 x 10",Spironolactone,Diurétique,"Cardiologie-angéio-logie",5481,7830,-
PTM6846,"SPINOX 50 comprimé pelliculé, boîte de 3 x 10",Spironolactone,Diurétique,"Cardiologie-angéio-logie","4112,5",5875,-
PTM6847,"SPIRACARE® 3 M.UI comprimé pelliculé, boîte de 10",Spiramycine,"Antibacterien (Macro-lides)","Infectiologie-parasi-tologie",2730,3900,-
PTM3770,"SPIRALIDE 3MUI comprimé pelliculé sécable, boitede 10",Spiramycine,"Antibacterien (Macro-lides)","Infectiologie-parasi-tologie",3199,4570,-
PTM6848,"SPIREX PLUS comprimé pelliculé, boîte de 20","Spiramycine/ Métroni-dazole","Antibacterien (Macro-lides+Imidazolés)","Infectiologie-parasi-tologie","3930,5",5615,-
PTM6849,"SPIROGYL 0,75 MUI/125 mg comprimé pelliculé,boîte de 20","Spiramycine/ Métroni-dazole","Antibacterien (Macro-lides+Imidazolés)","Infectiologie-parasi-tologie",3570,5100,-
PTM6850,"STACEF-1000 poudre injectable, boîte de 1 flacon +solvant",Ceftriaxone,Antibacterien,"Infectiologie-parasi-tologie",700,1000,-
CODES,DESIGNATION,COMPOSITION,"SOUS CLASSEPHARMACO- THERA-PEUTIQUE","CLASSE PHARMA-CO- THERAPEU-TIQUE","PRIX BASE DEREMBOURSEMENT (G) x 70%","PRIXPUBLIC","ACCORDPREALABLE"
PTM3786,"STERDEX pommade ophtalmique en récipientunidose, boîte de 12","Dexamethasone/ Oxy-tétracycline","Anti-inflammatoiressteroidiens",Ophtalmologie,1820,2600,-
PTM3787,"STERICEF 1g Inj, boite de 1 flacon+ solvant de 3,5ml",Ceftriaxone,"Antibacterien (Cepha-losporines)","Infectiologie-parasi-tologie","1361,5",1945,-
PTM3788,"STERICEF 250mg Inj, boite de 1 flacon+ solvant de2ml",Ceftriaxone,"Antibacterien (Cepha-losporines)","Infectiologie-parasi-tologie","738,5",1055,-
PTM3789,"STERICEF 500mg Inj, boite de 1 flacon+ solvant de2ml",Ceftriaxone,"Antibacterien (Cepha-losporines)","Infectiologie-parasi-tologie",1134,1620,-
PTM3792,"STERIMAR bébé/enfant nez bouché (hypertonique),flacon de 50 ml","Eau de mer /Tracesd’ions Cu++ et Mn++","Hygienes et deconges-tionnants nasals","Oto-Rino-Laryngo-logie",3962,5660,-
PTM3794,"STERIMAR soufre, flacon de 50 ml","Eau de mer (thiosulfatede sodium pentahydra-té)/Eau purifiée qsp","Hygienes et deconges-tionnants nasals","Oto-Rino-Laryngo-logie","2705,5",3865,-
PTM6851,"STERITAX 1500 mg solution injectable, boîte de 1flacon + solvant",Ceftriaxone/ Sulbactam,"Antibacterien (Cepha-losporines)","Infectiologie-parasi-tologie",2093,2990,-
PTM6852,"STERITAX 750 mg solution injectable, boîte de 1flacon + solvant",Ceftriaxone/ Sulbactam,"Antibacterien (Cepha-losporines)","Infectiologie-parasi-tologie",1463,2090,-
PTM3806,"STOPADOL 500 mg comprimé, boîte de 20",Paracétamol/ Codéine,Anestesique opioide,"Antalgiques-Antipy-rétiques-Antispas-modiques",357,510,-
PTM3809,"STRESAM 50 mg gélule, boîte de 24","CHLORHYDRATE D’ETI-FOXINE","Hypnotique, sédatif,anxiolytique",Psychiatrie,"1634,5",2335,-
PTM3810,"STRESAM 50 mg gélule, boîte de 60","CHLORHYDRATE D’ETI-FOXINE","Hypnotique, sédatif,anxiolytique",Psychiatrie,3255,4650,-
PTM6853,"STRIMIDE 2,5 mg comprimés, boîte de 4X7",Indapamide,Diurétique,"Cardiologie-angéio-logie","3517,5",5025,-
PTM3811,STRIMOL EXTRA® 500 mg/30 mg Cp Boîte de 20,"Paracétamol (acétami-nophène)/ Caféine",Antalgiques,"Antalgiques-Antipy-rétiques-Antispas-modiques",693,990,-
PTM3813,"STRIPRIL® 10 mg, comprimés boite de 3 x 10.",Lisinopril,Antihypertenseur,"Cardiologie-angéio-logie","4084,5",5835,-
CODES,DESIGNATION,COMPOSITION,"SOUS CLASSEPHARMACO- THERA-PEUTIQUE","CLASSE PHARMA-CO- THERAPEU-TIQUE","PRIX BASE DEREMBOURSEMENT (G) x 70%","PRIXPUBLIC","ACCORDPREALABLE"
PTM6854,"SUFIX 100 mg/5ml suspension buvable, flacon de100 ml",Céfixime,"Antibacterien (Cepha-losporines)","Infectiologie-parasi-tologie",3654,5220,-
PTM6855,"SUFIX 200 comprimé, boîte de 10",Céfixime,"Antibacterien (Cepha-losporines)","Infectiologie-parasi-tologie",2744,3920,-
PTM6856,"SUFIX 400 comprimé, boîte de 10",Céfixime,"Antibacterien (Cepha-losporines)","Infectiologie-parasi-tologie",3199,4570,-
PTM6857,"SULBACEF® - 1,5 g poudre pour injection, boîte de 1flacon +  solvants de 10 Ml","Ceftriaxone    1 gSulbactam    500 mg","Antibacterien (Cepha-losporines)","Infectiologie-parasi-tologie","2740,5",3915,-
PTM6858,"SULBACEF®-750 mg injectable pour usage IM/IV,boîte de 1 flacon",Ceftriaxone/ Sulbactam,"Antibacterien (Cepha-losporines+Penicil-lines)","Infectiologie-parasi-tologie","2740,5",3915,-
PTM6859,"SULFA-V crème, tube de 80 g","Sulfathiazole/ Sulfaben-zamide/ Sulfacétamide","Antibacterien (Sulfa-midés)","Infectiologie-parasi-tologie","1326,5",1895,-
PTM3825,"SULFOBACTIN 250 mg comprimé, boîte de 16",Thiamphénicol,"Antibacterien (Phéni-colés)","Infectiologie-parasi-tologie","1900,5",2715,-
PTM3824,"SULFOBACTIN 500 mg comprimé, boîte de 20",Thiamphénicol,"Antibacterien (Phéni-colés)","Infectiologie-parasi-tologie",4522,6460,-
PTM6860,"SULPIRIDE MERINAL 50 mg gélule, boîte de 30",Sulpiride,Anxiolytiques,Psychiatrie,1372,1960,-
PTM6861,"SUNEX® 120 mg poudre pour injection, boîte de 1flacon + solvants",Artésunate,Antipaludique,"Infectiologie-parasi-tologie",1463,2090,-
PTM6862,"SURAXIM 200 mg comprimé,boite 8",Cefixime trihydrate,Antibiotique,"Infectiologie-parasi-tologie",2828,4040,-
PTM3827,"SULRID®50 mg comprimé, boîte de 20",Sulpiride,Anxiolytiques,Psychiatrie,2142,3060,-
PTM3830,"SUPPLIN 250 mg comprimé, boîte de 20",Métronidazole,"Antibacterien (Imi-dazolés)","Infectiologie-parasi-tologie",1771,2530,-
PTM3831,"SUPPLIN 500 mg comprimé, boîte de 20",Métronidazole,"Antibacterien (Imi-dazolés)","Infectiologie-parasi-tologie","1991,5",2845,
CODES,DESIGNATION,COMPOSITION,"SOUS CLASSEPHARMACO- THERA-PEUTIQUE","CLASSE PHARMA-CO- THERAPEU-TIQUE","PRIX BASE DEREMBOURSEMENT (G) x 70%","PRIXPUBLIC","ACCORDPREALABLE"
PTM3837,"SUPRALOX suspension buvable, flacon de 250 mL",Prednisolone,Anti-inflammatoires,"Antalgiques-Antipy-rétiques-Antispas-modiques",2359,3370,-
PTM6864,"SUPRAZIN – 500 comprimé pelliculé, boîte de 3",Azithromycine,"Antibacterien (macro-lides)","Infectiologie-parasi-tologie",2100,3000,-
PTM6865,"SUPRAZIN poudre pour suspension buvable, flaconde 15 ml",Azithromycine,"Antibacterien (macro-lides)","Infectiologie-parasi-tologie","1746,5",2495,-
PTM3846,"SURDEX sirop, flacon de 60 Ml","Chlorpheniramine,phenylephrine, para-cétamol (acétamino-phène)","Rhinites-Sinu-sites-Rhumes","Oto-Rino-Laryngo-logie",686,980,-
PTM3849,"SURGAM 200 mg comprimé sécable, boîte de 20",Acide tiaprofénique,"Anti-inflammatoiresnon steroidiens",Anti-inflammatoires,"3132,5",4475,-
PTM3856,"SURQUINA 250 mg comprimé pelliculé sécable,boîte de 18",Quinine chlorhydrate,Antipaludique,"Infectiologie-parasi-tologie","2285,5",3265,-
PTM3857,"SURQUINA 490 mg/2 ml solution pour perfusion, 1ampoule",Quinine chlorhydrate,Antipaludique,"Infectiologie-parasi-tologie",420,600,-
PTM3860,"SUTRILNEO 10 mg comprimé LP, boîte de 30",Torasémide DCI,Diurétique,"Cardiologie-angéio-logie",2975,4250,-
PTM3861,"SUTRILNEO 5 mg comprimé LP, boîte de 30",Torasémide DCI,Diurétique,"Cardiologie-angéio-logie","1781,5",2545,-
PTM6866,"SWESO 40 mg poudre suspension injectable, boîtede 1 flacon",Esoméprazole,"Inhibiteur de lapompe à Protons","Gastro-entero-He-patologie",1673,2390,-
PTM6867,"SWESO TAB 20 mg comprimé, boîte de 30",Esoméprazole,"Inhibiteur de lapompe à Protons","Gastro-entero-He-patologie",2093,2990,-
PTM6868,"SWESO TAB 40 mg comprimé, boîte de 30",Esoméprazole,"Inhibiteur de lapompe à Protons","Gastro-entero-He-patologie",3472,4960,-
PTM6869,"SWICET L suspension orale, flacon de 60 ml","Hydrochlorhydrate delevocetirizine",Antihistaminique,Allergologie,1281,1830,-
PTM6870,"SWICH 200 mg comprimé, boîte de 10",Cefpodoxime Proxétil,Antibacterien,"Infectiologie-parasi-tologie",5481,7830,-
CODES,DESIGNATION,COMPOSITION,"SOUS CLASSEPHARMACO- THERA-PEUTIQUE","CLASSE PHARMA-CO- THERAPEU-TIQUE","PRIX BASE DEREMBOURSEMENT (G) x 70%","PRIXPUBLIC","ACCORDPREALABLE"
PTM6872,"SWILIDE 500 mg comprimé, boîte de 3",Azithromycine,"Antibacterien (macro-lides)","Infectiologie-parasi-tologie",3199,4570,-
PTM6873,"SWOGA 10 mg/ml solution injectable, boîte de 10ampoules de 1 ml",Metopimazine,Neuroleptique,"Psychiatrie-Neuro-logie","1326,5",1895,-
PTM6874,SYMIN 10 Injectable bte/6,Vitamine  B12,Vitamine,Neurologie,1890,2700,-
PTM6875,"SYNBEN 100/5 mL sirop, flacon de 30 Ml",Mebendazole,Antifongique,"Infectiologie-parasi-tologie",350,500,-
PTM6876,"SYNOZOLE 250 mg comprimé, boîte de 10","Métronidazole Ben-zoate","Antibacterien (Imi-dazolés)","Infectiologie-parasi-tologie",175,250,-
PTM6877,"SYNRIAM 150+750 mg comprimé, boîte de 3","Artérolane/ Phosphatede pipéraquine",Antipaludique,"Infectiologie-parasi-tologie",2576,3680,-
PTM3874,"SYNTOCINON®  5 UI/mL, solution injectable, boîtede 3 ampoules",Oxytocine,Ocytocique,Gynécologie,"878,5",1255,-
PTM3879,"TADENAN 50 mg capsule molle, boîte de 30",Prunus africana extrait,"Hypertrophie de laprostate",Urologie,"10517,5",15025,-
PTM3883,"TAHOR® 10 mg comprimé pelliculé, boîte de 28",Atorvastatine,Hypolipémiant,"Cardiologie-Angéio-logie",8981,12830,-
PTM3885,"TAHOR® 20 mg comprimé pelliculé, boîte de 28",Atorvastatine,Hypolipémiant,"Cardiologie-Angéio-logie",12887,18410,-
PTM3884,"TAHOR® 40 mg comprimé pelliculé, boîte de 28",Atorvastatine,Hypolipémiant,"Cardiologie-Angéio-logie",19271,27530,-
PTM6878,"TAMIGEN 0,3 % goutte ophtalmique et auriculaire,flacon de 5 ml",Gentamicine,Antibacterien,"Infectiologie-parasi-tologie",714,1020,-
PTM6879,"TAMIGEN-S goutte ophtalmique/auriculaire, flaconde 5 Ml","Gentamicine/Dexamé-thasone",Antibacterien,"Infectiologie-parasi-tologie","906,5",1295,-
PTM6880,"TAMSUMAC 0,4 mg gélule à libération prolongée,boîte de 30","Chlorhydrate de Tam-sulosine","Hypertrophie de laprostate",Urologie,"4385,5",6265,-
PTM6881,"TAMUXXAIR 100 μg suspension pour inhalationenflacon pressurisé de 200 doses","Salbutamol sulfatemicronisé",Antiasthmatique,Pneumologie,"1900,5",2715,-
PTM6882,"TANAGEL 500 mg gélule, boîte de 15",Tanate de gélatine,Antidysenterique,"Gastro-entero-He-patologie","2831,5",4045,-
CODES,DESIGNATION,COMPOSITION,"SOUS CLASSEPHARMACO- THERA-PEUTIQUE","CLASSE PHARMA-CO- THERAPEU-TIQUE","PRIX BASE DEREMBOURSEMENT (G) x 70%","PRIXPUBLIC","ACCORDPREALABLE"
PTM3891,"TANAKAN 40 mg/ml solution buvable, flacon de 30ml",Ginkgo,Cardiotonique,"Cardiologie-angéio-logie","4028,5",5755,-
PTM3890,TANAKAN 40 mg comprimé boite de 30,Ginkgo,Cardiotonique,"Cardiologie-angéio-logie","4028,5",5755,-
PTM3892,"TANGANIL 500 mg comprimé sécable, tube de 30",Acetylleucine,Antivertigineux,"Neurologie-Cardio-logie","2803,5",4005,-
PTM3893,"TANGANIL 500 mg/5 mL solution injectable IV, boîtede 5 ampoules",Acetylleucine,Antivertigineux,"Neurologie-Cardio-logie","1627,5",2325,-
PTM6883,"TANGANILPRO 500 mg comprimé, boîte de 30",Acetylleucine,Antivertigineux,"Neurologie-Cardio-logie","2803,5",4005,-
PTM6884,"TANZOL 400 mg comprimé, boîte de 1",Albendazole,Antihelmintique,"Infectiologie-parasi-tologie",497,710,-
PTM6885,"TANZOL 400 mg/10 ml suspension buvable, flaconde 10 ml",Albendazole,Antihelmintique,"Infectiologie-parasi-tologie",497,710,-
PTM6886,"TARDYFERON 20 mg/ml enfants et adultes, solutionbuvable, flacon de 45 ml",Fer,"Stimulant de l’hema-topoiese","Hémostase - Héma-topoïèse - Hémoglo-binopathies","2012,5",2875,-
PTM6887,"TARDYFERON 20 mg/ml enfants et adultes, solutionbuvable, flacon de 90 ml",Fer,"Stimulant de l’hema-topoiese","Hémostase - Héma-topoïèse - Hémoglo-binopathies",3563,5090,-
PTM3895,"TARDYFERON 80 mg comprimé enrobé, boîte de 30",Fer,"Stimulant de l’hema-topoiese","Hémostase - Héma-topoïèse - Hémoglo-binopathies","1928,5",2755,-
PTM3896,"TARDYFERON B9 comprimé pelliculé, boîte de 30",Fer/ Acide folique,"Stimulant de l’hema-topoiese","Hémostase - Héma-topoïèse - Hémoglo-binopathies","2033,5",2905,-
PTM6888,"TAVANIC  500 mg comprimé pelliculé, boîte de 5",Lévofloxacine,"Antibacterien (Quino-lones)","Infectiologie-parasi-tologie",2107,3010,-
PTM6889,"TAVANIC 5 mg/ml solution injectable pour perfusion,flacon de 100 ml",Lévofloxacine,"Antibacterien (Quino-lones)","Infectiologie-parasi-tologie",3213,4590,-
PTM6890,"TAXIM-O FORTE 100 mg /5 mL poudre poursuspension buvable, flacon de 60 Ml",Céfixime,Antibacterien,"Infectiologie-parasi-tologie","3671,5",5245,-
CODES,DESIGNATION,COMPOSITION,"SOUS CLASSEPHARMACO- THERA-PEUTIQUE","CLASSE PHARMA-CO- THERAPEU-TIQUE","PRIX BASE DEREMBOURSEMENT (G) x 70%","PRIXPUBLIC","ACCORDPREALABLE"
PTM6891,T-DOL 100 mg IV/IM boite de 2,Tramadol,Analgésique Opioide,"Antalgiques-Antipy-rétiques-Antispas-modiques","1004,5",1435,-
PTM6892,"T-DOL RAPID 50 mg comprimé, boîte de 10","Chlorhydrate de tra-madol",Analgésique Opioide,"Antalgiques-Antipy-rétiques-Antispas-modiques",1554,2220,-
PTM6893,"T-DOL P RAPID 37,5 mg/325 mg comprimé, boîte de10","Chlorhydrate de trama-dol / Paracetamol",Analgésique Opioide,"Antalgiques-Antipy-rétiques-Antispas-modiques",1645,2350,-
PTM6894,"TECPRIL® 5 mg gélules, boîte de 30",Ramipril,Antihypertenseur,"Cardiologie-angéio-logie","4112,5",5875,-
PTM6895,"TEGELINE 50mg/ml perfusion, flacon de 100 ml","Immunoglobulineshumaines normales",Immunoglobulines,Neurologie,187831,268330,AP
PTM6896,"TEGREM® 200 mg comprimé, boîte de 30",Carbamazépine,Neuroleptique,"Psychiatrie-Neuro-logie",2023,2890,-
PTM6897,"TEGREM® 400 mg comprimé, boîte de 50",Carbamazépine,Neuroleptique,"Psychiatrie-Neuro-logie","2110,5",3015,-
PTM3901,"TEGRETOL 100 mg/5 ml suspension buvable, flaconde 150 ml",Carbamazépine,Neuroleptique,"Psychiatrie-Neuro-logie","2313,5",3305,-
PTM3902,"TEGRETOL®  200 mg comprimé sécable, boite de 50",Carbamazépine,Neuroleptique,"Psychiatrie-Neuro-logie","2348,5",3355,-
PTM3904,"TEGRETOL® L.P. 200 mg comprimé pelliculé sécable àlibération prolongée, boite de 30",Carbamazépine,Neuroleptique,"Psychiatrie-Neuro-logie",2366,3380,-
PTM3903,"TEGRETOL® L.P. 400 mg comprimé pelliculé sécable àlibération prolongée, boite de 30",Carbamazépine,Neuroleptique,"Psychiatrie-Neuro-logie","4259,5",6085,-
PTM3905,TEGUMA 1% crème tube de 15g,Terbinafine,Antifongique,Dermatologie,"2110,5",3 015,-
PTM3906,"TEGUMA 250 mg comprimé sécable, boîte de 28",Terbinafine,Antifongique,Dermatologie,17269,24 670,-
PTM6898,"TEGUMA 250 mg comprimé sécable, boîte de 14",Terbinafine,Antifongique,Dermatologie,"9474,5",13535,-
CODES,DESIGNATION,COMPOSITION,"SOUS CLASSEPHARMACO- THERA-PEUTIQUE","CLASSE PHARMA-CO- THERAPEU-TIQUE","PRIX BASE DEREMBOURSEMENT (G) x 70%","PRIXPUBLIC","ACCORDPREALABLE"
PTM6900,"TELI 80 mg comprimé, boîte de 3X10",Telmisartan,"Antihypertenseur(Sartan)","Cardiologie-angéio-logie","6030,5",8615,-
PTM6901,"TELI H 40 mg/12,5mg comprimé, boîte de 3X10","Telmisartan/ Hydrochlo-rothiazide","Antihypertenseur(Sartan+Diurétique)","Cardiologie-angéio-logie","7311,5",10445,--
PTM6902,"TELMIKAA 40 mg comprimé, boîte de 3 blisters de 10",Telmisartan,"Antihypertenseur(Sartan)","Cardiologie-angéio-logie","5484,5",7835,-
PTM6903,"TELMIKAA AM comprimé, 1 blister de 10","Telmisartan/ Amlodi-pine","Antihypertenseur(Sartan+Antagonistecalcique)","Cardiologie-angéio-logie","5484,5",7835,-
PTM3914,"TELMIKAA H 40 mg/12,5 mg comprimé, boîte de 30","Telmisartan/ Hydrochlo-rothiazide","Antihypertenseur(Sartan+Diuretique)","Cardiologie-angéio-logie",11879,16970,-
PTM6904,"TELMIS-A 40 mg / 5 mg comprimé, boîte de 28","Telmisartan/ Amlodi-pine","Antihypertenseur(Sartan+Antagonistecalcique)","Cardiologie-angéio-logie",5124,7320,-
PTM6905,"TELMIS-A 5 mg / 80 mg comprimé, boîte de 28","Telmisartan/ Amlodi-pine","Antihypertenseur(Sartan+Antagonistecalcique)","Cardiologie-angéio-logie","6891,5",9845,-
PTM6906,"TELMIS-A 10 mg/ 80 mg comprimé, boîte de 28","Telmisartan/ Amlodi-pine","Antihypertenseur(Sartan+Antagonistecalcique)","Cardiologie-angéio-logie",8106,11580,-
PTM6907,"TELMIS-H 40 mg/ 12,5 mg comprimé, boîte de 28","Telmisartan/ Hydrochlo-rothiazide","Antihypertenseur(Sartan+Diuretique)","Cardiologie-angéio-logie",5285,7550,-
PTM6908,"TELOD-80 comprimé, boîte de 30",Telmisartan,"Antihypertenseur(Sartan)","Cardiologie-angéio-logie",4879,6970,-
PTM6909,"TELTARTAN 40 mg comprimé, boîte de 30",Telmisartan,"Antihypertenseur(Sartan)","Cardiologie-angéio-logie",3654,5220,-
PTM6910,"TELTARTAN 80 mg comprimé, boîte de 30",Telmisartan,"Antihypertenseur(Sartan)","Cardiologie-angéio-logie",6398,9140,-
PTM3916,"TEMESTA 2,5 mg comprimé sécable, boîte de 30",Lorazepam,Anxiolytiques,Psychiatrie,1799,2570,-
PTM3923,TENORETIC 50mg/12.5mg Cpr pell B/30,Aténolol/ Chlortalidone,"Antihypertenseur(Sartan)","Cardiologie-angéio-logie",5180,7400,-
CODES,DESIGNATION,COMPOSITION,"SOUS CLASSEPHARMACO- THERA-PEUTIQUE","CLASSE PHARMA-CO- THERAPEU-TIQUE","PRIX BASE DEREMBOURSEMENT (G) x 70%","PRIXPUBLIC","ACCORDPREALABLE"
PTM3925,"TENORIC 50 mg comprimé pelliculé, boîte de 28",Aténolol/ Chlortalidone,"Antihypertenseur(Betabloquant)","Cardiologie-angéio-logie","2264,5",3235,-
PTM3927,TENORMINE 100 mg Comprimé pélliculé B/30,Aténolol,"Antihypertenseur(Betabloquant)","Cardiologie-angéio-logie",5418,7740,-
PTM3929,TENORMINE 50 mg Comprimé pélliculé B/30,Aténolol,"Antihypertenseur(Betabloquant)","Cardiologie-angéio-logie","2558,5",3655,-
PTM6911,"TENSICARD 50  comprimé, boite de 30",Aténolol,"Antihypertenseur(Betabloquant)","Cardiologie-angéio-logie",1827,2610,-
PTM3930,"TENSICARD AM  comprimé, boite de 30",Aténolol+Amlodipine,Antihypertenseur,"Cardiologie-angéio-logie","8634,5",12335,-
PTM3931,"TENSILAT 10 mg comprimé, boîte de 10",Nifédipine,Antihypertenseur (IEC),"Cardiologie-angéio-logie",2240,3200,-
PTM3944,TERBINOL 250 mg comprimé sécable boîte de 14,Terbinafine,Antifongique,"Infectiologie-parasi-tologie","7313,6",10 448,-
PTM3943,"TERBINOL crème, tube de 15 g",Terbinafine,Antifongique,Dermatologie,"2054,5",2 935,-
PTM6912,"TERFINA 1% crème, tube de 15 g","Chlorhydrate de terbi-nafine",Antifongique,Dermatologie,1827,2610,-
PTM3953,"TERPONE sirop Adulte, flacon de 180 ml","Terpin hydrate/ Siberianpine essentiel oil/ Re-constituted niaouli",Antitussif,Pneumologie,"1214,5",1 735,-
PTM3956,"TETANEA® unidose 1500MUI/ml sérum, boite de 1séringue",Serum anti tétanique,Tetanos,"Infectiologie-parasi-tologie","2740,5",3 915,-
PTM6913,"TETATOX suspension injectable pour adminsitrationintramusculaire (IM), boîte de 1 ampoule de 0,5 mL/ 1 dose","Anatoxine tétaniquepurifié",Tetanos,"Infectiologie-parasi-tologie","2082,5",2975,-
PTM4197,"TETAVAX 0,5 ml suspension injectable en seringuepré-remplie, vaccin tétanique adsorbé, boîte de 1","Anatoxine tétanique≥ 40 UI absorbée surhydroxyde d’aluminiumhydraté",Tetanos,"Infectiologie-parasi-tologie","2201,5",3145,-
PTM6914,"TEVICAR 200 mg comprimé, boîte de 10",Carbamazépine,Anticonvulsivant,"Psychiatrie-Neuro-logie",1470,2100,-
CODES,DESIGNATION,COMPOSITION,"SOUS CLASSEPHARMACO- THERA-PEUTIQUE","CLASSE PHARMA-CO- THERAPEU-TIQUE","PRIX BASE DEREMBOURSEMENT (G) x 70%","PRIXPUBLIC","ACCORDPREALABLE"
PTM6916,"THERMODOL PERFUSION 1 g solution pourperfusion, flacon de 100 ml",Paracétamol,"Antalgiques-Antipyré-tiques","Antalgiques-Antipy-rétiques-Antispas-modiques",903,1290,-
PTM3960,"THERALENE 0,05 % sirop, flacon de 150 Ml",Alimemazine,Anxiolytique,"Neurologie-Psychia-trie",693,990,-
PTM3964,"THIOBACTIN 250 mg comprimé, boite de 16",Thiamphénicol,"Antibactérien (Phéni-colé)","Infectiologie-parasi-tologie","2082,5",2975,-
PTM3965,"THIOBACTIN 250 mg/5 ml granulé pour suspensionbuvable, flacon de 60 ml",Thiamphénicol,"Antibactérien (Phéni-colé)","Infectiologie-parasi-tologie","2887,5",4125,-
PTM3966,"THIOBACTIN 500 mg comprimé, boîte de 24",Thiamphénicol,"Antibactérien (Phéni-colé)","Infectiologie-parasi-tologie",5929,8470,-
PTM6917,"THIOZZ-8 mg comprimé orodispersible, boîte de 10",Thiocolchicoside,Myorelaxant,Rhumatologie,1617,2310,-
PTM6918,"THROZA 250 mg comprimé, boîte de 6",Azithromycine,"Antibacterien (macro-lides)","Infectiologie-parasi-tologie","1746,5",2495,-
PTM6919,TIAPRIDAL  5mg/goutte flacon de 30 ml,Tiapride,Neuroleptique,Neurologie,9730,13900,-
PTM3972,TIAPRIDAL 100 mg injectable boite de 12,Tiapride,Neuroleptique,Neurologie,"3972,5",5675,-
PTM6920,"TICANASE 50 mcg spray nasal, flacon de 12 mL",Fluticasone,"Anti-inflammatoiresnon stérodiens","Oto-Rino-Laryngo-logie",1736,2480,-
PTM3977,"TICASSE enfant 457mg/5 ml poudre pour suspbuvable, flacon de 70 ml","Amoxicilline/ AcideClavulanique","Antibacterien (Penicil-lines)","Infectiologie-parasi-tologie","3062,5",4375,-
PTM3975,"TICASSE Nourrisson 200-28 mg/5 ml poudre poursusp buvable, flacon de 70 ml","Amoxicilline/ AcideClavulanique","Antibacterien (Penicil-lines)","Infectiologie-parasi-tologie",1673,2390,-
PTM3976,"TICASSE® BD 1000 mg comprimé pelliculé, boîte de14","Amoxicilline/ AcideClavulanique","Antibacterien (Penicil-lines)","Infectiologie-parasi-tologie","4175,5",5965,-
PTM6921,"TICOPEX 200 mg poudre pour préparation injectableboite de 1 flacon",Teicoplanine,Antibacterien,"Infectiologie-parasi-tologie","8067,5",11525,-
CODES,DESIGNATION,COMPOSITION,"SOUS CLASSEPHARMACO- THERA-PEUTIQUE","CLASSE PHARMA-CO- THERAPEU-TIQUE","PRIX BASE DEREMBOURSEMENT (G) x 70%","PRIXPUBLIC","ACCORDPREALABLE"
PTM6923,"TILOL-800 mg comprimé pelliculé, boîte de 30",Ibuprofène,"Anti-inflammatoirenonstéroïdien",Anti-inflammatoires,"6268,5",8955,-
PTM3988,"TIMOPTOL 0,25% collyre",Timolol,Antiglaucomateux,Ophtalmologie,"3132,5",4 475,-
PTM3989,"TIMOPTOL 0,5% collyre",Timolol,Antiglaucomateux,Ophtalmologie,"2978,5",4 255,-
PTM6924,"TINIDAZOLE TM 500 mg comprimé, boîte de 12",Tinidazole,Antifongique,"Infectiologie-parasi-tologie",1533,2190,-
PTM6925,"TINIFIL 500 mg comprimé, boîte de 4",Tinidazole,Antifongique,"Infectiologie-parasi-tologie","1396,5",1995,-
PTM6926,"TINILON 500 mg/600 mg comprimé, boîte de 10","Ciprofloxacine/ Tini-dazole","Antifongique+Quino-lone","Infectiologie-parasi-tologie",1463,2090,-
PTM3994,"TIORFAN 10 mg sachet, boite de 16",Racécadotril,Antidiarrhéique,"Gastro-entero-He-patologie",4277,6 110,-
PTM3995,"TIORFAN 100 mg comprimé, boite de 20",Racécadotril,Antidiarrhéique,"Gastro-entero-He-patologie",4277,6 110,-
PTM6927,"TIORTEC 10® poudre pour solution buvable, boîte de16",Racécadotril,Antidiarrhéique,"Gastro-entero-He-patologie","3818,5",5455,-
PTM6928,"TIORTEC 30® poudre pour solution buvable, boîte de30",Racécadotril,Antidiarrhéique,"Gastro-entero-He-patologie","3818,5",5455,-
PTM6929,"TIRIXONE 1 g injectable, boîte de 1 flacon + solvant",Ceftriaxone,"Antibacterien (Cepha-losporines)","Infectiologie-parasi-tologie",840,1200,-
PTM3996,"TIRLOR 10 mg comprimé, boîte de 10",Loratadine,Antihistaminique H1,Allergologie,2128,3040,-
PTM3998,TITANOREINE A LA LIDOCAINE 2% Crème T/20g,"Carraghenates/ Dioxydede titane/ Oxyde dezinc/ Lidocaïne","Médicaments deproctologie","Gastro-entero-He-patique","3216,5",4595,-
PTM3997,TITANOREINE suppositoire,"Carraghenates/ Dioxydede titane/ Oxyde dezinc/ Lidocaïne","Médicaments deproctologie","Gastro-entero-He-patologie",4067,5810,-
CODES,DESIGNATION,COMPOSITION,"SOUS CLASSEPHARMACO- THERA-PEUTIQUE","CLASSE PHARMA-CO- THERAPEU-TIQUE","PRIX BASE DEREMBOURSEMENT (G) x 70%","PRIXPUBLIC","ACCORDPREALABLE"
PTM3999,"TOBRADEX collyre , flacon de 5 Ml","Tobramycine 0,3 g /Dexaméthasone 0,1 g","Antibactérien(Aminosides)+AIS",Ophtalmologie,2212,3160,-
PTM6931,"TOBRADEX pommade ophtalmique, tube de 3,5g","Dexamethazone/Tobramycine","Antibactérien(Aminosides)+AIS",Ophtalmologie,"2292,5",3275,-
PTM4001,"TOBREX 0,3% collyre en solution, flacon de 5 ml",Tobramycine,"Antibactérien(Aminosides)",Ophtalmologie,"1718,5",2455,-
PTM4002,"TOBREX pommade ophtalmique, tube de 5 g",Tobramycine,"Antibactérien(Aminosides)",Ophtalmologie,"1718,5",2455,-
PTM6932,"TOBREX 0,3% pommade ophtalmique, tube de 3 g","Tobramycine 0,3 g","Antibactérien(Aminosides)",Ophtalmologie,"1718,5",2455,-
PTM6933,"TOBRIN 0,3% solution ophtalmique, flacon de 5 ml",Tobramycine,"Antibactérien(Aminosides)",Ophtalmologie,"1718,5",2455,-
PTM6934,"TOBUFEN suspension buvable, flacon de 60 ml",Ibuprofène,"Anti-inflammatoirenonstéroïdien",Anti-inflammatoires,"325,5",465,-
PTM6935,"TOCFIM 200 DT comprimé dispersible, boîte de 10",Céfixime,"Antibactérien(Cephalosporines)","Infectiologie-parasi-tologie","2740,5",3915,-
PTM6936,"TOCFIM 100 mg/5 mL   suspension buvable, flaconde 60 mL",Céfixime,"Antibactérien(Cephalosporines)","Infectiologie-parasi-tologie",2877,4110,-
PTM6937,"TONLUM 20/120 comprimés, boîte de 4X6","Artéméther/ Lumé-fantrine",Antipaludique,"Infectiologie-parasi-tologie",2009,2870,-
PTM6938,"TONLUM 80/480 comprimés, boîte de 1X6","Artéméther/ Lumé-fantrine",Antipaludique,"Infectiologie-parasi-tologie",1680,2400,-
PTM6939,"TONLUM DISPERSIBLE 20/120 mg comprimé, boîtede 6","Artéméther/ Lumé-fantrine",Antipaludique,"Infectiologie-parasi-tologie",595,850,-
PTM6940,"TONTHER 80 mg solution injectable, boîte de 6ampoules de 1 Ml",Artéméther,Antipaludique,"Infectiologie-parasi-tologie","2285,5",3265,-
PTM6941,"TOP 3 KIT comprimé, boîte de 4","Secnidazole /Fluco-nazole / Azithromycine",Antibacteriens,"Infectiologie-parasi-tologie",3199,4570,-
PTM6942,"TOPCER 40 mg comprimé à libération prolongée,boîte de 2x14",Pantoprazole,"Inhibiteur de lapompe à Protons","Gastro-entero-He-patologie",1911,2730,-
CODES,DESIGNATION,COMPOSITION,"SOUS CLASSEPHARMACO- THERA-PEUTIQUE","CLASSE PHARMA-CO- THERAPEU-TIQUE","PRIX BASE DEREMBOURSEMENT (G) x 70%","PRIXPUBLIC","ACCORDPREALABLE"
PTM6943,"TORSINEX 10 comprimé, boîte de 30",Torasémide,Diurétique,"Cardiologie-angéio-logie","4833,5",6905,-
PTM6944,"TORSINEX 20 comprimé, boîte de 30",Torasémide,Diurétique,"Cardiologie-angéio-logie","4833,5",6905,-
PTM4015,"TORAS-Denk  10 mg comprimé, boîte de 30",Torasémide,Diurétique,"Cardiologie-angéio-logie","5575,5",7 965,-
PTM4016,"TORAS-Denk  5 mg comprimé, boîte de 30",Torasémide,Diurétique,"Cardiologie-angéio-logie","5575,5",7 965,-
PTM6945,"TORA 20mg comprimé, boite de 30",Atorvastatine,Hypolémiants,"Cardiologie-angéio-logie","2285,5",3265,-
PTM6946,"TORA 40mg comprimé, boite de 30",Atorvastatine,Hypolémiants,"Cardiologie-angéio-logie",3199,4570,-
PTM6947,"TORA 80mg comprimé, boite de 30",Atorvastatine,Hypolémiants,"Cardiologie-angéio-logie",4571,6530,-
PTM6948,"TOSSEQUE 08 mg/ml sirop, flacon de 200 ml",Bromhexine,Antitussif,Pneumologie,"1277,5",1825,-
PTM4024,"TOT’THEMA solution buvable en ampoule, boîte de20","Fer/ Manganèse/Cuivre","Stimulant de l’hema-topoiese","Hémostase - Héma-topoïèse - Hémoglo-binopathies",3080,4400,-
PTM6949,"TOUSEDAL sirop, flacon de 100 Ml","Sulfate de TerbutalineBP        2,5 mg/Bromhexine HCl BP8 mg /Guaifénesine BP100 mg /Menthol5 mg",Antitussif,Pneumologie,1141,1630,-
PTM4025,"TRABAR 100 mg inj, boite de 5 ampoules de 2 ml",Tramadol,Analgésique opioïde,"Antalgiques-Antipy-rétiques-Antispas-modiques",3017,4310,-
CODES,DESIGNATION,COMPOSITION,"SOUS CLASSEPHARMACO- THERA-PEUTIQUE","CLASSE PHARMA-CO- THERAPEU-TIQUE","PRIX BASE DEREMBOURSEMENT (G) x 70%","PRIXPUBLIC","ACCORDPREALABLE"
PTM6950,"TRACAP 50 mg gélule, boîte de 3X10",Tramadol,Analgésique opioïde,"Antalgiques-Antipy-rétiques-Antispas-modiques","2306,5",3295,-
PTM6951,"TRACAP PLUS comprimé pelliculé, boîte de 30",Paracétamol/Tramadol,"Antalgique opioïdepériphérique","Antalgiques-Antipy-rétiques-Antispas-modiques","976,5",1395,-
PTM6952,"TRACAP PLUS comprimé pelliculé, boîte de 10",Paracétamol/Tramadol,"Antalgique opioïdepériphérique","Antalgiques-Antipy-rétiques-Antispas-modiques",735,1050,-
PTM6953,"TRACAP solution injectable, boîte de 5 ampoules",Tramadol,Analgésique opioïde,"Antalgiques-Antipy-rétiques-Antispas-modiques","2369,5",3385,-
PTM4028,"TRACEDOL® comprimé effervescent, boîte de 16","Chlorhydrate de trama-dol/ Paracétamol","Antalgique opioïdepériphérique","Antalgiques-Antipy-rétiques-Antispas-modiques","2740,5",3915,-
PTM6954,"TRACILLIN DS 250 mg/5 ml poudre pour suspensionbuvable, flacon de 60 ml",Amoxicilline,"Antibacterien (Penicil-lines)","Infectiologie-parasi-tologie","773,5",1105,-
PTM6955,"TRACLAV 1,2 g poudre pour solution injectable,boîte de 1 flacon","Amoxicilline/ AcideClavulanique","Antibacterien (Penicil-lines)","Infectiologie-parasi-tologie",1372,1960,-
PTM6956,"TRACLAV 600 mg poudre pour solution injectable,boîte de 1 flacon","Amoxicilline/ AcideClavulanique","Antibacterien (Penicil-lines)","Infectiologie-parasi-tologie",1309,1870,-
PTM6957,"TRACLAV 625 comprimés pelliculés, boîte de 14","Amoxicilline/ AcideClavulanique","Antibacterien (Penicil-lines)","Infectiologie-parasi-tologie","2649,5",3785,-
PTM6958,TRADOX 100 mg Inj boite/5,Tramadol,Analgesique opioide,"Antalgiques-Antipy-rétiques-Antispas-modiques","2229,5",3185,-
PTM4033,TRAMADIS 100 mg Inj boite/6,Tramadol,Analgesique opioide,"Antalgiques-Antipy-rétiques-Antispas-modiques",2940,4 200,-
PTM4032,"TRAMADIS 50 mg comprimé, boite de 10",Tramadol,Analgesique opioide,"Antalgiques-Antipy-rétiques-Antispas-modiques","2292,5",3 275,-
CODES,DESIGNATION,COMPOSITION,"SOUS CLASSEPHARMACO- THERA-PEUTIQUE","CLASSE PHARMA-CO- THERAPEU-TIQUE","PRIX BASE DEREMBOURSEMENT (G) x 70%","PRIXPUBLIC","ACCORDPREALABLE"
PTM4035,"TRAMADOL DENK 50 comprimés effervescents,boîte de 10",Tramadol,Analgésique opioïde,"Antalgiques-Antipy-rétiques-Antispas-modiques",1918,2740,-
PTM6960,"TRAMAGEN 100 mg injectable, boîte de 5 ampoulesde 2 ml",Tramadol,Analgésique opioïde,"Antalgiques-Antipy-rétiques-Antispas-modiques",2149,3070,-
PTM6961,"TRAMAGEN 50 mg comprimés, boîte de 2X10",Tramadol,Analgésique opioïde,"Antalgiques-Antipy-rétiques-Antispas-modiques","1963,5",2805,-
PTM6962,"TRAMAL DENK 200 mg comprimé LP ,boite 30",Tramadol,Analgésique opioïde,"Antalgiques-Antipy-rétiques-Antispas-modiques","7346,5",10495,-
PTM6963,"TRAMAL DENK 100 mg comprimé LP ,boite 30",Tramadol,Analgésique opioïde,"Antalgiques-Antipy-rétiques-Antispas-modiques","5967,5",8525,-
PTM6964,"TRAMAPA 37,5 mg/325 mg comprimé, boîte de 20",Tramadol/Paracetamol,Analgésique opioïde,"Antalgiques-Antipy-rétiques-Antispas-modiques",1274,1820,-
PTM4053,"TRIAM-DENK 40 mg/ml injection, boîte de 10ampoules de 1 ml","Acétonide de triam-cinolone",Antirhumatismaux,Rhumatologie,"9138,5",13055,-
PTM6965,"TRAMFIZ 100 mg/2 ml injectable, boîte de 2 ml","Chlorhydrate de tra-madol",Analgésique opioïde,"Antalgiques-Antipy-rétiques-Antispas-modiques","2285,5",3265,-
PTM6966,"TRAMFIZ 50 mg gélule, boîte de 10","Chlorhydrate de tra-madol",Analgésique opioïde,"Antalgiques-Antipy-rétiques-Antispas-modiques",1918,2740,-
PTM6967,"TRAMOSIC 50 mg injection, boîte de 10 ampoules de2 ml",Tramadol,Analgésique opioïde,"Antalgiques-Antipy-rétiques-Antispas-modiques","2943,5",4205,-
PTM4041,"TRANXENE 10 mg gélule, boîte de 30","Clorazepate dipotas-sium","Hypnotique,sédatif, anxiolytique",Psychiatrie,"1480,5",2115,-
PTM4043,"TRANXENE 5 mg gélule, boîte de 30","Clorazepate dipotas-sium","Hypnotique,sédatif, anxiolytique",Psychiatrie,896,1280,-
CODES,DESIGNATION,COMPOSITION,"SOUS CLASSEPHARMACO- THERA-PEUTIQUE","CLASSE PHARMA-CO- THERAPEU-TIQUE","PRIX BASE DEREMBOURSEMENT (G) x 70%","PRIXPUBLIC","ACCORDPREALABLE"
PTM4045,"TRAVATAN 40 microgrammes/mL collyre en solution,flacon de 2,5 mL",Travopost 40 mcg,Antiglaucomateux,Ophtalmologie,11403,16290,-
PTM6969,"TRAVONORM 40 mcg solution ophtalmique stérile,flacon de 5ml",Travoprost,Antiglaucomateux,Ophtalmologie,"5575,5",7965,-
PTM6970,"TRAVPORT  0,004% collyre, flacon de 10 ml",Travoprost,Antiglaucomateux,Ophtalmologie,9100,13000,-
PTM6971,"TRAVOPROST  BIOGARAN 0,004% collyre, flacon de2,5 ml",Travoprost,Antiglaucomateux,Ophtalmologie,"7311,5",10445,-
PTM6972,"TRAUSAN 100 mg/ mL solution orale, flacon de 50ml",Citicoline,Psyscoanaleptique,Psychiatrie,"9348,5",13355,-
PTM6973,"TREBON-N 200 mg granulés pour solution buvable,boîte de 10 sachets",Acétylcystéine,Mucolytique,Pneumologie,"1004,5",1435,-
PTM6974,"TREBON-N 600 mg granulés pour solution, boîte de8 sachets",Acétylcystéine,Mucolytique,Pneumologie,1645,2350,-
PTM6975,"TRECOPEX crème, tube de 15 g","Econazole nitrate/Triamcinolone acétate",Anti-infectieux,Dermatologie,1820,2600,-
PTM4048,"TREMADOL 50 mg comprimé, boîte de 20",Tramadol,Antalgique,"Antalgiques-Antipy-rétiques-Antispas-modiques",2331,3330,-
PTM6976,"TRENAXA 500 mg comprimé  , boite de 5x6",Acide tranexamique,Antihémorragique,Hematologie,"3881,5",5545,-
PTM6977,"TREVIA 100 mg comprimé, boîte de 14",Sitagliptine,Antidiabetiques oraux,"Metabolisme- nutri-tion-diabete","5575,5",7965,-
PTM6978,"TREVIA 50 mg comprimé, boîte de 14",Sitagliptine,Antidiabetiques oraux,"Metabolisme- nutri-tion-diabete","5575,5",7965,-
PTM6979,"TREZ 4,5 mg injectable, boite de 1","Piperacilline+Tazobac-tam",Antibacterien,"Infectiologie-parasi-tologie",6300,9000,-
PTM6980,TRIACEPHINE PHARMA S 250 mg inj boite/1,Ceftriaxone,Antibacterien,"Infectiologie-parasi-tologie",1379,1970,-
PTM6981,TRIACEPHINE PHARMA S 500 mg inj boite/1,Ceftriaxone,Antibacterien,"Infectiologie-parasi-tologie","1837,5",2625,-
CODES,DESIGNATION,COMPOSITION,"SOUS CLASSEPHARMACO- THERA-PEUTIQUE","CLASSE PHARMA-CO- THERAPEU-TIQUE","PRIX BASE DEREMBOURSEMENT (G) x 70%","PRIXPUBLIC","ACCORDPREALABLE"
PTM6983,"TRIAF 500 mg injectable, flacon de 1",Ceftriaxone,"Antibacterien (Cepha-losporines)","Infectiologie-parasi-tologie",700,1000,-
PTM6984,"TRIALGIC gélule, boîte de 24","Ibuprofène/ Paracéta-mol/ Caféine",Antalgiques+AINS,"Antalgiques-Antipy-rétiques-Antispas-modiques",1372,1960,-
PTM4052,"TRIALGIC® Pédiatrique suspension buvable, flaconde 100 ml","Ibuprofène/ Paracéta-mol/ Caféine",Antalgiques+AINS,"Antalgiques-Antipy-rétiques-Antispas-modiques","1151,5",1645,-
PTM4054,"TRIATEC 1,25 mg comprimé, boîte de 30",Ramipril,Antihypertenseur (IEC),"Cardiologie-angéio-logie","6394,5",9135,-
PTM4055,"TRIATEC 10 mg comprimé, boîte de 30",Ramipril,Antihypertenseur (IEC),"Cardiologie-angéio-logie","12792,5",18275,-
PTM4056,"TRIATEC 2,5 mg comprimé, boîte de 30",Ramipril,Antihypertenseur (IEC),"Cardiologie-angéio-logie","7766,5",11095,-
PTM4057,"TRIATEC 5 mg comprimé, boîte de 30",Ramipril,Antihypertenseur (IEC),"Cardiologie-angéio-logie",11193,15990,-
PTM6985,"TRIBEN–V ovule, boîte de 7","Clotrimazole/ Clindamy-cine",Anti-infectieux,Gynécologie,"1522,5",2175,-
PTM6986,"TRIBIODERM Pommade, tube de 144 sachets de 1 g","Néomycine sulfate5 mg /Polymyxine B sulfate5000 UI /Bacitracine400 UI",Anti-infectieux,Dermatologie,"10965,5",15665,-
PTM4058,"TRIBUTINE 0,787% granule pour suspension buvable,flacon de 250 ml",Trimébutine maléate,Troubles digestives,"Gastro-entero-He-patologie","1781,5",2545,-
PTM4059,"TRIBUTINE 150 mg gélule, boîte de 20",Trimébutine maléate,Troubles digestives,"Gastro-entero-He-patologie",2604,3720,-
PTM4060,"TRIBUTINE 150 mg sachet, boîte de 20",Trimébutine maléate,Troubles digestives,"Gastro-entero-He-patologie",2604,3720,-
PTM6987,"TRICEF 20 mg/ ml, poudre suspension buvable,flacon  de 60 ml",Céfixime,"Antibacterien (Cepha-losporines)","Infectiologie-parasi-tologie","4112,5",5875,-
CODES,DESIGNATION,COMPOSITION,"SOUS CLASSEPHARMACO- THERA-PEUTIQUE","CLASSE PHARMA-CO- THERAPEU-TIQUE","PRIX BASE DEREMBOURSEMENT (G) x 70%","PRIXPUBLIC","ACCORDPREALABLE"
PTM6989,"TRICOZ 20 comprimé pelliculé, boîte de 6 x 10","Dichlohydrate de trimé-tazidine","Antiangoreux (insuffi-sance coronarienne)","Cardiologie-Angéio-logie",2968,4240,-
PTM6990,"TRICOZ 35 comprimé pelliculé, boîte de 6 x 10","Dichlohydrate de trimé-tazidine","Antiangoreux (insuffi-sance coronarienne)","Cardiologie-Angéio-logie","4112,5",5875,-
PTM6991,"TRIFAMOX IBL® 500 mg comprimé enrobé, boîte de16","Amoxicilline /  Sulba-ctam",Antibacteriens,"Infectiologie-parasi-tologie","4896,5",6995,-
PTM6992,"TRIFAMOX IBL® 250 mg poudre pour suspensionbuvable, flacon de 60 ml","Amoxicilline /  Sulba-ctam",Antibacteriens,"Infectiologie-parasi-tologie",3528,5040,-
PTM6993,"TRIFAMOX IBL® 500 mg poudre pour suspensionbuvable, flacon de 60 ml","Amoxicilline /  Sulba-ctam",Antibacteriens,"Infectiologie-parasi-tologie",6349,9070,-
PTM6994,"TRIFAMOX IBL® 750 mg poudre pour préparationinjectable, boîte de 1 flacon + 1 ampoule de 5 ml desolvant","Amoxicilline /  Sulba-ctam",Antibacteriens,"Infectiologie-parasi-tologie","1305,5",1865,-
PTM6995,"TRIFAMOX IBL® 1500 mg poudre pour préparationinjectable, boîte de 1 flacon + 1 ampoule de 5 ml desolvant","Amoxicilline /  Sulba-ctam",Antibacteriens,"Infectiologie-parasi-tologie",1974,2820,-
PTM4065,TRIFED® PLUS cp Boîte de 20,"Paracétamol (acétami-nophène) / Pseudoé-phédrine/Triprolidine","Rhinites-Sinu-sites-Rhumes","Oto-Rino-Laryngo-logie","668,5",955,-
PTM6996,"TRIFENE 100 mg/5ml suspension buvable, flacon de200 ml",Ibuprofène,"Anti-inflammatoirenonstéroïdien",Anti-inflammatoires,1288,1840,-
PTM6997,"TRIFENE 200 comprimé pelliculé, boîte de 20",Ibuprofène,"Anti-inflammatoirenonstéroïdien",Anti-inflammatoires,"941,5",1345,-
PTM6998,"TRIFENE 400 mg comprimé pelliculé, boîte de 20",Ibuprofène,"Anti-inflammatoirenonstéroïdien",Anti-inflammatoires,1099,1570,-
PTM4066,TRIFLUCAN 50mg Gélule B/7,Fluconazole,Antifongique,"Infectiologie-parasi-tologie","13485,5",19265,-
PTM6999,"TRIKAZOLE 20 mg gélules, boîte de 14",Oméprazole,"Inhibiteur de lapompe à Protons","Gastro-entero-He-patologie","1809,5",2585,-
CODES,DESIGNATION,COMPOSITION,"SOUS CLASSEPHARMACO- THERA-PEUTIQUE","CLASSE PHARMA-CO- THERAPEU-TIQUE","PRIX BASE DEREMBOURSEMENT (G) x 70%","PRIXPUBLIC","ACCORDPREALABLE"
PTM7001,"TRILOPRESS 5 mg comprimé, boîte de 30",Amlodipine,"Antihypertenseur (An-tagoniste calcique)","Cardiologie-angéio-logie","2369,5",3385,-
PTM7002,"TRIMEBUTINE BIOCARE® 100 mg comprimépelliculé, boîte de 20",Trimébutine,Troubles digestives,"Gastro-entero-He-patologie","1333,5",1905,-
PTM7003,"TRIMEBUTINE-GH 100 mg comprimé pelliculé, boîtede 30",Trimébutine,Troubles digestives,"Gastro-entero-He-patologie",1400,2000,-
PTM7004,"TRINOMIA 100 mg/20 mg/10 mg gélule, boîte de 28","Acide acétylsalicylique/Atorvastatine/Ramipril",Antihypertenseurs,"Cardiologie-angéo-logie",6965,9950,-
PTM7005,"TRINOMIA 100 mg/20 mg/2,5 mg gélule, boîte de 28","Acide acétylsalicylique/Atorvastatine/Ramipril",Antihypertenseurs,"Cardiologie-angéo-logie",6965,9950,-
PTM7006,"TRINOMIA 100 mg/20 mg/5 mg gélule, boîte de 28","Acide acétylsalicylique/Atorvastatine/Ramipril",Antihypertenseurs,"Cardiologie-angéo-logie",6965,9950,-
PTM7007,"TRIPLIXAM 10 mg/2,5 mg/10 mg comprimépelliculés, boîte de 30","Perindopril arginine/ In-dapamide/Amlodipine",Antihypertenseurs,"Cardiologie-angéo-logie",15533,22190,-
PTM7008,"TRIPLIXAM 10 mg/2,5 mg/5 mg comprimé pelliculé,boîte de 30","Perindopril arginine/ In-dapamide/Amlodipine",Antihypertenseurs,"Cardiologie-angéo-logie",15078,21540,-
PTM7009,"TRIPLIXAM 2,5 mg/0,625 mg/5 mg comprimépelliculé, boîte de 30","Perindopril arginine/ In-dapamide/Amlodipine",Antihypertenseurs,"Cardiologie-angéo-logie","10503,5",15005,-
PTM7010,"TRIPLIXAM 5 mg/1,25 mg/10 mg comprimépelliculé, boîte de 30","Perindopril arginine/ In-dapamide/Amlodipine",Antihypertenseurs,"Cardiologie-angéo-logie",10738,15340,-
PTM7011,"TRIPLIXAM 5 mg/1,25 mg/5 mg comprimé pelliculé,boîte de 30","Perindopril arginine/ In-dapamide/Amlodipine",Antihypertenseurs,"Cardiologie-angéo-logie",10738,15340,-
PTM7012,"TRISULFA® 4 g/0,80 g suspension buvable, flacon de100 ml","Triméthoprime/ Sulfa-méthoxazole","Antibacterien (Sulfa-mides)","Infectiologie-parasi-tologie",840,1200,-
PTM7013,"TRISULFA® adulte 400 mg/80 mg comprimé, boîtede 20","Triméthoprime/ Sulfa-méthoxazole","Antibacterien (Sulfa-mides)","Infectiologie-parasi-tologie","976,5",1395,-
PTM4073,"TRITAZIDE 10mg/25mg comprimé, boite de 28","Ramipril/ Hydrochloro-thiazide",Antihypertenseurs,"Cardiologie-angéo-logie","6394,5",9135,-
PTM4074,"TRITAZIDE 5mg/25mg comprimé, boite de 28","Ramipril/ Hydrochloro-thiazide",Antihypertenseurs,"Cardiologie-angéo-logie",5481,7830,-
PTM7014,"TRITAZIDE 5 mg/12,5 mg comprimé, boite de 28","Ramipril/ Hydrochloro-thiazide",Antihypertenseurs,"Cardiologie-angéo-logie","5939,5",8485,-
CODES,DESIGNATION,COMPOSITION,"SOUS CLASSEPHARMACO- THERA-PEUTIQUE","CLASSE PHARMA-CO- THERAPEU-TIQUE","PRIX BASE DEREMBOURSEMENT (G) x 70%","PRIXPUBLIC","ACCORDPREALABLE"
PTM4075,"TRIVASTAL 50 mg LP comprimé, boite de 30",Piribédil,Antiparkinsonnien,Neurologie,"6359,5",9 085,-
PTM7015,"TRIVEDILOL 12,5 mg comprimé, boîte de 30",Carvédilol,Antihypertenseurs,"Cardiologie-angéo-logie","2831,5",4045,-
PTM7016,"TRIVEDILOL 25 mg comprimé, boîte de 30",Carvédilol,Antihypertenseurs,"Cardiologie-angéo-logie",4571,6530,-
PTM7017,"TRIVEDILOL 6,25 mg comprimé, boîte de 30",Carvédilol,Antihypertenseurs,"Cardiologie-angéo-logie","2831,5",4045,-
PTM7018,"TRIVERAM 10 mg/5 mg/5 mg comprimé pelliculé,boîte de 30","Atorvastatine/ Perindo-pril arginine/ Amlodi-pine",Antihypertenseurs,"Cardiologie-angéo-logie","9593,5",13705,-
PTM7019,"TRIVERAM 20 mg/10 mg/10 mg comprimé pelliculé,boîte de 30","Atorvastatine/ Perindo-pril arginine/ Amlodi-pine",Antihypertenseurs,"Cardiologie-angéo-logie","9593,5",13705,-
PTM7020,"TRIVERAM 20 mg/5 mg/5 mg comprimé pelliculé,boîte de 30","Atorvastatine/ Perindo-pril arginine/ Amlodi-pine",Antihypertenseurs,"Cardiologie-angéo-logie","9593,5",13705,-
PTM7021,"TRIVERAM 40 mg/10 mg/10 mg comprimé pelliculé,boîte de 30","Atorvastatine/ Perindo-pril arginine/ Amlodi-pine",Antihypertenseurs,"Cardiologie-angéo-logie","9593,5",13705,-
PTM4077,"TRIVITA B solution injectable, boite de 6 ampoules",Vitamine B1 B6 B12,Vitamines,"Metabolisme- nutri-tion-diabete",861,1230,-
PTM7022,TRIVITA B solution Buvable sirop Flacon/200 ml,Vitamine B1 B6 B12,Vitamines,"Metabolisme- nutri-tion-diabete",1750,2500,-
PTM7023,TRIVITA B Comprimé Bte/30,Vitamine B1 B6 B12,Vitamines,"Metabolisme- nutri-tion-diabete",3150,4500,--
PTM7024,"TRO-ARTEFANTRINE 105 mg/5 ml suspension orale,flacon de 60 ml","Artéméther/Lumé-fantrine",Antipaludique,"Infectiologie-parasi-tologie","1746,5",2495,-
PTM7025,"TROFOCARD®  granulés pour solution orale en doseunique, boîte de 20 sachets","Tétrahydrate de Ma-gnésium-L-aspartatecorrespondant à 121,5mg de Mg++",Eléments minéraux,"Metabolisme- nutri-tion-diabete",3864,5520,-
CODES,DESIGNATION,COMPOSITION,"SOUS CLASSEPHARMACO- THERA-PEUTIQUE","CLASSE PHARMA-CO- THERAPEU-TIQUE","PRIX BASE DEREMBOURSEMENT (G) x 70%","PRIXPUBLIC","ACCORDPREALABLE"
PTM4080,"TROFOCARD® MAX granulésen sticks unidose poursolution buvable, boîte de 12","Tétrahydrate de Ma-gnésium-L-aspartatecorrespondant à 243mg de Mg++",Eléments minéraux,"Metabolisme- nutri-tion-diabete",3409,4870,-
PTM7026,"TROLIN 10 mg comprimé ,boite 30","Lercanidipine/hydro-cloride",Anti-hypertenseur,"Cardiologie-Angeio-logie",6517,9310,-
PTM7027,"TROLIN 20 mg comprimé ,boite 30","Lercanidipine/hydro-cloride",Anti-hypertenseur,"Cardiologie-Angeio-logie","8627,5",12325,-
PTM7028,"TRONID 500 mg comprimé, boîte de 2 plaquettes de10",Métronidazole,"Antibacterien (Imi-dazolés)","Infectiologie-parasi-tologie",987,1410,-
PTM4081,"TRONOTHANE 1% gel pour appl locale, tube de 30","Chlorhydrate de Pramo-caïne",Anesthésique local,Dermatologie,1645,2350,-
PTM7029,TROYCAL 500 mg comprimé boite de 30,Calcium,Minéraux,"Métabolisme-Nutri-tion-Diabete",1918,2740,-
PTM4091,"TROYNOXA 60 injectable, boîte de 1",Enoxaparine Sodique,Trombolytique,"Cardiologie-angéio-logie",3619,5170,-
PTM4090,"TROYNOXA 40 injectable, boîte de 1",Enoxaparine Sodique,Trombolytique,"Cardiologie-angéio-logie",2723,3890,-
PTM7030,"TROYAXONE 500 mg poudre pour injection, flaconde 7, 5 mL",Ceftriaxone,Antibacterien,"Infectiologie-parasi-tologie","689,5",985,-
PTM7031,"TROYAXONE 1000 mg injection, boîte de 1 flacon",Ceftriaxone,"Antibacterien (cepha-losporines)","Infectiologie-parasi-tologie","1011,5",1445,-
PTM7032,"TROYFENAC MR comprimé, boîte de 20","Diclofenac/Thiocolchi-coside",Anti-inflammatoires,"Antalgiques-Antipy-rétiques-Antispas-modiques",3199,4570,-
PTM7033,"TROYFUROX 750 mg poudre pour injection, boîte de1 flacon",Cefuroxime,"Antibacterien (cepha-losporines)","Infectiologie-parasi-tologie","1837,5",2625,-
PTM7034,"TROYZIDIM 1000 mg injection, flacon de 20 mL",Ceftazidime,"Antibacterien (cepha-losporines)","Infectiologie-parasi-tologie",5509,7870,-
PTM7035,"TROYPANTO 40 mg comprimé à libérationprolongée, boîte de 10",Pantoprazole,"Inhibiteur de lapompe à Protons","Gastro-entero-He-patologie","2285,5",3265,-
CODES,DESIGNATION,COMPOSITION,"SOUS CLASSEPHARMACO- THERA-PEUTIQUE","CLASSE PHARMA-CO- THERAPEU-TIQUE","PRIX BASE DEREMBOURSEMENT (G) x 70%","PRIXPUBLIC","ACCORDPREALABLE"
PTM7037,"TROYPENEM 500 mg injection, boîte de 1 flacon",Méropénème,"Antibacterien (Largespectre)","Infectiologie-parasi-tologie","4175,5",5965,-
PTM7038,"TRYFIX CV 100 comprimé, boîte de 10","Céfixime/ Acide clavu-lanique","Antibacterien (Cepha-losporines+Penicil-lines)","Infectiologie-parasi-tologie",4935,7050,-
PTM7039,"TRYOXIM CV 500 mg comprimés, boîte de 10","Céfuroxime/ Acideclavulanique","Antibacterien (Cepha-losporines+Penicil-lines)","Infectiologie-parasi-tologie","3517,5",5025,-
PTM7040,"TRYPODOX CV 200 comprimé, boîte de 10","Céfpodoxime/ Acideclavulanique","Antibacterien (Cepha-losporines+Penicil-lines)","Infectiologie-parasi-tologie",3535,5050,-
PTM7041,"TUSPRESS sirop, flacon de 100 ml","Dextrométhorphane/Phényléphrine/ Chlor-phenamine/ Menthol",Antitussif,Pneumologie,"1116,5",1595,-
PTM7042,"TUSPEL PLUS sirop, flacon de 100 mL","Salbutamol/Bromhexine/Chlorured’ammonium","Bronchopneumopa-thie",Pneumologie,1113,1590,-
PTM4092,"TUSSIDANE 1,5 mg/ml sans sucre solution buvable,flacon de 125 ml","Bromhydrate de dextro-méthorphane",Antitussif,Pneumologie,"1186,5",1695,-
PTM4098,"TUSSIPAX sirop, flacon de 125 ml","Guaifénésine/ Bromhy-drate de Dextrométor-phan/ Menglytate",Antitussif,Pneumologie,"1536,5",2195,-
PTM7043,"TUSSIPHAN sirop, flacon de 125 ml","Paracétamol/Sulfogaia-colate de potassium/Benzoate de sodium/Chlorhydrate de chlor-phénoxamine",Antitussif,Pneumologie,833,1190,-
PTM6394,"TUSSISEDAL sirop, flacon de 125 ml",Prometazine,Antihistaminique,Allergologie,"1326,5",1895,-
PTM7044,"TUXIRIL sirop, flacon de 100 Ml","Dextrométhorphane /Chlorhydrate de Phény-léphrine",Antitussif,Pneumologie,1491,2130,-
CODES,DESIGNATION,COMPOSITION,"SOUS CLASSEPHARMACO- THERA-PEUTIQUE","CLASSE PHARMA-CO- THERAPEU-TIQUE","PRIX BASE DEREMBOURSEMENT (G) x 70%","PRIXPUBLIC","ACCORDPREALABLE"
PTM7046,"TYMER 0,3% collyre en solution ophtalmique, flaconde 5 Ml",Gatifloxacine,Antibacterien,"Infectiologie-parasi-tologie",2464,3520,-
PTM7047,"UCETAMOL FORTE comprimé, boîte 2X10","Ibuprofène / Paracé-tamol",Antalgiques,"Antalgiques-Antipy-rétiques-Antispas-modiques","850,5",1215,-
PTM4105,"ULCAR 1 g granulé pour suspension buvable, boîtede 30",Sucralfate,"Antiacides et panse-ments gastro-intestinaux","Gastro-entero-He-patologie",5208,7440,-
PTM4107,"ULCEPRAL 20 mg gélule gastro-résistante, boîte de14",Oméprazole,Antiacides,"Gastro-entero-He-patologie",5180,7400,-
PTM4108,"ULCEPRAL 40 mg injectable IV, boîte de 1 flacon +solvant",Oméprazole,Antiacides,"Gastro-entero-He-patologie",3920,5600,-
PTM7048,"ULCILOC-300 mg comprimé, boîte de 3 x 10",Ranitidine,Antihistaminique H2,"Gastro-entero-He-patologie","2922,5",4175,-
PTM4111,"ULCIZONE 20 mg gélule, boîte de 14",Omeprazole,"Inhibiteur de lapompe à Protons","Gastro-entero-He-patologie",1827,2610,-
PTM7049,"ULTRAFLOX 500 mg comprimé, boîte de 10",Ciprofloxacine,"Antibacterien (Quino-lones)","Infectiologie-parasi-tologie",525,750,-
PTM4113,"ULTRALEVURE 50 mg gélule, boîte de 20","Saccharomyces bou-lardii / Carbolevure  decharbon activé/ levure",Troubles digestives,"Gastro-entero-He-patologie","1424,5",2035,-
PTM4114,"ULTRA-LEVURE® 250 mg poudre pour suspensionbuvable, boîte de 10 sachets","Saccharomyces bou-lardii / Carbolevure  decharbon activé/ levure",Troubles digestives,"Gastro-entero-He-patologie","2439,5",3485,-
PTM7050,"ULZOL 20 mg gélule, boîte de 2X10",Oméprazole,Antiacides,"Gastro-entero-He-patologie","1046,5",1495,-
PTM7051,"UMBIPRO TM 7,1% gel pour application locale, boîtede 7 sachets de 3 g","Digluconate dechlorhexidine","Antiseptique à largespectre","Infectiologie-parasi-tologie",3885,5550,-
PTM7052,"UMEPENTA-40 poudre pour injection, boîte de 1ampoule + solvant de 10 ml",Pantoprazole,"Inhibiteur de lapompe à Protons","Gastro-entero-He-patologie",2429,3470,-
CODES,DESIGNATION,COMPOSITION,"SOUS CLASSEPHARMACO- THERA-PEUTIQUE","CLASSE PHARMA-CO- THERAPEU-TIQUE","PRIX BASE DEREMBOURSEMENT (G) x 70%","PRIXPUBLIC","ACCORDPREALABLE"
PTM7054,"UMEREX-20 mg comprimé pelliculé, boîte de 10",Rosuvastatine,Hypolidémiants,"Cardiologie-An-géiologie-Métabo-lisme-Nutrition","3678,5",5255,-
PTM7055,"UMETAC 50 mg/2 ml solution injectable, boîte de 10ampoules",Ranitidine,Antihistamine H2,"Gastro-entero-He-patologie","3482,5",4975,-
PTM7056,"UMEXIM 200 mg capsule, boîte de 10",Cefixime,Antibacterien,"Infectiologie-parasi-tologie","3153,5",4505,-
PTM7057,"UMOXIL 125 mg/5 ml suspension buvable, flacon de60 ml",Amoxicilline,"Antibacterien (Penicil-lines)","Infectiologie-parasi-tologie",595,850,-
PTM7058,"UMULINE NPH 100 UI/ml solution injectable, flaconde 10 ml","Insuline humaine (ob-tenue par transgénèsed’Escherichia coli K 12)","Antidiabetiques injec-tables","Métabolisme-Nutri-tion-Diabete",28350,40500,AP
PTM7059,"UMULINE Profil 30 100 UI/ml suspension injectable,flacon de 10 ml","Insuline humaine (ob-tenue par transgénèsed’Escherichia coli K 12)","Antidiabetiques injec-tables","Métabolisme-Nutri-tion-Diabete",28350,40500,AP
PTM7060,"UMULINE Rapide 100 UI/ml solution injectable,flacon de 10 ml","Insuline humaine (ob-tenue par transgénèsed’Escherichia coli K 12)","Antidiabetiques injec-tables","Métabolisme-Nutri-tion-Diabete",28350,40500,AP
PTM7061,"UN - ALPHA 0,25 μg capsule boite de 30",Alfalcidol,"Vitamine D et analo-gues","Metabolisme- nutri-tion-diabete",4830,6900,-
PTM7062,UN - ALPHA 1 μg capsule boite de 30,Alfalcidol,"Vitamine D et analo-gues","Metabolisme- nutri-tion-diabete",10920,15600,-
PTM7063,"UNIFED comprimé, boite 20","Tripolidine HCI pseu-doephedrine",Antihitaminique,Allergologie,"1081,5",1545,-
PTM7064,"UNIFLOX 500 mg comprimé,boite 7",Levofloxacine,Antibiotique,"Infectiologie-parasi-tologie",3780,5400,-
PTM4115,"UNIMER Adulte, solution hypertyyonique 28% d’eaude mer en spray, flacon de 30 ml",Eau de mer,"Hygienes etdecongestionnantsnasals","Oto-Rino-Laryngo-logie","2285,5",3265,-
PTM4116,"UNIMER pediatric hypertonic 22 ‰ spray nasal,flacon de 100 mL","100% eau de mer di-luée hypertonique","Hygienes etdecongestionnantsnasals","Oto-Rino-Laryngo-logie",2604,3720,-
CODES,DESIGNATION,COMPOSITION,"SOUS CLASSEPHARMACO- THERA-PEUTIQUE","CLASSE PHARMA-CO- THERAPEU-TIQUE","PRIX BASE DEREMBOURSEMENT (G) x 70%","PRIXPUBLIC","ACCORDPREALABLE"
PTM7066,"UNIZITHRIN 100 mg/5 ml poudre pour suspensionbuvable, flacon de 30 ml",Azithromycine,"Antibacterien (macro-lides)","Infectiologie-parasi-tologie","2250,5",3215,-
PTM4118,"UNIZITHRIN 500 mg gélule, boîte de 3",Azithromycine,"Antibacterien (macro-lides)","Infectiologie-parasi-tologie","2831,5",4045,-
PTM7068,"UNIZOL® 200 mg/100 mL solution injectable pourperfusion, sachet de 100 Ml",Fluconazole,Antifongique,"Infectiologie-parasi-tologie","3699,5",5285,-
PTM7067,"UNOZIT 500 mg comprimé, boîte de 3",Azithromycine,"Antibacterien (macro-lides)","Infectiologie-parasi-tologie","4560,5",6515,-
PTM5074,"UPERIO 50 mg, comprimé, boite de 28",Valsartan,Antihypertenseur,"Cardiologie-Angéio-logie",12208,17440,-
PTM5085,"UPERIO 100 mg, comprimé, boite de 28",Valsartan,Antihypertenseur,"Cardiologie-Angéio-logie",12208,17440,-
PTM5191,"UPERIO 200 mg, comprimé, boite de 28",Valsartan,Antihypertenseur,"Cardiologie-Angéio-logie",12208,17440,-
PTM4124,UPRACID® 20 mg comprimés boite de 10,Pantoprazole,"Inhibiteur de lapompe à Protons","Gastro-entero-He-patologie","2194,5",3135,-
PTM4125,UPRACID® 40 mg comprimés boite de 14,Pantoprazole,"Inhibiteur de lapompe à Protons","Gastro-entero-He-patologie","5939,5",8485,-
PTM4126,"UPRADONE gélule, boîte de 30","Pantoprazole/Dompe-ridone","Inhibiteur de lapompe à Protons","Gastro-entero-He-patologie","9593,5",13705,-
PTM4127,"UPRAJECT®40mg, poudre pour solution injection,boîte de 1 flacon + solvant",Pantoprazole,"Inhibiteur de lapompe à Protons","Gastro-entero-He-patologie","4112,5",5875,-
PTM7069,"UPRAZOL 40 mg comprimé à libération prolongée,boîte de 10",Pantoprazole,"Inhibiteur de lapompe à Protons","Gastro-entero-He-patologie","2740,5",3915,-
PTM7070,"URADOX® 2 mg comprimé, boîte de 30",Doxazosine,"Hyperplasie bénignede la prostate",Urologie,3563,5090,-
PTM4131,"URBANYL 10 mg comprimé, boite de 30",Clobazam,Anxiolytique,Neurologie,2184,3 120,-
PTM4137,"UROCTAL 400mg comprimé, boite de 14",Norfloxacine,Antibacterien,"Infectiologie-parasi-tologie",6195,8 850,-
PTM7071,"UROFAST 3 mg, granulé pour solution buvable ensachet, boîte de 1",Fosfomycine,Antibacterien,"Infectiologie-parasi-tologie","3720,5",5315,-
CODES,DESIGNATION,COMPOSITION,"SOUS CLASSEPHARMACO- THERA-PEUTIQUE","CLASSE PHARMA-CO- THERAPEU-TIQUE","PRIX BASE DEREMBOURSEMENT (G) x 70%","PRIXPUBLIC","ACCORDPREALABLE"
PTM7073,"URTICID 200 mg comprimé, boîte de 10",Cefixime,"Antibacterien (Cepha-losporines)","Infectiologie-parasi-tologie",3367,4810,-
PTM7074,"URTICID 400 mg comprimé, boîte de 10",Cefixime,"Antibacterien (Cepha-losporines)","Infectiologie-parasi-tologie","4812,5",6875,-
PTM7075,"UTIFLOX 400 mg comprimé, boîte de 10",Norfloxacine,"Antibacterien (Quino-lones)","Infectiologie-parasi-tologie",917,1310,-
PTM7076,"UTERGIN 0,125 mcg comprimé  , boîte de 30","Méthylergométrinemaléate","Ocytocique (Stimulela Contraction del’utérus)",Gynécologie,2009,2870,-
PTM4142,"UTROGESTAN 100 mg capsule molle orale ouvaginal, B/30","Progestérone (DCI)naturelle micronisée",Progestatifs,Gynécologie,4249,6070,-
PTM4141,"UTROGESTAN 200 mg capsule molle orale ouvaginal, B/30","Progestérone (DCI)naturelle micronisée",Progestatis,Gynécologie,"4385,5",6265,-
PTM4143,"UVEDOSE 100 000 UI solution buvable en ampoule,boîte de 1","Cholécalciférol (vita-mine D3)",Ostéoporose,Traumatologie,896,1280,-
PTM4145,UVESTEROL ADEC flacon de 100 ml,Ergocalciferol,"Vitamine D et analo-gues","Metabolisme- nutri-tion-diabete",1260,1800,-
PTM4146,"UVIMAG B6 solution buvable en ampoule, boîte de20","Glycérophosphateacide de magnésium/Chlorhydrate de pyri-doxine",Minéraux,"Metabolisme- nutri-tion-diabete",2842,4060,-
PTM7077,"UZET – 500 comprimé, boîte de 3",Azithromycine,Antibacterien,"Infectiologir-parasi-tologie","3244,5",4635,-
PTM7078,"UZET 200 mg/5 ml suspension buvable, flacon 15 ml",Azithromycine,Antibacterien,"Infectiologir-parasi-tologie","1788,5",2555,-
PTM4149,"VAGILEN 500 mg ovule, boîte de 10",Métronidazole,"Antibacterien (Imi-dazolés)","Infectiologie-parasi-tologie","1389,5",1985,-
PTM7079,"VAGIMILT capsule molle vaginale, boîte de 7","Clotrimazole/ Clindamy-cine",Antiinfectieux,Gynécologie,2744,3920,-
PTM4154,"VALIUM 5 mg comprimé, boite de 30",Diazepam,Anxiolytique,Neurologie,1925,2750,-
CODES,DESIGNATION,COMPOSITION,"SOUS CLASSEPHARMACO- THERA-PEUTIQUE","CLASSE PHARMA-CO- THERAPEU-TIQUE","PRIX BASE DEREMBOURSEMENT (G) x 70%","PRIXPUBLIC","ACCORDPREALABLE"
PTM7080,"VALK 100 mg comprimé, boîte de 10",Acéclofénac,"Anti-inflammatoirenonstéroïdien",Anti-inflammatoires,"1690,5",2415,-
PTM7081,"VALK 100 mg comprimé, boîte de 30",Acéclofénac,"Anti-inflammatoirenonstéroïdien",Anti-inflammatoires,"1690,5",2415,-
PTM7082,"Valsar-Denk 160 comprimé pelliculé, bte de 28",Valsartan,"Antihypertenseur(Sartan)","Cardiologie - An-géiologie",5026,7180,-
PTM7083,"Valsar-Denk 320 comprimé pelliculé, bte de 28",Valsartan,"Antihypertenseur(Sartan)","Cardiologie - An-géiologie",15078,21540,-
PTM7084,"Valsar-Denk 40 comprimé pelliculé, bte de 28",Valsartan,"Antihypertenseur(Sartan)","Cardiologie - An-géiologie","5575,5",7965,-
PTM7085,"Valsar-Denk 80 comprimé pelliculé, bte de 28",Valsartan,"Antihypertenseur(Sartan)","Cardiologie - An-géiologie","4385,5",6265,-
PTM7086,"VALSARTAN Win 160 mg comprimé, boîte de 28",Valsartan,"Antihypertenseur(Sartan)","Cardiologie - An-géiologie",5026,7180,-
PTM7087,"VALSARTAN Win 80 mg comprimé, boîte de 28",Valsartan,"Antihypertenseur(Sartan)","Cardiologie - An-géiologie","4385,5",6265,-
PTM4160,"VASCOR 20 mg comprimé pelliculé, boîte de 60",Trimetazidine,"Antiangoreux (insuffi-sance coronarienne)","Cardiologie - An-géiologie","3720,5",5 315,-
PTM4161,"VASCOR 20 mg /mL solution buvable en goutte,flacon de 60 mL",Trimetazidine,"Antiangoreux (insuffi-sance coronarienne)","Cardiologie - An-géiologie","3720,5",5 315,-
PTM7088,"VASTAREL® 80 mg gélule  à Libération Prolongée,boîte de 30","Dichlorhydrate de Tri-métazidine",Angine de poitrine,"Cardiologie-angéio-logie","5876,5",8395,-
PTM4191,"VASTAREL® 35 mg gélule  à Libération Prolongée,boîte de 31","Dichlorhydrate de Tri-métazidine",Angine de poitrine,"Cardiologie-angéio-logie","5876,5",8395,-
PTM4193,"VASTATOR 10 mg comprimé, boîte de 30",Atorvastatine,Hypolémiants,"Cardiologie - An-géiologie- Métabo-lisme - Nutrition","4385,5",6265,-
CODES,DESIGNATION,COMPOSITION,"SOUS CLASSEPHARMACO- THERA-PEUTIQUE","CLASSE PHARMA-CO- THERAPEU-TIQUE","PRIX BASE DEREMBOURSEMENT (G) x 70%","PRIXPUBLIC","ACCORDPREALABLE"
PTM7089,"VASTATOR 35 mg comprimé pelliculé à libérationmodifiée, boîte de 60",Atorvastatine,Hypolémiants,"Cardiologie - An-géiologie- Métabo-lisme - Nutrition","4385,5",6265,-
PTM4195,"VASTATOR 40 mg comprimé, boîte de 30",Atorvastatine,Hypolémiants,"Cardiologie - An-géiologie- Métabo-lisme - Nutrition","7766,5",11095,-
PTM7090,"VASTOR-20 comprimé, boîte de 10",Atorvastatine,Hypolémiants,"Cardiologie - An-géiologie- Métabo-lisme - Nutrition",1393,1990,-
PTM7091,"VEDILOL 12,5 mg comprimé, boîte de 30",Carvedilol,"Antihypertenseur(Betabloquant)","Cardiologie-angéio-logie","2831,5",4045,-
PTM7092,"VEDILOL 25 mg comprimé, boîte de 30",Carvedilol,"Antihypertenseur(Betabloquant)","Cardiologie-angéio-logie",4571,6530,-
PTM7093,"VEDILOL 6,25 mg comprimé, boîte de 3 X 10",Carvedilol,"Antihypertenseur(Betabloquant)","Cardiologie-angéio-logie","2831,5",4045,-
PTM4210,"VEINOBIASE comprimé effervescent, boîte de 30","Petit Houx (Extraithydro-alcoolique titréà 10% de saponosidestotaux/ Cassis (sucfermenté desséché defruits titré à 1,4% d’an-thocyanosides totaux)/Acide Ascorbique (DCI)","Veinotrope et capilla-rotrope","Cardiologie-angéio-logie","4259,5",6085,-
PTM7094,"VELOCE® 8 mg comprimé pelliculé, boîte de 20",Lornoxicam,"Anti-inflammatoiresnon steroidiens",Anti-inflammatoires,5901,8430,-
PTM7095,"VELOCE® 8 mg poudre pour solution injectable,boîte de 1 flacon",Lornoxicam,"Anti-inflammatoiresnon steroidiens",Anti-inflammatoires,1743,2490,-
PTM4212,"VENOSMIL 200 mg gélule, boîte de 20",Hidrosmine,Vasculoprotecteurs,"Cardiologie-angéio-logie",2723,3 890,-
PTM4215,VENTAL INHALER  AEROSOL,Salbutamol,"Médicament del’asthme et de la BPCO",Pneumologie,"1557,5",2 225,-
CODES,DESIGNATION,COMPOSITION,"SOUS CLASSEPHARMACO- THERA-PEUTIQUE","CLASSE PHARMA-CO- THERAPEU-TIQUE","PRIX BASE DEREMBOURSEMENT (G) x 70%","PRIXPUBLIC","ACCORDPREALABLE"
PTM7096,"VENTOMAC 100 mg inhalation doseur, flacon de 200doses",Salbutamol,"Médicament del’asthme et de la BPCO",Pneumologie,"2740,5",3915,-
PTM7097,"VEPRAN 150 mg comprimé pelliculé sécable, boîtede 28",Irbésartan,"Antihypertenseur(Sartan)","Cardiologie-Angéio-logie",10983,15690,-
PTM7098,"VEPRAN 300 mg comprimé pelliculé sécable, boîtede 28",Irbésartan,"Antihypertenseur(Sartan)","Cardiologie-Angéio-logie",10983,15690,-
PTM7099,"VERAPAMIL BIOGARAN 240 mg comprime, boite de30",Vérapamil chlorhydrate,Antihypertenseur,"Cardiologie-Angéio-logie","4588,5",6555,-
PTM4221,"VERA-DENK Retard comp à libération prologée,plaquette de 10",Vérapamil chlorhydrate,"Antihypertenseur(Sartan)","Cardiologie-Angéio-logie","2922,5",4175,-
PTM4224,"VERAX BLU 1,5 mg/ml collutoire, flacon de 120 ml","Benzydamine chlorhy-drate",Antiseptique,Ophtalmologie,1533,2190,-
PTM7100,"VERGO 400 comprimé dispersible, boîte de 1",Albendazole,Antihelmintique,"Infectiologie-parasi-tologie",497,710,-
PTM4227,"VERMOX 100 mg comprimé, boîte de 6",Mebendazole,Antihelmintique,"Infectiologie-parasi-tologie",1043,1490,-
PTM4229,"VERMOX 20 mg/ml suspension buvable, flacon de30 ml",Mebendazole,Antihelmintique,"Infectiologie-parasi-tologie","1326,5",1895,-
PTM4228,"VERMOX 500 mg comprimé, boîte de 1",Mebendazole,Antihelmintique,"Infectiologie-parasi-tologie",903,1290,-
PTM7101,"VERORAB poudre et solvant pour suspensioninjectable en seringue pré-rempli, Vaccin rabiquepour usage humain préparé sur cultures cellulaires(inactivé)","Virus de la rage*,souche Wistar RabiesPM/W138 1503-3M(inactivé)*produit surcellules Vero",Vaccin contre la rage,Prevention,"7675,5",10965,-
PTM4230,"VERRUMAL solution pour application cutanée,flacon de 13 ml","Fluoro-uracile/Acidesalicylique/Diméthylsul-foxyde",Verrucides et coricides,Dermatologie,2940,4200,-
PTM7102,"VERSINO comprimé, boîte de 10","Paracetamol/Diclofe-nac/Chlorpheniramine",Antalgiques+AINS,"Antalgiques-Antipy-rétiques-Antispas-modiques",1827,2610,-
CODES,DESIGNATION,COMPOSITION,"SOUS CLASSEPHARMACO- THERA-PEUTIQUE","CLASSE PHARMA-CO- THERAPEU-TIQUE","PRIX BASE DEREMBOURSEMENT (G) x 70%","PRIXPUBLIC","ACCORDPREALABLE"
PTM4232,"VERZOL 4% suspension buvable, flacon de 10 ml",Albendazole,Antihelmintique,"Infectiologie-parasi-tologie","647,5",925,-
PTM4231,"VERZOL 400 mg comprimé, boite de 1",Albendazole,Antihelmintique,"Infectiologie-parasi-tologie","647,5",925,-
PTM7104,"VERZOL® 400 mg/10 mL suspension buvable, boîtede 20 sachets",Albendazole,Antihelmintique,"Infectiologie-parasi-tologie","647,5",925,-
PTM4239,"VICOMBIL Ferrum Liquide, flacon de 200 Ml","Fer/Vitamines B Com-plexe",Antianémique,"Hémostase - Héma-topoïèse - Hémoglo-binopathies","5484,5",7835,-
PTM7105,"VIFEX sirop, flacon de 100 ml","Salbutamol/ Chlorhy-drate de bromhexine/Guaifénésine",Antiasthmatique,Pneumologie,1043,1490,-
PTM7106,"VIKFLU 150 mg gélule, boîte de 4",Fluconazole,Antifongique,"Infectiologie-parasi-tologie","2922,5",4175,-
PTM7107,"VIKLEVO 500 mg comprimé, boîte de 10.",Levofloxacine,"Antibacterien (Quino-lone)","Infectiologie-parasi-tologie","4567,5",6525,-
PTM7108,"VIKPRA 20 mg comprimés enrobés entériques, boîtede 30",Rabéprazole,"Inhibiteur de lapompe à Protons","Gastro-entero-He-patologie","2922,5",4175,-
PTM7109,"VIKTHRO suspension, flacon de 15 ml",Azithromycine,"Antibacterien (Macro-lides)","Infectiologie-parasi-tologie","1900,5",2715,-
PTM7110,"VIKTHRO 500 mg comprimé, boîte de 3.",Azithromycine,"Antibacterien (Macro-lides)","Infectiologie-parasi-tologie","2740,5",3915,-
PTM7111,"VILDA DENK 50 mg ,comp,boite 28",Vildaglipine,Antidiabetique,"Metabolisme- nutri-tion-diabete","5967,5",8525,-
PTM7112,"VINKAMINE 500 mg Inj, boite 1","Vancomycine Chlory-drate",Antibacterien,"Infectiologie-parasi-tologie","5204,5",7435,-
PTM4251,"VIRGAN 1,5 mg/g gel ophtalmique, tube de 5 g.",Ganciclovir,Antiviral,"Infectiologie-parasi-tologie","8361,5",11 945,-
PTM4256,VISCERALGINE sirop  FL/150ML,"Méthylsulfate de tiémo-nium","Médicament destroubles fonctionnelsintestinaux","Gastro-entero-He-patologie","1277,5",1 825,-
CODES,DESIGNATION,COMPOSITION,"SOUS CLASSEPHARMACO- THERA-PEUTIQUE","CLASSE PHARMA-CO- THERAPEU-TIQUE","PRIX BASE DEREMBOURSEMENT (G) x 70%","PRIXPUBLIC","ACCORDPREALABLE"
PTM7113,"VISCID gel, bouteille de 200 Ml","Hydroxyde d’Alumi-nium/ Hydroxyde deMagnesium/ Si-methicone",Antiacide,Pneumologie,2100,3000,-
PTM7114,"VISCODRIL Sirop, flacon de 100 ml","Diphénhydramine /Ammonium Chloride",Antitussif,Pneumologie,1372,1960,-
PTM4260,"VISCOF D  sirop, flacon de 100 ml","Dextromethorphanebromhydrate/ Phény-léphrine chlorhydrate/Cetirizine dichlorhy-drate/ Menthol race-mique",Antitussif,Pneumologie,1050,1500,-
PTM4261,"VISCOF S sirop, flacon de 100 ml","Ambroxol hydrochlo-ride/ Salbutamol/ Guai-fenesin/ Racementhol",Antitussif,Pneumologie,1029,1470,-
PTM4262,"VISIODIS collyre, boîte de 1 flacon de 10 ml","Chlorure de Benzalko-nium",Antiseptique,Ophtalmologie,749,1070,-
PTM4270,"VITABACT 0,05% collyre en récipient multidose,flacon de 10 mL","picloxydine dichlorhy-drate",Antiseptique,Ophtalmologie,840,1200,-
PTM7115,"VITA B CARE 250 mg/250 mg comprimé pelliculé,boîte de 10","Vitamine B1/ VitamineB6",Vitamines,"Metabolisme- nutri-tion-diabete",770,1100,-
PTM4272,"VITAFER Forte sirop, flacon de 200 ml","Citrate d’Ammonium etde fer/ Acide folique/Vitamine B12","Stimulant de l’hema-topoiese","Hémostase - Héma-topoïèse - Hémoglo-binopathies","2740,5",3915,-
PTM7116,"VITAFER gélule, boîte de 3x10","Sulfate Ferreux dessé-chée/ Idacol CarmosineSupra/ Acide folique","Stimulant de l’hema-topoiese","Hémostase - Héma-topoïèse - Hémoglo-binopathies",1736,2480,-
PTM7117,"VITAMINES B MAX comprimé, Pla/10","Vitamines B (associa-tion)",Vitamines,"Metabolisme- nutri-tion-diabete",770,1100,-
PTM4265,"VIT-B-DENK comprimé pelliculé, plaquette de 10","Thiamine (vitamineB1)/ Pyridoxine (vita-mine B6)",Vitamines,"Metabolisme- nutri-tion-diabete","549,5",785,-
CODES,DESIGNATION,COMPOSITION,"SOUS CLASSEPHARMACO- THERA-PEUTIQUE","CLASSE PHARMA-CO- THERAPEU-TIQUE","PRIX BASE DEREMBOURSEMENT (G) x 70%","PRIXPUBLIC","ACCORDPREALABLE"
PTM7118,"VOGALÈNE® 7,5 mg Lyophilisat oral Boîte de 16",Métopimazine,Antihémetique,"Gastro-entero-He-patologie",2674,3820,-
PTM4307,VOGALÈNE®15 mg gél Boîte de 20,Métopimazine,Antihémetique,"Gastro-entero-He-patologie",3500,5 000,-
PTM4312,"VOGALENE 0,4% solution buvable",Métopimazine,Antihémetique,"Gastro-entero-He-patologie",1197,1 710,-
PTM4309,"VOGALENE 10 mg/ml injectable, boite de 1",Métopimazine,Antihémetique,"Gastro-entero-He-patologie",231,330,-
PTM4308,"VOGALENE 5 mg suppositoire, boîte de 10",Métopimazine,Antihémetique,"Gastro-entero-He-patologie",1414,2020,-
PTM7120,"VOLINIL gel, tube de 30 g",Diclofénac/ Huile de lin,"Anti-inflammatoirenon stéroïdien",Dermatologie,777,1110,-
PTM4315,"VOLTARENE 100mg suppositoire, boite de 10",Diclofenac,"Anti-inflammatoirenon stéroïdien",Anti-inflammatoires,"2229,5",3185,-
PTM4316,"VOLTARENE 25mg comprimé enrobé, boite de 30",Diclofenac,"Anti-inflammatoirenon stéroïdien",Anti-inflammatoires,1820,2600,-
PTM4317,"VOLTARENE 50mg comprimé enrobé, boite de 30",Diclofenac,"Anti-inflammatoirenon stéroïdien",Anti-inflammatoires,3619,5170,-
PTM4321,"VOLTARENE LP 100mg comprimé, boite de 15",Diclofenac,"Anti-inflammatoirenon stéroïdien",Anti-inflammatoires,"4056,5",5795,-
PTM4322,"VOLTARENE LP 75 mg comprimé, boite de 20",Diclofénac,"Anti-inflammatoirenon stéroïdien",Anti-inflammatoires,"4238,5",6055,-
PTM4320,VOLTARENE emulgel 1% T/50G,Diclofénac,"Anti-inflammatoirenon stéroïdien",Anti-inflammatoires,"2432,5",3475,-
PTM4323,"VOLTFAST 50 mg poudre pour solution buvable,boîte de 9 sachets",Diclofenac,"Anti-inflammatoirenon stéroïdien",Anti-inflammatoires,2303,3290,-
PTM7121,"VOLTIKA-50 mg comprimé gastro-résistant, boîte de10",Diclofenac Sodique,"Anti-inflammatoirenon stéroïdien",Anti-inflammatoires,945,1350,-
CODES,DESIGNATION,COMPOSITION,"SOUS CLASSEPHARMACO- THERA-PEUTIQUE","CLASSE PHARMA-CO- THERAPEU-TIQUE","PRIX BASE DEREMBOURSEMENT (G) x 70%","PRIXPUBLIC","ACCORDPREALABLE"
PTM4324,"VOVGEL gel, tube de 30 g","Huile de lin BP (OleumLini)/ Diclofénac dié-thyle/ Méthyle salicy-late/ Menthol/ Benzylalcool / Gel de base","Anti-inflammatoirenon stéroïdien",Dermatologie,1141,1630,-
PTM7123,"VOXCIB 100 mg gélule, boîte de 20",Célécoxib,"Anti-inflammatoirenon stéroïdien",Rhumatologie,"2922,5",4175,-
PTM7124,"VOXCIB 200 mg gélule, boîte de 10",Célécoxib,"Anti-inflammatoirenon stéroïdien",Rhumatologie,"2922,5",4175,-
PTM4325,WARIMAZOLE Crème tube de 20 g,Clotrimazole,Antifongique,"Infectiologie-parasi-tologie",2065,2 950,-
PTM4326,WARIMAZOLE ovule boite de 3,Clotrimazole,Antifongique,"Infectiologie-parasi-tologie","1746,5",2 495,-
PTM7125,"WELBEEN-L comprimé, boîte de 1 plaquette x 10",Lévocétirizine,Antihistaminique H1,Pneumologie,"2705,5",3865,-
PTM7126,"WELQUINE 750 mg comprimé, boîte de 10",Lévofloxacine,"Antibacterien (Quino-lones)","Infectiologie-parasi-tologie",3472,4960,-
PTM7127,"WONDER  60 mg comprimé pelliculé, boîte de 4",Dapoxétine,Antidepresseur,Psychiatrie,"1746,5",2495,-
PTM4328,"WORMIN 100 mg comprimé, boîte de 6","Mebendazole100 mg",Antihelmintique,"Infectiologie-parasi-tologie","913,5",1305,-
PTM4327,"WORMIN 100mg/5 mL suspension buvable, flaconde 30 mL","Mebendazole100 mg",Antihelmintique,"Infectiologie-parasi-tologie",1050,1500,-
PTM4329,"WORMIN 500 mg comprimé, boîte de 1","Mebendazole500 mg",Antihelmintique,"Infectiologie-parasi-tologie","458,5",655,-
PTM4330,"XALACOM 50μg/ml collyre flacon de 2,5 ml",Latanoprost / Timolol,Antiglaucomateux,Ophtalmologie,13706,19 580,-
CODES,DESIGNATION,COMPOSITION,"SOUS CLASSEPHARMACO-THERAPEUTIQUE","CLASSE PHARMACO-THERAPEUTIQUE","PRIX BASE DEREMBOURSEMENT (G) x 70%","PRIXPUBLIC","ACCORDPREALABLE"
PTM7129,"X’FERON suspension buvable, flacon de 200 ml","Acide folique/ Vita-mine B12/ Sulfate deZinc Monohydrate/Pyroxidine HCl/ Acideascorbique","Stimulant de l’hema-topoiese","Hémostase - Héma-topoïèse - Hémoglo-binopathies",595,850,-
PTM7130,"X’flux 125 mg/5 ml poudre pour suspensionbuvable, flacon de 100 ml",Flucloxacilline,"Antibacterien (Penicil-lines)","Infectiologie-parasi-tologie",2975,4250,-
PTM7131,"X’FLUX 250 mg gélule, boîte de 10",Flucloxacilline,"Antibacterien (Penicil-lines)","Infectiologie-parasi-tologie",1225,1750,-
PTM7132,"X’mox 250 mg gélule, boîte de 10",Amoxicilline,"Antibacterien (Penicil-lines)","Infectiologie-parasi-tologie",651,930,-
PTM7133,"X’mox 500 mg gélule, boîte de 10",Amoxicilline,"Antibacterien (Penicil-lines)","Infectiologie-parasi-tologie","591,5",845,-
PTM7134,"X-PLENDED® 5 mg comprimé pelliculé, boîte de 30",Rosuvastatine,Hypolemipiants,"Cardiologie-Angéio-logie",3808,5440,-
PTM7135,"X’TRIM 240 mg/5 ml suspension orale, flacon de 100ml","Sulfaméthoxazole/Triméthoprime","Antibacterien (Sulfa-mides)","Infectiologie-parasi-tologie","409,5",585,-
PTM7136,"X’ZOLE 200 mg comprimé, boîte de 50 x10",Métronidazole,"Antibacterien (Imi-dazolés)","Infectiologie-parasi-tologie",308,440,-
PTM4331,"XALATAN 0,005% collyre, flacon de 2,5 ml",Latanoprost,Antiglaucomateux,Ophtalmogie,"12673,5",18105,-
PTM7137,"XALATREX 50 μg/ml collyre, flacon de 2,5 ml",Latanaprost,Antiglaucomateux,Ophtalmogie,"7822,5",11175,-
PTM4334,"XARELTO 10 mg comprimé, boîte de 10",Rivaroxaban (DCI),Anticoagulant,Hematologie,19187,27410,-
PTM7138,"XARELTO 15 mg comprimé pelliculé, boîte de 14",Rivaroxaban (DCI),Anticoagulant,Hematologie,"26862,5",38375,-
PTM7139,"XARELTO 20 mg comprimé pelliculé, boîte de 14",Rivaroxaban (DCI),Anticoagulant,Hematologie,"26862,5",38375,-
PTM4335,"XATRAL 2,5 mg comprimé pelliculé, boite de 30","chlorhydrate d’alfuzo-cine","Médicament de laprostate",Urologie,"5764,5",8235,-
CODES,DESIGNATION,COMPOSITION,"SOUS CLASSEPHARMACO-THERAPEUTIQUE","CLASSE PHARMACO-THERAPEUTIQUE","PRIX BASE DEREMBOURSEMENT (G) x 70%","PRIXPUBLIC","ACCORDPREALABLE"
PTM4337,"XELIPROST 10 mg comprimé, boîte de 10","Chlorhydrate de térazo-sine dihydraté","Antihypertenseur(A-bloquant)","Cardiologie-angéo-logie","2558,5",3655,-
PTM4338,"XELIPROST 5 mg comprimé, boîte de 10","Chlorhydrate de térazo-sine dihydraté","Antihypertenseur(A-bloquant)","Cardiologie-angéo-logie",1827,2610,-
PTM7140,"XENAMEX® 500 mg/5 mL   solution pour injection IV,boîte de 10 flacons",Acide Tranéxamique,Antihemorragique,Hematologie,"12281,5",17545,-
PTM7142,"XERATEC® 100 mg/ 5 mL solution pour injection IV,boîte de 5 flacons",Sucrose de fer,Antianemique,Hematologie,2716,3880,-
PTM7143,"XERIN comprimé, boîte de 10","Lévocétirizine/ Mon-telukast",Antiasthmatique,Pneumologie,"1746,5",2495,-
PTM7144,"XICLAV 625 mg gélule, boîte de 14","Amoxicilline500 mg /Acide clavulanique125 mg","Antibacterien (Penicil-lines)","Infectiologie-parasi-tologie","3216,5",4595,-
PTM7145,"XITININ 5 mg comprimé, boîte de 2X7",Oxybutynine,"Traitement hyperacti-vité vésicale",Urologie,4851,6930,-
PTM7146,"XOLAMOL® collyre en solution ophtalmique, flaconde 5 mL",Dorzolamide/Timolol,Antiglaucomateux,Ophtalmologie,6853,9790,-
PTM7147,"XONE 1 g poudre pour solution injectable, boîte de 1flacon + solvant",Ceftriaxone,Antibacterien,"Infectiologie-parasi-tologie","1508,5",2155,-
PTM7148,"XSONE-N collyre/goutte auriculaire, flacon de 10 ml","Dexaméthasonephosphate/ Néomycinesulfate (Equivalent àNéomycine base)",Anti-infectieux,Ophtalmogie,1750,2500,-
PTM7149,"XYDOL GYN® 100 mg comprimé pelliculé, boîte de20",Flurbiprofène,"Anti-inflammatoirenonstéroïdien",Anti-inflammatoires,"2075,5",2965,-
PTM7150,"XYKAA RAPID 500 mg comprimé, boîte de 20",Paracétamol,"Antalgiques-Antipyré-tiques","Antalgiques-Antipy-rétiques-Antispas-modiques",2009,2870,-
"",,,,SOUS CLASSE,PRIX BASE DE,,
"",,,,CLASSE PHARMACO-,,PRIX,ACCORD
CODES,,DESIGNATION,COMPOSITION,PHARMACO-,REMBOURSE,,
"",,,,THERAPEUTIQUE,,PUBLIC,PREALABLE
"",,,,THERAPEUTIQUE,MENT (G) x 70%,,
"",,,Chlophéniramine+Phé-,,,,
"",,,,Oto-Rino-Laryngo-,,,
PTM7152,XYKAA PLUS,,nyléphrine+Caféine+Pa-,Rhinites-Sinusites,"2285,5",3265,-
"",,,,logie,,,
"",,,racétamol,,,,
"",,,,Antibacterien (macro- Infectiologie-parasi-,,,
PTM7153,"XYLAR 500 mg comprimé pelliculé, boîte de 14",,Clarithromycine,,"6394,5",9135,-
"",,,,lides) tologie,,,
"",,,Dichlorhydrate de Levo-,,,,
PTM7154,"XYLIX® 5 mg comprimés pelliculés, boîte de 15",,-cétirizine,Antihistaminique H1 Allergologie,1946,2780,
"","XYLO ACINO TM 0,05 % Enfant spray nasal, flacon de",,,Oto-Rino-Laryngo-,,,
PTM4346,-10 ml,,Xylométazoline,Décongestionnant logie,"822,5",1 175,
"","XYLO ACINO TM 0,1% Adulte spray nasal, flacon de",,,Oto-Rino-Laryngo-,,,
PTM4347,-10 ml,,Xylométazoline,Décongestionnant logie,"1004,5",1 435,
"",,,,Anesthésie-Reani-,,,
PTM4351,XYLOCAINE 2% INJ 20 ML BTE/1,,Lidocaine,Anesthésique local -mation,1260,1 800,
"",,,,Oto-Rino-Laryngo-,,,
PTM7155,"XYLO CARE 0,05% gouttes nasales, flacon de 10 ml",,Xylométazoline,Décongestionnant,693,990,-
"",,,,logie,,,
"",,,,Oto-Rino-Laryngo-,,,
PTM7156,"XYLO CARE 0,1% gouttes nasales, flacon de 10 ml",,Xylométazoline,Décongestionnant,770,1100,-
"",,,,logie,,,
"",,,Xylométazoline (chlo-,Oto-Rino-Laryngo-,,,
PTM7157,"XYLONAL (Adulte) 0,1%, flacon de 10 ml",,,Décongestionnant,910,1300,-
"",,,rhydrate),logie,,,
"",,,Xylométazoline (chlo-,Oto-Rino-Laryngo-,,,
PTM7158,"XYLONAL (Pédiatrique) 0,05%, flacon de 10 ml",,,Décongestionnant,"682,5",975,-
"",,,rhydrate),logie,,,
"",,,,Métabolisme - Dia-,,,
PTM7159,"YODAFAR 200 microgrammes comprimé, boîte de 50",,Iodure de potassium,Minéraux -bète - Nutrition,"2495,5",3565,
"",,,Chlorphéniramine/,,,,
"","YENDOL granulé pour suspension buvable, boîte de",,Caféine/ paracétamol,Oto-Rino-Laryngo-,,,
PTM4359,-10 sachets,,(acétaminophène)/ Sali-,Rhinites-Sinusites logie,"1844,5",2635,
"",,,cylamide,,,,
"","Hémostase - Héma-YODOCEFOL 200/400/2 microgrammes comprimé,",,Iodure de potassium/,Stimulant de l’hema-,,,
PTM7160,-boîte de 28,,Acide folique/ Vitamine,topoïèse - Hémoglo- topoiese,1827,2610,
"",,,B12,binopathies,,,
"",,,,Antihistaminique à,,,
PTM4362,"ZADITENE 1mg comprimé, boite de 30",,Kétotifène,Pneumologie,7560,10800,-
"",,,,usage systemique,,,
"",,,,Antihistaminique à,,,
PTM7161,"ZADITENE 2mg comprimé LP, boite de 30",,Kétotifène,Pneumologie,"8753,5",12505,-
"",,,,usage systemique,,,
CODES,DESIGNATION,COMPOSITION,"SOUS CLASSEPHARMACO-THERAPEUTIQUE","CLASSE PHARMACO-THERAPEUTIQUE","PRIX BASE DEREMBOURSEMENT (G) x 70%","PRIXPUBLIC","ACCORDPREALABLE"
PTM4361,"ZADITENE 1mg/5ml sirop, flacon de 60 ml",Kétotifène,"Antihistaminique àusage systemique",Pneumologie,4060,5800,-
PTM7162,"ZALAIN OVULE, boîte de 1","Nitrate de Sertaco-nazole",Antifongique,"Infectiologie-parasi-tologie",2961,4230,-
PTM7163,"ZALASTIN 140 mcg spray nasal, flacon de 15 mL","Azélastine (Chlorhy-drate)",Bronchodilatatrice,Pneumologie,1736,2480,-
PTM7164,"ZAMOX® 1000/125 mg poudre pour suspensionbuvable, boîte de 12 sachet","Amoxicilline/ AcideClavulanique","Antibacterien (Penicil-lines)","Infectiologie-parasi-tologie",3612,5160,-
PTM7165,"ZAMOX® 1000/125 mg poudre pour suspensionbuvable, boîte de 16 sachet","Amoxicilline/ AcideClavulanique","Antibacterien (Penicil-lines)","Infectiologie-parasi-tologie",4158,5940,-
PTM7167,"ZAMOX® 500/625 mg poudre pour suspensionbuvable, boîte de 12 sachet","Amoxicilline/ AcideClavulanique","Antibacterien (Penicil-lines)","Infectiologie-parasi-tologie",3381,4830,-
PTM4364,"ZAMUDOL LP 50 mg gélule à libération prolongée,boîte de 10",Tramadol,Analgésique Opioide,"Antalgiques-Antipy-rétiques-Antispas-modiques",2009,2870,-
PTM7168,"ZANEXTRA 20mg/20 comprimé,Boite de 30","Enalapril 20 mg/chlo-rhydrate de lercanini-pine",Antihypertenseur,"Angeologie/Cardio-logie","9285,5",13265,-
PTM7169,"ZANEXTRA 20mg/10 comprimé,Boite de 30","Enalapril 20 mg/chlo-rhydrate de lercanini-pine",Antihypertenseur,"Angeologie/Cardio-logie","9285,5",13265,-
PTM7170,"ZANEXTRA 10mg/10 comprimé,Boite de 30","Enalapril 20 mg/chlo-rhydrate de lercanini-pine",Antihypertenseur,"Angeologie/Cardio-logie","9285,5",13265,-
PTM7171,"ZAPINE 10 mg comprimé, Boite de 30",Olanzapine,Schizophrénies,Psychiatrie,7350,10500,-
PTM4369,"ZAXTER 1G injectable, boite de 1",Meropeneme,Antibacterien,"Infectiologie-parasi-tologie","21017,5",30 025,AP
PTM4370,"ZAXTER 500mg injectable, boite de 2",Meropeneme,Antibacterien,"Infectiologie-parasi-tologie","11420,5",16 315,AP
PTM4373,"ZEBEN comprimé, étui de 1",Albendazole,Antihelmintique,"Infectiologie-parasi-tologie","458,5",655,-
"",,,SOUS CLASSE,PRIX BASE DE,,
"",,,CLASSE PHARMACO-,,PRIX,ACCORD
CODES,DESIGNATION,COMPOSITION,PHARMACO-,REMBOURSE,,
"",,,THERAPEUTIQUE,,PUBLIC,PREALABLE
"",,,THERAPEUTIQUE,MENT (G) x 70%,,
"",ZECLAR 25 mg/ml granulé pour suspension buvable,,Antibacterien (macro- Infectiologie-parasi-,,,
PTM7174,-100 ml,clarithromycine,lides) tologie,8190,11700,
"",ZECLAR 50 mg/ml granulé pour suspension buvable,,Antibacterien (macro- Infectiologie-parasi-,,,
PTM7175,-60 ml,clarithromycine,lides) tologie,8113,11590,
"",,,Antibacterien (macro- Infectiologie-parasi-,,,
PTM7176,"ZECLAR 500 mg comprimé pelliculé, boîte de 14",clarithromycine,,7063,10090,-
"",,,lides) tologie,,,
"",,,Anti-inflammatoire,,,
PTM4377,"ZENAVAN gel , tube de 40 g",Etofénamate,Dermatologie,"2404,5",3435,-
"",,,non stéroïdien,,,
"",,Fumarate ferreux/,,,,
"",,,Hémostase - Héma-,,,
"",,Acide folique/ Vitamine,Stimulant de l’hema-,,,
PTM7177,"ZENGLOBIN capsule, boîte de 30",,topoïèse - Hémoglo-,854,1220,-
"",,C/ Vitamine B6 / Vita-,topoiese,,,
"",,,binopathies,,,
"",,mine B12/ Zinc,,,,
"",,Citrate Amonium de fer,,,,
"",,(équivalent à 30 mg de,,,,
"",,fer élément)/ Sulfate,,,,
"",,de zinc monohydrate,,,,
"",,"Hémostase - Héma-(équivalent à 3,4 mg de",Stimulant de l’hema-,,,
PTM7178,"ZENGLOBIN sirop, boîte de 1 flacon de 200 ml",,topoïèse - Hémoglo-,854,1220,-
"",,zinc élément)/ Acide,topoiese,,,
"",,binopathiesfolique (vitamine B9)/,,,,
"",,Vitamine B12/ Vitamine,,,,
"",,B1/ Vitamine B2/ Vita-,,,,
"",,mine B6/ Niacinamide,,,,
"",,Magnésium/ Vitamine,,,,
"",,,Métabolisme - Dia-,,,
PTM7179,"ZENMAG gélule, boîte de 32",B6/ Extrait sec de,Vitamines -bète - Nutrition,"2495,5",3565,
"",,Mélisse,,,,
"",,,Infectiologie-parasi-,,,
PTM7180,"ZEPOTIL 200 mg CP, boite de 10",Cefpodoxime Proxétil,Antibacterien,3654,5220,-
"",,,tologie,,,
"",,,Infectiologie-parasi-,,,
PTM7181,ZEPOTIL 100 mg/ml sirop flacon de 60 ml,Cefpodoxime Proxétil,Antibacterien,3654,5220,-
"",,,tologie,,,
"",,,Infectiologie-parasi-,,,
PTM7182,ZEPOTIL 50 mg/5ml sirop flacon de 60 ml,Cefpodoxime Proxétil,Antibacterien,3654,5220,-
"",,,tologie,,,
"",,,Infectiologie-parasi-,,,
PTM7183,"ZEPOTIL DT 100 mg comprimé, boite de 10",Cefpodoxime Proxétil,Antibacterien,3199,4570,-
"",,,tologie,,,
CODES,DESIGNATION,COMPOSITION,"SOUS CLASSEPHARMACO-THERAPEUTIQUE","CLASSE PHARMACO-THERAPEUTIQUE","PRIX BASE DEREMBOURSEMENT (G) x 70%","PRIXPUBLIC","ACCORDPREALABLE"
PTM4380,"ZERODOL 100 mg comprimé, boîte de 10",Aceclofenac DCI,"Anti-inflammatoirenon stéroïdien",Anti-inflammatoires,1883,2690,-
PTM7184,"ZERODOL CR comprimé, boîte de 10",Aceclofenac DCI,"Anti-inflammatoirenon stéroïdien",Anti-inflammatoires,2786,3980,-
PTM7185,"ZERODOL CR comprimé, boîte de 30",Aceclofenac DCI,"Anti-inflammatoirenon stéroïdien",Anti-inflammatoires,"7101,5",10145,-
PTM7186,"ZERODOL P comprimé, boîte de 30","Aceclofenac DCI/ Para-cétamol","Anti-inflammatoirenon stéroïdien",Anti-inflammatoires,"4112,5",5875,-
PTM7187,"ZERODOL P comprimé, boîte de 10","Aceclofenac DCI/ Para-cétamol","Anti-inflammatoirenon stéroïdien",Anti-inflammatoires,1771,2530,-
PTM7188,"ZESTORETIC® 20 mg/12,5 mg comprimé sécable,boîte de 90","Lisinopril anhydre/Hydrochlorothiazide",Antihypertenseur,"Cardiologie-angéo-logie",13202,18860,-
PTM7189,"ZESTRIL® 20 mg comprimé, boîte de 28",Lisinopril anhydre,Antihypertenseur,"Cardiologie-angéo-logie","5379,5",7685,-
PTM7190,"ZESTRIL® 5 mg comprimé, boîte de 28",Lisinopril anhydre,Antihypertenseur,"Cardiologie-angéo-logie","2355,5",3365,-
PTM4387,"ZEXIM 100 mg/5 ml poudre pour suspension, flaconde 30 ml",Céfixime,"Antibacterien (Cepha-losporines)","Infectiologie-parasi-tologie",3836,5480,-
PTM4388,"ZEXIM 200 mg/5 ml poudre pour suspension, flaconde 30 ml",Céfixime,"Antibacterien (Cepha-losporines)","Infectiologie-parasi-tologie",4158,5940,-
PTM4389,"ZEXIM 400 mg capsule, boîte de 5",Céfixime,"Antibacterien (Cepha-losporines)","Infectiologie-parasi-tologie",3836,5480,-
PTM7191,"ZIDD 1 g poudre pour injection, boîte de 1 flacon + 1ampoule de 10 ml d’eau stérile",Ceftazidime,Antibacterien,"Infectiologie-parasi-tologie","3335,5",4765,-
PTM4390,"ZIFAR 10 mg comprimé, boîte de 14",Loratadine,Antihistaminique H1,Allergologie,1463,2090,-
"",,,SOUS CLASSE,PRIX BASE DE,,
"",,,CLASSE PHARMACO-,,PRIX,ACCORD
CODES,DESIGNATION,COMPOSITION,PHARMACO-,REMBOURSE,,
"",,,THERAPEUTIQUE,,PUBLIC,PREALABLE
"",,,THERAPEUTIQUE,MENT (G) x 70%,,
"",,,Antibacterien (Cepha- Infectiologie-parasi-,,,
PTM7193,"ZIMAKS 400 mg comprimé pelliculé, boîte de 10",Céfixime,,4606,6580,-
"",,,losporines) tologie,,,
"",,,Inhibiteur de Gastro-Entero-He-,,,
PTM4393,"ZIMOR® 20 mg gélule, boîte de 14",Omeprazole,-la pompe à Protons patologie,9506,13580,
"",,Ferric Ammonium,,,,
"",,"Chloride, Nicotinamide,",Hémostase - Héma-Stimulant de l’hema-,,,
PTM7194,"ZINCOFER Liquide, flacon de 200 mL",Pyridoxine Hydrochlo-,topoïèse - Hémoglo-,1288,1840,-
"",,"topoieseride, Cyanocobalamine,",binopathies,,,
"",,Zinc sulphate,,,,
"",,Pour un sachet :,,,,
"",,Chlorure de sodium/,,,,
"","Chlorure de potassium/ ZincOra poudre pour suspension buvable, boîte de 2",,Gastro-Entero-He-,,,
PTM7195,-sachets +10 comprimés solubles,Citrate de sodium/,Rehydratant patologie,420,600,
"",,Glucose anhydre,,,,
"",,Pour un comprimé :,,,,
"",,Zinc,,,,
"","ZIPIME 1 g poudre pour solution injectable, boîte de",,Antibacterien (Cepha- Infectiologie-parasi-,,,
PTM7196,-1 flacon + solvant de 10 ml,Céfépime,losporines) tologie,1673,2390,
"",,,Antibacterien (macro- Infectiologie-parasi-,,,
PTM4406,ZITHROMAX 200mg/5ml Poudre pour 15ml,Azithromycine,,3500,5000,-
"",,,lides) tologie,,,
"","ZITHROMAX 200mg/5ml suspension buvable, flacon",,Antibacterien (macro- Infectiologie-parasi-,,,
PTM4407,"-de 22,5 ml",Azithromycine,lides) tologie,"5253,5",7505,
"",,,Antibacterien (macro- Infectiologie-parasi-,,,
PTM4408,"ZITHROMAX 500 mg comprimé, boîte de 3",Azithromycine,,"7192,5",10275,-
"",,,lides) tologie,,,
"",,Azithromycine USP,,,,
"",,Eq pour azithromy-,,,,
"",,,Antibacterien (macro- Infectiologie-parasi-,,,
PTM7197,"ZITHRON-200 suspension, flacon de 15 Ml",cine anhydres,,"1277,5",1825,-
"",,,lides) tologie,,,
"",,200 mg,,,,
"",,,Antibacterien (macro- Infectiologie-parasi-,,,
PTM7198,"ZITMYC® 500 mg comprimé sécable, boîte de 3",Azithromycine,,2744,3920,-
"",,,lides) tologie,,,
"",,,Antalgiques -Antipy-,,,
"",,Chlorhydrate de  tra-,,,,
PTM4410,"ZITRAM 100 mg comprimé, boîte de 20",,Analgésique Opioide rétiques -,2688,3840,-
"",,madol,,,,
"",,,Antispasmodiques,,,
CODES,DESIGNATION,COMPOSITION,"SOUS CLASSEPHARMACO-THERAPEUTIQUE","CLASSE PHARMACO-THERAPEUTIQUE","PRIX BASE DEREMBOURSEMENT (G) x 70%","PRIXPUBLIC","ACCORDPREALABLE"
PTM4411,"ZITRAM 200 mg comprimé, boîte de 20","Chlorhydrate de  tra-madol",Analgésique Opioide,"Antalgiques -Antipy-rétiques -Antispasmodiques",3829,5470,-
PTM7199,"ZITRAM 50 mg gélules, boîte de 20","Chlorhydrate de  tra-madol",Analgésique Opioide,"Antalgiques -Antipy-rétiques -Antispasmodiques",3829,5470,-
PTM4416,"ZOCIN 500 comprimé, boite de 3",Azithromycine,"Antibacterien (macro-lides)","Infectiologie-parasi-tologie",3654,5220,-
PTM4415,"ZOCIN 200MG/5ML suspension orale, flacon de 15ml",Azithromycine,"Antibacterien (macro-lides)","Infectiologie-parasi-tologie",2513,3590,-
PTM7200,"ZOEGAS 20 mg gélules gastro-résistantes, boîte de14",Esoméprazole,"Inhibiteur de lapompe à Protons","Gastro-Entero-He-patologie",4074,5820,-
PTM7201,"ZOEGAS 20 mg gélules gastro-résistantes, boîte de28",Esoméprazole,"Inhibiteur de lapompe à Protons","Gastro-Entero-He-patologie","6394,5",9135,-
PTM7202,"ZOEGAS 40 mg gélules gastro-résistantes, boîte de 7",Esoméprazole,"Inhibiteur de lapompe à Protons","Gastro-Entero-He-patologie","3272,5",4675,-
PTM7203,"ZOEGAS 40 mg gélules gastro-résistantes, boîte de14",Esoméprazole,"Inhibiteur de lapompe à Protons","Gastro-Entero-He-patologie","5757,5",8225,-
PTM7204,"ZOEGAS 40 mg gélules gastro-résistantes, boîte de28",Esoméprazole,"Inhibiteur de lapompe à Protons","Gastro-Entero-He-patologie",10052,14360,-
PTM4418,"ZOFLOX 750 mg comprimé, boîte de 10",Ciprofloxacine,"Antibacterien (Quino-lones)","Infectiologie-parasi-tologie","4567,5",6525,-
PTM7205,"ZOLCER KIT comprimé/capsule, boîte de 42","Oméprazole/ Tini-dazole/ Clarithromycine","Ulcere Gastro Duo-denal","Gastro-Entero-He-patologie","9054,5",12935,-
PTM4419,"ZOLICEDAL 1g poudre pour inj IM, boîte de 1 flacon+solvant en lidocaine",Céfazoline,"Antibactérien(céphasloporines)","Infectiologie-parasi-tologie",1120,1600,-
PTM7206,"ZOLMITRIPTAN BIOGARAN 2,5 mg compriméorodispersible, boîte de 12",Zolmitriptan,Antimigraineux,Antalgiques,9205,13150,-
PTM7207,"ZOLMITRIPTAN BIOGARAN 2,5 mg compriméorodispersible, boîte de 6",Zolmitriptan,Antimigraineux,Antalgiques,4606,6580,-
PTM7208,"ZOLYX 500 mg comprimé, boîte 2 blisters de 10",Métronidazole,"Antibacterien (Imi-dazolés)","Infectiologie-parasi-tologie","1298,5",1855,-
CODES,DESIGNATION,COMPOSITION,"SOUS CLASSEPHARMACO-THERAPEUTIQUE","CLASSE PHARMACO-THERAPEUTIQUE","PRIX BASE DEREMBOURSEMENT (G) x 70%","PRIXPUBLIC","ACCORDPREALABLE"
PTM4423,"ZOMAX 500 mg comprimé pelliculé, boîte de 3",Azithromycine,"Antibacterien(macro-lides)","Infectiologie-parasi-tologie","4658,5",6655,-
PTM7209,"ZOPAN 250 mg comprimé, boîte de 10",Acide méfanamique,"Anti-inflammatoirenon stéroïdien",Anti-inflammatoires,"367,5",525,-
PTM7210,"ZOPAN DS 500 mg capsule, boîte de 10",Acide méfanamique,"Anti-inflammatoirenon stéroïdien",Anti-inflammatoires,"584,5",835,-
PTM7211,"ZOVATIN 20 mg comprimé pelliculé sécable, boîtede 30",Simvastatine,Hypolipidémiant,"Métabolisme - Dia-bète - Nutrition",4571,6530,-
PTM7212,"ZOVATIN 40 mg comprimé pelliculé sécable, boîtede 30",Simvastatine,Hypolipidémiant,"Métabolisme - Dia-bète - Nutrition",6216,8880,-
PTM4427,"ZOVIRAX 3% pommade ophtalmique, tube de 4,5g",Aciclovir,Antiviral,Ophtalmologie,4732,6760,-
PTM7213,"ZUCAM 4 g granulés en sachet, boîte de 10","Paracétamol/ Phénira-mine/ Phényléphrine/Acide ascorbique",Rhinites-Sinusites,"Oto-Rino-Laryngo-logie","1718,5",2455,-
PTM7214,"ZIOMYCIN 500 mg comprimé pelliculé, boîte de 3",Azithromycine,"Antibacterien(macro-lides)","Infectiologie-parasi-tologie",2093,2990,-
PTM7215,"ZYBEND suspension, flacon de 10 ml",Albendazole,Antihelmintique,"Infectiologie-parasi-tologie",329,470,-
PTM4428,"ZYLORIC 100 mg comprimé, boîte de 28",Allopurinol,Antigoutteux,Rhumatologie,1050,1500,-
PTM7216,"ZYLORIC 200 mg comprimé, boîte de 28",Allopurinol,Antigoutteux,Rhumatologie,"1865,5",2665,-
PTM4429,"ZYLORIC 300 mg comprimé, boîte de 28",Allopurinol,Antigoutteux,Rhumatologie,2247,3210,-
PTM4431,"ZYLTAN 50 mg comprimé pelliculé, boîte de 30",Losartan,"Antihypertenseur(Sartan)","Cardiologie-angéo-logie",3654,5220,-
PTM7217,ZYLTAN AM comprimé,Losartan + Amlodipine,"Antihypertenseur(Sartan)","Cardiologie-angéo-logie",4753,6790,-
PTM4432,"ZYLTAN H 50 mg/12,5 mg comprimé pelliculé, boîtede 30","Losartan/ Hydrochloro-thiazide","Antihypertenseur(Sartan+Diurétique)","Cardiologie-angéo-logie","4294,5",6135,-
PTM4438,"ZYRTEC 10 mg comprimé, boite de 14",Cétirizine,Antihistaminique,Pneumologie,5250,7500,-
PTM4441,"ZZOLE 4g/100ml suspension buvable, flacon de 10ml",Albendazole,Antihelmintique,"Infectiologie-parasi-tologie",903,1290,-
CODES,DESIGNATION,COMPOSITION,"SOUS CLASSEPHARMACO-THERAPEUTIQUE","CLASSE PHARMACO-THERAPEUTIQUE","PRIX BASE DEREMBOURSEMENT (G) x 70%","PRIXPUBLIC","ACCORDPREALABLE"
"",II- GENERIQUES - DCI,,,,,,
PTM7218,"ACETYLSALICYLATE DE LYSINE 500mg cp, boite de 10","Acetylsalicylate delysine",Anti-inflammatoire,"Antalgiques -Antipy-rétiques -Antispasmodiques","178,5",255,-
PTM0013,"ACIDE ACETYLSALICYLIQUE 500 mg  PL/10comprimés",Acide acetylsalicylique,"Anti-inflammatoiresnon steroidiens",Anti-inflammatoires,"87,5",125,-
PTM0015,"ACIDE ASCORBIQUE BP 500 mg comprimé,plaquettes de 10",Acide ascorbique,Vitamine,"Metabolisme-Nutri-tion-Diabete",350,500,-
PTM0018,"ACIDE FOLIQUE 5 mg comprimé,1 blister de 10",Acide folique,Antianémique,"Cancérologie -Hématologie",140,200,-
PTM7219,"ACIDE FUSIDIQUE 2% crème, boîte de 1 tube de 15 g",Acide fusidique,Antibacterien,"Infectiologie -Parasitologie","1571,5",2245,-
PTM7220,"ACIDE KANAMYCINE SULFATE 1 g poudre poursolution injectable, boîte de 1 flacon","Sulfate Acide de Ka-namycine","Antibacterien amino-side","Infectiologie -Parasitologie","367,5",525,-
PTM7221,"ACIDE TRANEXAMIQUE comprimé, boite de 10",Acide tranexamique,Antihemorragique,"Cardiologie-Angéio-logie",3409,4870,-
PTM7222,ACIDE ZOLEDRONIQUE 4mg/5ml boite de 1 flacon,Acide zoledronique,Biphosphonate,"Rhumatologie-On-cologie",14000,20000,-
PTM0053,"ADRENALINE (EPINEPHRINE) 1 mg/ml solutioninjectable,  1 ampoule de 1 ml",Epinephrine,"Vasoconstructeur(Catécholamines)","Cardiologie-Angéio-logie",1085,1550,-
PTM0078,"ALBENDAZOLE 200 mg/5 ml suspension buvable,flacon de 10 ml",Abendazole,Antihelmintique,"Infectiologie -Parasitologie","549,5",785,-
PTM7224,"ALBENDAZOLE 200 mg/5 ml suspension buvable,flacon de 30 ml",Abendazole,Antihelmintique,"Infectiologie -Parasitologie",987,1410,-
PTM0080,"ALBENDAZOLE 400 mg comprimé à mâcher,plaquette de 10",Abendazole,Antihelmintique,"Infectiologie -Parasitologie",315,450,-
PTM0082,"ALBENDAZOLE 400 mg comprimé pelliculé, boîte de1 blistes de 1",Albendazole,Antihelmintique,"Infectiologie -Parasitologie",266,380,-
PTM7226,"AMBROXOL 15 mg/ 5 ml sirop, flacon de 100 ml","Chlorhydrate d’am-broxol",Mucolytique,Pneumologie,"1207,5",1725,-
CODES,DESIGNATION,COMPOSITION,"SOUS CLASSEPHARMACO-THERAPEUTIQUE","CLASSE PHARMACO-THERAPEUTIQUE","PRIX BASE DEREMBOURSEMENT (G) x 70%","PRIXPUBLIC","ACCORDPREALABLE"
PTM0162,"AMINOPHYLINE 100 mg comprimé, boîte de 10comprimés",Aminophylline,"Asthme etbronchopneumopa-thies chroniques",Pneumologie,105,150,-
PTM7227,"AMIODARONE 200MG comprimé, boite de 30",Amiodarone,Antiarythmique,"Cardiologie-Angéio-logie","7283,5",10405,-
PTM7228,"AMIODARONE injectable, boite de 1 ampoule",Amiodarone,Antiarythmique,"Cardiologie-Angéio-logie",4690,6700,-
PTM0176,"AMLODIPINE 10 mg comprimé,  plaquette de 10",Amlodipine,"Antihypertenseurantagoniste calcique","Cardiologie-Angéio-logie",1680,2400,-
PTM0177,"AMLODIPINE 5 mg comprimé,  plaquette de 10",Amlodipine,"Antihypertenseurantagoniste calcique","Cardiologie-Angéio-logie",1715,2450,-
PTM0199,"AMODIAQUINE 50 mg/5 ml sirop, flacon de 60 ml",Amodiaquine,"Antihypertenseurantagoniste calcique","Cardiologie-Angéio-logie",560,800,-
PTM0214,"AMOXICILLINE 500 mg gélules, 1 blister de 10",Amoxicilline,"Antibacterien peni-cilline","Infectiologie -Parasi-tologie","458,5",655,-
PTM0209,"AMOXICILLINE 125 mg/5 ml suspension orale, flaconde 60 ml",Amoxicilline,"Antibacterien peni-cilline","Infectiologie -Parasi-tologie","437,5",625,-
PTM7225,"AMOXICILLINE 125 mg/5 ml suspension orale, flaconde 100 ml",Amoxicilline,"Antibacterien peni-cilline","Infectiologie -Parasi-tologie",525,750,-
PTM0211,"AMOXICILLINE 250 mg/5ml suspension buvableflacon de 100 ml",Amoxicilline,"Antibacterien peni-cilline","Infectiologie -Parasi-tologie","682,5",975,-
PTM0213,"AMOXICILLINE 500 mg , plaquette  de 10 comprimés",Amoxicilline,"Antibacterien peni-cilline","Infectiologie -Parasi-tologie","458,5",655,-
PTM0214,"AMOXICILLINE 500 mg gélule, 1plaquette de 10gélules",Amoxicilline,"Antibacterien peni-cilline","Infectiologie -Parasi-tologie","458,5",655,-
PTM7229,"AMOXICILLINE 500 mg gélule, boîte de 20",Amoxicilline,"Antibacterien peni-cilline","Infectiologie -Parasi-tologie",917,1310,-
PTM0210,"AMOXICILLINE 1g poudre pour solution injectable,boîte de 1 flacon",Amoxicilline,"Antibacterien peni-cilline","Infectiologie -Parasi-tologie",525,750,-
PTM7230,"AMOXICILLINE 1g  injectable, boîte de 1 flacon + 1ampoule de 5 ml d’eau PPI",Amoxicilline,"Antibacterien peni-cilline","Infectiologie -Parasi-tologie",525,750,-
CODES,DESIGNATION,COMPOSITION,"SOUS CLASSEPHARMACO-THERAPEUTIQUE","CLASSE PHARMACO-THERAPEUTIQUE","PRIX BASE DEREMBOURSEMENT (G) x 70%","PRIXPUBLIC","ACCORDPREALABLE"
PTM7231,"AMOXICILLINE-ACIDE CLAVULANIQUE 1000 mg/62,5mg gélule, boîte de 10","Amoxicilline/Acideclavulanique","Antibacterien peni-cilline","Infectiologie -Parasi-tologie","4476,5",6395,-
PTM0205,"AMOXICILLINE + ACIDE CLAVULANATE 500 mg + 62,5mg comprimé boîte de 14","Amoxicilline/Acideclavulanique","Antibacterien peni-cilline","Infectiologie -Parasi-tologie",2639,3770,-
PTM0229,"AMPICILLINE 1 g poudre pour solution injectable/  1flacon",Ampicilline,"Antibacterien peni-cilline","Infectiologie -Parasi-tologie",245,350,-
PTM7232,"AMPICILLINE 500mg/ml poudre pour injection USP,boîte 1 flacon",Ampicilline,"Antibacterien peni-cilline","Infectiologie -Parasi-tologie","220,5",315,-
PTM0321,"ARTEMETHER 40 mg/ ml solution injectable, boîtede 1",Artemether,Antipaludique,"Infectiologie -Parasi-tologie",560,800,-
PTM0320,"ARTEMETHER 40 mg/ml INJECTION, boîte de 10ampoules",Artemether,Antipaludique,"Infectiologie -Parasi-tologie","5428,5",7755,-
PTM0323,"ARTEMETHER 80 mg/ ml solution injectable, boîtede 6",Artemether,Antipaludique,"Infectiologie -Parasi-tologie",3458,4940,-
PTM0322,"ARTEMETHER 80 mg/ ml solution injectable, boîtede 10 ampoules",Artemether,Antipaludique,"Infectiologie -Parasi-tologie","6513,5",9305,-
PTM0324,"ARTEMETHER 80 mg/ml solution injectable,  1ampoule de 1 ml",Artemether,Antipaludique,"Infectiologie -Parasi-tologie",651,930,-
PTM7233,"ARTEMETHER 20 mg/ml solution injectable, boîte de6 ampoules de 1 ml",Artemether,Antipaludique,"Infectiologie -Parasi-tologie",2093,2990,-
PTM0319,"ARTEMETHER 20 mg/ml solution injectable, boîte de10 ampoules",Artéméther,Antipaludique,"Infectiologie -Parasi-tologie","3489,5",4985,-
PTM0326,"Artemether + Lumefantrine 20 mg/120 mgcomprimé, boîte de 24","Artemether/ Lume-fantrine",Antipaludique,"Infectiologie -Parasi-tologie",1890,2700,-
PTM0325,"Artemether + Lumefantrine 80 mg/480 mgcomprimé, boîte de 6","Artemether/ Lume-fantrine",Antipaludique,"Infectiologie -Parasi-tologie",966,1380,-
PTM7234,"ARTEMETHER ET LUMEFANTRINE poudre poursuspension buvable, flacon de 60 ml","Artemether/ Lume-fantrine",Antipaludique,"Infectiologie -Parasi-tologie",672,960,-
PTM7235,"ARTESUNATE 60 mg solution pour injection, boîte de1 flacon",Artesunate,Antipaludique,"Infectiologie -Parasi-tologie",1141,1630,-
CODES,DESIGNATION,COMPOSITION,"SOUS CLASSEPHARMACO-THERAPEUTIQUE","CLASSE PHARMACO-THERAPEUTIQUE","PRIX BASE DEREMBOURSEMENT (G) x 70%","PRIXPUBLIC","ACCORDPREALABLE"
PTM7237,"ARTESUNATE 120 mg solution pour injection, boîtede 1 flacon",Artesunate,Antipaludique,"Infectiologie -Parasi-tologie",2030,2900,-
PTM0404,"ATENOLOL 50 mg comprimé, boîte de 28",Atenolol,"Antihypertenseurbetabloquant","Cardiologie-Angéio-logie","395,5",565,-
PTM0403,"ATENOLOL 100 mg comprimé, boîte de 2X14",Atenolol,"Antihypertenseurbetabloquant","Cardiologie-Angéio-logie",504,720,-
PTM7238,"AZITHROMYCINE 200 mg/5 ml suspension buvable,flacon de 15 ml",Azithromycine,Antibacterien,"Infectiologie-Parasi-tologie",1827,2610,-
PTM0566,"BENZYLPÉNICILLINE 1 MUI poudre pour solutioninjectable/ 1 flacon",Benzylpenicilline,"Antibacterien peni-cilline","Infectiologie -Parasi-tologie",119,170,-
PTM0562,"BENZATHINE BENZYLPENICILLINE 1,2 MUI poudreinjectable/ 1flacon","Benzathine Benzylpeni-cilline","Antibacterien peni-cilline","Infectiologie -Parasi-tologie",119,170,-
PTM0563,"BENZATHINE PENICILLINE 2,4 mega UI, poudre poursuspension injectable/ 1 flacon",Benzathine penicilline,"Antibacterien peni-cilline","Infectiologie -Parasi-tologie",735,1050,-
PTM0611,BICARBONATE DE SODIUM 14% injectable,Sodium,Mineraux,"Anesthésie-Réani-mation",1890,2700,-
PTM0728,"BUTYL-HYOSCINE-BROMURE 10 mg comprimé,plaquette de  10 comprimés","Hyoscine N butyl bro-mide",Anticholinergique,"Gastro-Entero-He-patologie",525,750,-
PTM0729,"BUTYL-HYOSCINE-BROMURE injectable, boite de 1ampoule","Hyoscine N butyl bro-mide",Anticholinergique,"Gastro-Entero-He-patologie",210,300,-
PTM0785,"CAPTOPRIL 50 mg comprimé,plaquette de 10comprimés",Captopril,Antihypertenseur IEC,"Cardiologie-Angéio-logie",861,1230,-
PTM0784,"CAPTOPRIL 25 mg comprimé, boîte de 10 comprimés",Captopril,Antihypertenseur IEC,"Cardiologie-Angéio-logie","570,5",815,-
PTM0797,CARBOCYSTEINE 5% sirop flacon de 100  ml,Carbocysteine,Mucolytique,Pneumologie,609,870,-
PTM0796,"CARBOCYSTEINE 2% sirop, flacon de 100 ml",Carbocysteine,Mucolytique,Pneumologie,525,750,-
PTM7239,"CEFIXIME 400 mg comprimé, boîte de 10",Cefixime,"Antibacterien cepha-losporine","Infectiologie -Parasi-tologie",4340,6200,-
CODES,DESIGNATION,COMPOSITION,"SOUS CLASSEPHARMACO-THERAPEUTIQUE","CLASSE PHARMACO-THERAPEUTIQUE","PRIX BASE DEREMBOURSEMENT (G) x 70%","PRIXPUBLIC","ACCORDPREALABLE"
PTM0873,"CEFOTAXIME 1 g poudre pour suspension injectable,boîte de 1 flacon",Cefotaxime,"Antibacterien cepha-losporine","Infectiologie -Parasi-tologie","689,5",985,-
PTM7241,"CEFTAZIDIME 1 g poudre pour solution injectable,boîte de 1 facon + solvant",Ceftazidime,"Antibacterien cepha-losporine","Infectiologie -Parasi-tologie",8680,12400,-
PTM0880,"CEFTRIAXONE 1 g poudre pour solution injectable,boîte de 1 flacon + 1 solvant",Ceftriaxone,"Antibacterien cepha-losporine","Infectiologie -Parasi-tologie",700,1000,-
PTM0884,"CEFTRIAXONE 0,5 g poudre pour solution injectable,boîte de 1 flacon + solvant",Ceftriaxone,"Antibacterien cepha-losporine","Infectiologie -Parasi-tologie",959,1370,-
PTM0890,"CEFTRIAXONE Sodium 500 mg poudre pour  injectionIM/IV, boîte de 1flacon +1sol de 5 ml",Ceftriaxone,"Antibacterien cepha-losporine","Infectiologie -Parasi-tologie",455,650,-
PTM0885,"CEFTRIAXONE Sodium 250 mg poudre pour  injectionIM/IV, boîte de 1flacon +1sol de 5 ml",Ceftriaxone,"Antibacterien cepha-losporine","Infectiologie -Parasi-tologie","913,5",1305,-
PTM7242,"CEFUROXIME 1,5 g poudre pour solution injectable,boîte de 1 facon + solvant",Cefuroxime,"Antibacterien cepha-losporine","Infectiologie -Parasi-tologie",5481,7830,-
PTM7243,"CEFUROXIME 0,5 g poudre pour solution injectable,boîte de 1 facon + solvant",Cefuroxime,"Antibacterien cepha-losporine","Infectiologie -Parasi-tologie","5246,5",7495,-
PTM7244,"CEFUROXIME 250mg poudre pour solutioninjectable, boîte de 1 facon + solvant",Cefuroxime,"Antibacterien cepha-losporine","Infectiologie -Parasi-tologie","4385,5",6265,-
PTM7245,"CEFUROXIME 750mg poudre pour solutioninjectable, boîte de 1 facon + solvant",Cefuroxime,"Antibacterien cepha-losporine","Infectiologie -Parasi-tologie","2740,5",3915,-
PTM0948,"CHLORAMPHENICOL BP 0,5% collyre, flacon de 5 ml",Chloramphenicol,"Antibacterien pheni-collé","Infectiologie -Parasitologie",350,500,-
PTM0952,"CHLORAMPHENICOL collyre, flacon de 10 ml",Chloramphenicol,"Antibacterien pheni-collé","Infectiologie -Parasitologie",350,500,-
PTM0951,"CHLORAMPHENICOL 250 mg cp, boite de 10",Chloramphenicol,"Antibacterien pheni-collé","Infectiologie -Parasitologie","346,5",495,-
PTM3957,"CHLORHYDRATE DE TETRACYCLINE pommade USP1%, tube de 15 g",Tétracycline,Antibacterien,"Infectiologie -Parasi-tologie",210,300,-
PTM3958,"CHLORHYDRATE DE TETRACYCLINE pommade USP3%, tube de 15 g",Tétracycline,Antibacterien,"Infectiologie -Parasi-tologie",315,450,-
CODES,DESIGNATION,COMPOSITION,"SOUS CLASSEPHARMACO-THERAPEUTIQUE","CLASSE PHARMACO-THERAPEUTIQUE","PRIX BASE DEREMBOURSEMENT (G) x 70%","PRIXPUBLIC","ACCORDPREALABLE"
PTM0959,"CHLORPHENIRAMINE 4 mg cp, boite de 10",Chlorpheniramine,Antihistaminique H1,Allergologie,210,300,-
PTM0960,"CHLORPHENIRAMINE MALEATE 4 mg comprimé,boîte de 20",Chlorpheniramine,Antihistaminique H1,Allergologie,210,300,-
PTM0969,CHLORURE de SODIUM 10% injectable (NaCl),Sodium,Elements mineraux,"Anesthésie-Réani-mation",1050,1500,-
PTM2060,"CHLORURE ou Gluconate de Calcium  injectable(CaCl)",Calcium,Elements mineraux,"Anesthésie-Réani-mation",924,1320,-
PTM0964,CHLORURE de Potassium injectable (KCl),Potassium,Elements mineraux,"Anesthésie-Réani-mation",1050,1500,-
PTM0986,"CIMETIDINE 200 mg comprimé,1 plaquette de 10comprimés",Cimetidine,Antihistaminique H2,"Gastro-Entero-He-patologie","262,5",375,-
PTM0988,"CIMETIDINE 400 mg comprimé,  1 plaquette de 10",Cimetidine,Antihistaminique H2,"Gastro-Entero-He-patologie","458,5",655,-
PTM7247,"CIMETIDINE injectable, boite de 1 ampoule",Cimetidine,Antihistaminique H2,"Gastro-Entero-He-patologie",280,400,-
PTM1009,"CIPROFLOXACINE 0,3% Collyre, flacon de 5 ml",Ciprofloxacine,"Antibacterien quino-lone","Infectiologie -Parasi-tologie",665,950,-
PTM1010,"CIPROFLOXACINE 200 mg/100 ml injectable oùperfusion, boîte de 1 flacon",Ciprofloxacine,"Antibacterien quino-lone","Infectiologie -Parasi-tologie",847,1210,-
PTM1015,"CIPROFLOXACINE 100 mg IV solution pour perfusion,flacon de 50 Ml",Ciprofloxacine,"Antibacterien quino-lone","Infectiologie -Parasi-tologie","871,5",1245,-
PTM1011,"CIPROFLOXACINE 250 mg comprimé,  1 blister de 10",Ciprofloxacine,"Antibactrien quino-lone","Infectiologie -Parasi-tologie",665,950,-
PTM1008,"CIPROFLOXACINE 500 mg comprimé,  boite de 10",Ciprofloxacine,"Antibactrien quino-lone","Infectiologie -Parasi-tologie",525,750,-
PTM7248,"CIPROFLOXACINE 500 mg comprimé, boîte de 10 X 2plaquettes",Ciprofloxacine,"Antibactrien quino-lone","Infectiologie -Parasi-tologie",1050,1500,-
PTM1014,"CIPROFLOXACINE 750 mg comprimé, boîte de 10",Ciprofloxacine,"Antibacterien quino-lone","Infectiologie -Parasi-tologie",679,970,-
CODES,DESIGNATION,COMPOSITION,"SOUS CLASSEPHARMACO-THERAPEUTIQUE","CLASSE PHARMACO-THERAPEUTIQUE","PRIX BASE DEREMBOURSEMENT (G) x 70%","PRIXPUBLIC","ACCORDPREALABLE"
PTM7251,"CLOTRIMAZOLE 1% crème, tube de 15 g",Clotrimazole,Antifongique,"Infectiologie -Parasi-tologie",700,1000,-
PTM1085,"CLOTRIMAZOLE 1% crème, tube de 20 g",Clotrimazole,Antifongique,"Infectiologie -Parasi-tologie",700,1000,-
PTM1086,"CLOTRIMAZOLE 2% crème, tube de 15 g",Clotrimazole,Antifongique,"Infectiologie -Parasi-tologie",420,600,-
PTM7252,"CLOTRIMAZOLE 100 mg comprimé vaginal, paquetde 6",Clotrimazole,Antifongique,"Infectiologie -Parasi-tologie",560,800,-
PTM1088,"CLOXACILLIN SODIUM 125 mg/5 ml suspensionorale, flacon de 60 ml",Cloxacilline,Antibacterien,"Infectiologie -Parasi-tologie","507,5",725,-
PTM1089,"CLOXACILLINE 250 mg cp, boite de 10",Cloxacilline,Antibacterien,"Infectiologie -Parasi-tologie",665,950,-
PTM1217,"CO-TRIMOXAZOLE 240 mg/5 ml suspension orale,flacon de 100 ml","Sulfaméthoxazole /Trimétoprime","Antibacterien sulfa-mide","Infectiologie -Parasi-tologie",525,750,-
PTM1219,"CO-TRIMOXAZOLE 960 mg comprimé, plaquette  de10","Sulfaméthoxazole /Trimétoprime","Antibacterien sulfa-mide","Infectiologie -Parasi-tologie",455,650,-
PTM7253,"CO-TRIMOXAZOLE 240 mg/5 ml sirop, flacon de 60ml","Sulfaméthoxazole /Trimétoprime","Antibacterien sulfa-mide","Infectiologie -Parasi-tologie",560,800,-
PTM1218,"CO-TRIMOXAZOLE 480 mg comprimé, plaquette de10","Sulfaméthoxazole /Trimétoprime","Antibacterien sulfa-mide","Infectiologie -Parasi-tologie",210,300,-
PTM7254,"CYCLOSERINE 250 mg gélule, 1 blister de 10",Cyclosérine,Antibacterien,"Infectiologie -Parasitologie",1225,1750,-
PTM7255,"5D solution pour perfusion intraveineuse, flacon de500 ml",GLUCOSE ANHYDRE,"Solution pour perfu-sion","Anésthesie-Réani-mation","955,5",1365,-
PTM1365,"DEXAMETHASONE 4mg/1 ml injection boite de 1ampoule",Dexamethasone,"Anti-inflammatoires(corticoide)",Anti-inflammatoires,"164,5",235,-
PTM1364,"DEXAMETHASONE Sodium+Néomycine solutionophtalmique, flacon de 5 ml","Dexaméthasone/ Néo-mycine","Anti-inflammatoires(corticoide)",Anti-inflammatoires,280,400,-
PTM1395,DIAZEPAM 10 mg/ml Injectable,Diazepam,Anxiolytique,Neurologie,350,500,-
CODES,DESIGNATION,COMPOSITION,"SOUS CLASSEPHARMACO-THERAPEUTIQUE","CLASSE PHARMACO-THERAPEUTIQUE","PRIX BASE DEREMBOURSEMENT (G) x 70%","PRIXPUBLIC","ACCORDPREALABLE"
PTM1413,"DICLOFENAC 50 mg comprimé, plaquette de 10",Diclofénac,"Anti-inflammatoiresnon steroidiens (AINS",Anti-inflammatoires,350,500,-
PTM1417,DICLOFENAC 75 mg/3 ml injectable/1 ampoule,Diclofénac,"Anti-inflammatoiresnon steroidiens (AINS",Anti-inflammatoires,245,350,-
PTM1412,"DICLOFENAC SODIQUE 25 mg/ml injectable, boîte de10 ampoules de 3 ml",Diclofénac,"Anti-inflammatoiresnon steroidiens (AINS",Anti-inflammatoires,203,290,-
PTM1413,"DICLOFENAC 50 mg comprimé gastro-résistant,  1blister de 10",Diclofénac,"Anti-inflammatoiresnon steroidiens (AINS",Anti-inflammatoires,154,220,-
PTM7257,"DICLOFENAC SODIQUE 50 mg comprimé, plaquettede 10",Diclofénac,"Anti-inflammatoiresnon steroidiens (AINS",Anti-inflammatoires,154,220,-
PTM1440,"DIGOXINE 0,25 mg comprimé,  1 plaquette de 10",Digoxine,Insuffisance cardiaque,"Cardiologie-Angéio-logie",462,660,-
PTM1442,"DIGOXINE injectable, boite de 6 ampoules",Digoxine,Insuffisance cardiaque,"Cardiologie-Angéio-logie","4385,5",6265,-
PTM1483,"DOBUTAMINE 250MG INJ, boite de 1 ampoule",Dobutamine,Insuffisance cardiaque,"Cardiologie-Angéio-logie",2520,3600,-
PTM1535,"DOPAMINE HCL USP 40 mg/ml solution injectable,boîte de 10 ampoules de 5 ml",Dopamine,"Medicament du sys-tème nerveux","Cardiologie-Angéio-logie",1050,1500,-
PTM1540,"DOXYCYCLINE 100 mg comprimé pelliculé, plaquettede 10",Doxycycline,Antibacterien cycline,"Infectiologie -Parasitologie",315,450,-
PTM1541,"DOXYCYCLINE 200 mg comprimé pelliculé, plaquettede 10",Doxycycline,Antibacterien cycline,"Infectiologie -Parasitologie",595,850,-
PTM1586,"EAU POUR PREPARATION INJECTABLE (SOLVANT)boite de 1 ampoule de 5 ml","Eau pour préparationinjectable",Injection,Eau pour injection,63,90,-
PTM7258,"ENOXAPARINE 20 mg/0,2 ml solution injectable,boîte de 2 seringues préremplies",Enoxaparine,Trombolytique,"Cardiologie-Angéio-logie","3223,5",4605,-
PTM7259,"ENOXAPARINE 40 mg/0,4 ml solution injectable,boîte de 2 seringues préremplies",Enoxaparine,Trombolytique,"Cardiologie-Angéio-logie",4844,6920,-
PTM7260,"ENOXAPARINE 60 mg/0,6 ml solution injectable,boîte de 2 seringues préremplies",Enoxaparine,Trombolytique,"Cardiologie-Angéio-logie","5939,5",8485,-
CODES,DESIGNATION,COMPOSITION,"SOUS CLASSEPHARMACO-THERAPEUTIQUE","CLASSE PHARMACO-THERAPEUTIQUE","PRIX BASE DEREMBOURSEMENT (G) x 70%","PRIXPUBLIC","ACCORDPREALABLE"
PTM7262,"EPINEPHRINE ou ADRENALINE 1 mg/ml injectable,  1ampoule de 1 ml",Epinéphrine,"Cathecholamine va-soconstricteur","Cardiologie-Angéio-logie",959,1370,-
PTM1708,"ERYTHROMYCINE STEARATE 125 mg/5ml susp or,flacon 60 ml",Erythromycine,"Antibacterien macro-lide","Infectiologie -Parasi-tologie","612,5",875,-
PTM1712,"ERYTHROMYCINE STEARATE BP 500 mg comprimé,plaquette de 10",Erythromycine,"Antibacterien macro-lide","Infectiologie -Parasi-tologie",427,610,-
PTM1711,"ERYTHROMYCINE 500 mg comprimé, plaquette de10",Erythromycine,"Antibacterien macro-lide","Infectiologie -Parasi-tologie","822,5",1175,-
PTM7264,"ERYTHROMYCINE 125 mg/5 ml suspension buvable,flacon de 60 ml",Erythromycine,"Antibacterien macro-lide","Infectiologie -Parasi-tologie","430,5",615,-
PTM1709,"ERYTHROMYCINE 250 mg/5 ml suspension buvable,flacon de 60 ml",Erythromycine,"Antibacterien macro-lide","Infectiologie -Parasi-tologie",812,1160,-
PTM1794,"FER+ACIDE FOLIQUE 200 mg+0,4 mg comprimé,plaqette de 10",Fer/Acide folique,"Stimulant del’hématopoïèse (An-tianémique)","Hémostase -Hématopoïèse  - Hé-moglobinopathies",210,300,-
PTM7265,"FER + VITAMINE sirop, flacon de 150 ml",Fer/Vitamine,"Stimulant del’hématopoïèse (An-tianémique)","Hémostase -Hématopoïèse  - Hé-moglobinopathies",525,750,-
PTM7266,"FER Lasuforce sirop, flacon de 200 ml",Fer,"Stimulant del’hématopoïèse (An-tianémique)","Hémostase -Hématopoïèse  - Hé-moglobinopathies",700,1000,-
PTM7267,"FERREUX ET FOLIQUE ACIDE sirop, flacon de 100 ml","Citrate d’ammoniumferrique/ Cyanocobala-mine/ Acide folique","Stimulant del’hématopoïèse (An-tianémique)","Hémostase -Hématopoïèse  - Hé-moglobinopathies",840,1200,-
PTM1797,"FER-ACIDE FOLIQUE comprimé pelliculé, plaquettede 10",Fer/ Acide folique,"Stimulant del’hématopoïèse (An-tianémique)","Hémostase -Hématopoïèse  - Hé-moglobinopathies",210,300,-
PTM7268,"FER SACCHAROSE 20 mg/ml solution injectable,boîte de 5 ampoules de 5 ml",Fer,"Stimulant del’hématopoïèse (An-tianémique)","Hémostase -Hématopoïèse  - Hé-moglobinopathies","9894,5",14135,-
PTM7269,"FLUCONAZOLE 50 mg/5 ml suspension buvable,flacon de 60 ml",Fluconazole,Antifongique,"Infectiologie -Parasitologie",1645,2350,-
CODES,DESIGNATION,COMPOSITION,"SOUS CLASSEPHARMACO-THERAPEUTIQUE","CLASSE PHARMACO-THERAPEUTIQUE","PRIX BASE DEREMBOURSEMENT (G) x 70%","PRIXPUBLIC","ACCORDPREALABLE"
PTM1894,"FLUCONAZOLE 150 mg comprimé, plaquette de 10",Fluconazole,Antifongique,"Infectiologie -Parasitologie","1109,5",1585,-
PTM1893,FLUCONAZOLE solution en perfusion,Fluconazole,Antifongique,"Infectiologie -Parasitologie",6090,8700,-
PTM1968,FUROSEMIDE 20 mg/2 ml injectable/ 1 ampoule,Furosémide,Antifongique,"Infectiologie -Parasitologie",105,150,-
PTM1970,"FUROSEMIDE 40 mg comprimé, 1 plaquette de 10",Furosémide,Diurétique,"Cardiologie-Angéio-logie","185,5",265,-
PTM2033,"GENTAMYCINE 0,3% collyre, boîte de 10 ml",Gentamycine,"Antibacterien amino-side","Infectiologie -Parasi-tologie",693,990,-
PTM2034,GENTAMYCINE 80 mg/2 ml injectable/ 1 ampoule,Gentamycine,"Antibacterien amino-side","Infectiologie -Parasi-tologie",84,120,-
PTM2035,GENTAMYCINE 40 mg/ ml injectable/ 1 ampoule,Gentamycine,"Antibacterien amino-side","Infectiologie -Parasi-tologie",105,150,-
PTM2046,"GLIBENCLAMIDE 5 mg comprimé, plaquette de 10",Glibenclamide,Antidiabetiques oraux,"Metabolisme-Nutri-tion-Diabete",1064,1520,-
PTM7271,"GLUCOSE 10% pour perfusion, flacon de 500 ml",Glucose,"Solution pour perfu-sion","Anésthesie-Réani-mation",630,900,-
PTM7272,"GLUCOSE 5% pour perfusion, flacon de 500 ml",Glucose,"Solution pour perfu-sion","Anésthesie-Réani-mation",525,750,-
PTM7273,"GLUCOSE 5% soluté pour perfusion, flacon de 250 ml",Glucose,"Solution pour perfu-sion","Anésthesie-Réani-mation","262,5",375,-
PTM2085,"GRISEOFULVIN  500 mg comprimé, plaquette de 10",Griséofulvine,Antifongique,"Infectiologie -Parasitologie","304,5",435,-
PTM2086,"GRISEOFULVINE 500 mg comprimé, boîte de 10",Griséofulvine,Antifongique,"Infectiologie -Parasitologie","612,5",875,-
PTM7274,"HYDROCHLOROTHIAZIDE  25 mg comprimé,plaquette de 10",Hydrochlorothiazide,Diurétique,"Cardiologie-Angéio-logie",770,1100,-
PTM2188,"HYDROCORTISONE 100 mg poudre pour solutioninjectable, boîte de 1 flacon",Hydrocortisone,"Traitement Glucocor-ticoide",Endocrinologie,2632,3760,-
CODES,DESIGNATION,COMPOSITION,"SOUS CLASSEPHARMACO-THERAPEUTIQUE","CLASSE PHARMACO-THERAPEUTIQUE","PRIX BASE DEREMBOURSEMENT (G) x 70%","PRIXPUBLIC","ACCORDPREALABLE"
PTM2199,"HYDROXYDE D’ALUMINIUM ET DE MAGNESIUM(523,5+598,5 mg)/15 ml) suspension buvable, flaconde 200 ml","Hydroxyde d’Aluminiumet de Magnesium","Antiacide et panse-ment gastrique","Gastro-Entero-He-patologie",609,870,-
PTM2201,"HYDROXYDE D’ALUMINIUM 400 MG + HYDROXYDEDE MAGNESIUM400 mg comprimé, 1 plaquette de12","Hydroxyde d’Aluminiumet de Magnesium","Antiacide et panse-ment gastrique","Gastro-Entero-He-patologie",371,530,-
PTM7279,"HYDROXYCARBAMIDE 500 mg gélule, boite de 20","Hydoxycarbamide/Acide citrique anhydre",Anti cancereux,"Cancérologie -Hématologie",840,1200,-
PTM7280,"HYOSCINE BUTYLBROMIDE injection 10 mg /1ml/ 1ampoule",Hyoscine Butylbromide,Anticholinrgique,"Gastro-Entero-He-patologie",917,1310,-
PTM2221,"IBUPROFENE 400 mg comprimé , plaquette de 10",Ibuprofène,"Anti-inflammatoiresnon steroidiens",Anti-inflammatoires,"297,5",425,-
PTM2222,"IBUPROFENE 200 mg comprimé, plaquette de 10",Ibuprofène,"Anti-inflammatoiresnon steroidiens",Anti-inflammatoires,"199,5",285,-
PTM2223,IBUPROFENE 100 mg/5ml sirop flacon de 100 ml,Ibuprofène,"Anti-inflammatoiresnon steroidiens",Anti-inflammatoires,630,900,-
PTM7281,"IBUPROFEN BP 400 mg comprimé, plaquette de 10",Ibuprofène,"Anti-inflammatoiresnon steroidiens",Anti-inflammatoires,140,200,-
PTM7282,"IBUPROFENE 100 mg/5 ml suspension buvable,flacon de 60 ml",Ibuprofène,"Anti-inflammatoiresnon steroidiens",Anti-inflammatoires,525,750,-
PTM7283,"IBUPROFENE 200 mg/5 mg suspension buvable,flacon de 100 ml",Ibuprofène,"Anti-inflammatoiresnon steroidiens",Anti-inflammatoires,700,1000,-
PTM7284,"IBUPROFENE+PARACETAMOL (100 mg+125 mgg)/5mL suspension buvable, flacon de 60 Ml","Ibuprofène /paraceta-mol","Anti-inflammatoiresnon steroidiens",Anti-inflammatoires,875,1250,-
PTM2342,"KETOPROFENE 100 mg comprimé, boîte de 1 blisterde 10",Ketoprofene,"Anti-inflammatoiresnon steroidiens",Anti-inflammatoires,"395,5",565,-
PTM7286,"LAMOTRIGINE 50 mg comprimé, boite de 10",Lamitrogine,Antiépileptique,Neurologie,8330,11900,-
PTM2463,"LIDOCAINE BP 2% injectable, flacon de 20 ml",Lidocaïne,Anésthesie locale,"Anésthesie-Réani-mation","766,5",1095,-
PTM2464,"LIDOCAINE BP 2% injectable, flacon de 50 ml",Lidocaïne,Anésthesie locale,"Anésthesie-Réani-mation","304,5",435,-
CODES,DESIGNATION,COMPOSITION,"SOUS CLASSEPHARMACO-THERAPEUTIQUE","CLASSE PHARMACO-THERAPEUTIQUE","PRIX BASE DEREMBOURSEMENT (G) x 70%","PRIXPUBLIC","ACCORDPREALABLE"
PTM7287,"LIDOCAINE ADRENALINE 1% injectable, flacon de 50ml",Lidocaïne,Anésthesie locale,"Anésthesie-Réani-mation",1260,1800,-
PTM2522,"LOPERAMIDE HYDROCHLORIDE 2 mggélule,plaquette de 10",Lopéramide,Antidiarrheique,"Gastro-Entero-He-patologie","1060,5",1515,-
PTM2521,"LOPERAMIDE 2 mg gélule, plaquette de 10",Lopéramide,Antidiarrheique,"Gastro-Entero-He-patologie",350,500,-
PTM2622,"MEBENDAZOLE 100 mg comprimé, 1 blister de 6",Mebendazole,Antihelmintique,"Infectiologie -Parasi-tologie",210,300,-
PTM2623,"MEBENDAZOLE 100mg/5ml susp buv, flacon de 30ml",Mebendazole,Antihelmintique,"Infectiologie -Parasi-tologie",567,810,-
PTM7288,"MEBENDAZOLE 100 mg comprimé, boîte de 10",Mebendazole,Antihelmintique,"Infectiologie -Parasi-tologie",280,400,-
PTM7289,"METAMIZOLE 2,5 g/5 ml solution injectable/1ampoule",Métamizole,"Antalgiques -Antipyré-tiques","Antalgiques -Antipy-rétiques -Antispasmodiques",553,790,-
PTM2671,"METAMIZOLE solution injectable 500 mg/5 ml / 1AMPOULE DE  5 ml",Métamizole,"Antalgiques -Antipyré-tiques","Antalgiques -Antipy-rétiques -Antispasmodiques","570,5",815,-
PTM7290,"METAMIZOLE SODIQUE 500 mg comprimé, boîte de10",Métamizole,"Antalgiques -Antipyré-tiques","Antalgiques -Antipy-rétiques -Antispasmodiques",350,500,-
PTM7291,"METFORMINE 850 mg comprimé, boîte de 30",Metformine,Antidiabetiques oraux,"Metabolisme-Nutri-tion-Diabete",1190,1700,-
PTM7292,"METFORMINE 1000 mg comprimé, boîte de 30",Metformine,Antidiabetiques oraux,"Metabolisme-Nutri-tion-Diabete",1393,1990,-
PTM7293,"METFORMINE 500 mg comprimé, plaquette de 10",Metformine,Antidiabetiques oraux,"Metabolisme-Nutri-tion-Diabete","577,5",825,-
PTM7294,"METHYLDOPA 500 mg comprimé, plaquette de 10",Methyldopa,"Antihypertenseurd’action central","Cardiologie-Angéio-logie",595,850,-
PTM2686,"METHYLDOPA 250 mg comprimé pelliculé, plaquettede 10",Methyldopa,"Antihypertenseurd’action central","Cardiologie-Angéio-logie",546,780,-
CODES,DESIGNATION,COMPOSITION,"SOUS CLASSEPHARMACO-THERAPEUTIQUE","CLASSE PHARMACO-THERAPEUTIQUE","PRIX BASE DEREMBOURSEMENT (G) x 70%","PRIXPUBLIC","ACCORDPREALABLE"
PTM2690,"METHYLPREDNISOLONE ACETATE USP 20 mg/ml/1ampoule de 3 ml",Methylprednisolone,"Anti-inflammatoiressteroidiens",Anti-inflammatoires,840,1200,-
PTM7296,"METHYLPREDNISOLONE ACETATE USP 120 mg/ml/1ampoule de 3 ml",Methylprednisolone,"Anti-inflammatoiressteroidiens",Anti-inflammatoires,"2922,5",4175,-
PTM2693,"METOCLOPRAMIDE 10 mg/2ml pour injection / 1ampoule  de 2 ml",Métoclopramide,Antianémique,"Gastro-Entero-He-patologie",175,250,-
PTM7297,"METOCLOPRAMIDE BP 5 mg/ml injectable/1ampoule de 2 ml",Métoclopramide,Antianémique,"Gastro-Entero-He-patologie",175,250,-
PTM2694,"METOCLOPRAMIDE BP 5 mg/5ml sirop, flacon de100 ml",Métoclopramide,Antianémique,"Gastro-Entero-He-patologie","640,5",915,-
PTM7298,"METOCLOPRAMIDE Hydrochloride injection 10 mg/2ml/ 1 ampoule",Métoclopramide,Antianémique,"Gastro-Entero-He-patologie",2191,3130,-
PTM7299,"METRONIDAZOLE 125mg/5ml susp buv, flacon de100 ml",Métronidazole,"Antibacterien Imi-dazole","Infectiologie -Parasi-tologie",700,1000,-
PTM2710,"METRONIDAZOLE 120 mg/5 ml suspension orale,flacon de 60 ml",Métronidazole,"Antibacterien imi-dazole","Infectiologie -Parasi-tologie",693,990,-
PTM2713,"METRONIDAZOLE 500 mg comprimé, 1 blister de 10",Métronidazole,"Antibacterien Imi-dazole","Infectiologie -Parasi-tologie","493,5",705,-
PTM2712,"METRONIDAZOLE 250 mg comprimé, 1 blister de 10",Métronidazole,"Antibacterien Imi-dazole","Infectiologie -Parasi-tologie",231,330,-
PTM2708,"METRONIDAZOLE INJECTION 500 mg/100 ml, flaconde 100 ml",Métronidazole,"Antibacterien Imi-dazole","Infectiologie -Parasi-tologie",700,1000,-
PTM2701,"METRONIDAZOLE solution injectable, flacon de 100ml",Métronidazole,"Antibacterien Imi-dazole","Infectiologie -Parasi-tologie",700,1000,-
PTM2700,"METRONIDAZOLE BP 200 mg/5 mg suspension,flacon de 100 ml",Métronidazole,"Antibacterien Imi-dazole","Infectiologie -Parasi-tologie",413,590,-
PTM2699,"METRONIDAZOLE USP 5 mg/ml injectable, flacon de100 ml",Métronidazole,"Antibacterien Imi-dazole","Infectiologie -Parasi-tologie",700,1000,-
PTM2703,"METRONIDAZOLE 500 mg comprimé vaginal, boîtede 10",Métronidazole,"Antibacterien Imi-dazole","Infectiologie -Parasi-tologie",420,600,-
CODES,DESIGNATION,COMPOSITION,"SOUS CLASSEPHARMACO-THERAPEUTIQUE","CLASSE PHARMACO-THERAPEUTIQUE","PRIX BASE DEREMBOURSEMENT (G) x 70%","PRIXPUBLIC","ACCORDPREALABLE"
PTM7301,"METRONIDAZOLE 0,5% injectable, flacon de 100 ml",Métronidazole,"Antibacterien Imi-dazole","Infectiologie -Parasi-tologie",595,850,-
PTM2724,"MICONAZOLE 2% crème, tube de 15 g",Miconazole,"Antibacterien imi-dazole","Infectiologie -Parasi-tologie","514,5",735,-
PTM7306,"NALOXONE CHLORHYDRATE Injection 0,4 mg/ml,boîte de 10 ampoules de 1 ml",Naloxone,"Antibacterien imi-dazole","Infectiologie -Parasi-tologie",1050,1500,-
PTM2865,"NEOMYCINE SULFATE ET BACITRACINE pommade,tube de 15 g",Neomycine,Antibacterien,"Infectiologie -Parasi-tologie",490,700,-
PTM2879,"NICARDIPINE AGUETTANT 10 mg/10 ml, solutioninjectable,  1 ampoule de 10 ml","Chlorhydrate de Nicar-dipine","Antihypertenseurantagoniste calcique","Cardiologie-Angéio-logie",1267,1810,-
PTM2892,"NIFEDIPINE 10 mg comprimé, plaquette de 10",Nifedipine,"Antihypertenseurantagoniste calcique","Cardiologie-Angéio-logie","416,5",595,-
PTM2894,"NIFEDIPINE 20 mg comprimé, plaquette de 10",Nifedipine,"Antihypertenseurantagoniste calcique","Cardiologie-Angéio-logie","549,5",785,-
PTM2904,"NIZODERM 2% crème pour application locale, tubede 15 g",Nizoderm,Antifongique,Dermatologie,1141,1630,-
PTM7307,"NORADRENALINE 8 mg/4 ml solution injectable,boîte de 1 ampoule",Noradrenaline,"Vasoconstructeur(Catécholamines)","Cardiologie-Angéio-logie",2310,3300,-
PTM2934,"NORFLOXACINE 400 mg comprimé, boîte de 14",NORFLOXACINE,"Antibacterien quino-lone","Infectiologie -Parasi-tologie","4567,5",6525,-
PTM2987,"NYSTATINE 500 000UI comprimé, plaquette de 10",Nystatine,Antifongique,"Infectiologie -Parasi-tologie","458,5",655,-
PTM2982,"NYSTATIN 100 000 UI comprimé gynécologique,boîte de 10",Nystatine,Antifongique,"Infectiologie -Parasi-tologie",350,500,-
PTM7308,"NYSTATINE sirop, flacon de 60 ml",Nystatine,Antifongique,"Infectiologie -Parasi-tologie",875,1250,-
PTM2984,"NYSTATINE pommade 100 000 UI, tube de 30 g",Nystatine,Antifongique,"Infectiologie -Parasi-tologie",700,1000,-
PTM2986,"NYSTATINE USP 100 000 UI/ml suspension, flacon de30 ml",Nystatine,Antifongique,"Infectiologie -Parasi-tologie",525,750,-
CODES,DESIGNATION,COMPOSITION,"SOUS CLASSEPHARMACO-THERAPEUTIQUE","CLASSE PHARMACO-THERAPEUTIQUE","PRIX BASE DEREMBOURSEMENT (G) x 70%","PRIXPUBLIC","ACCORDPREALABLE"
PTM7314,"NYSTATINE 500 000 UI comprimé, boîte de 2X10",Nystatine,Antifongique,"Infectiologie -Parasi-tologie",1050,1500,-
PTM3020,"OMEPRAZOLE 20 mg gélule, boîte de 20",Omeprazole,"Inhibiteur de lapompe à protons","Gastro-Entero-He-patologie",700,1000,-
PTM3017,"OMEPRAZOLE 20 mg gélule, 1 plaquette de 10",Omeprazole,"Inhibiteur de lapompe à protons","Gastro-Entero-He-patologie",350,500,-
PTM7318,"OXYTOCINE 10UI/ml solution injectable, boîte de 10ampoules",Oxytocine,"Ocytocique, tocoly-tique","Gynécologie -Obsté-trique",875,1250,-
PTM7319,"OXYTOCINE 10 IU/ml injectable, 1 ampoule de 1 ml",Oxytocine,"Ocytocique, tocoly-tique","Gynécologie -Obsté-trique","87,5",125,-
PTM7320,OXYTOCINE 5 UI/ml injectable/ 1 ampoule,Oxytocine,"Ocytocique, tocoly-tique","Gynécologie -Obsté-trique",175,250,-
PTM3138,"PARACETAMOL 120 mg/5 ml solution orale, flaconde 60 ml",Paracétamol,"Antalgiques -Antipyré-tiques","Antalgiques -Antipy-rétiques -Antispasmodiques",525,750,-
PTM7321,"PARACETAMOL 120 mg/5ml suspension orale, flaconde 100 ml",Paracétamol,"Antalgiques -Antipyré-tiques","Antalgiques -Antipy-rétiques -Antispasmodiques",525,750,-
PTM3145,"PARACETAMOL 500 mg comprimé, plaquette de 10",Paracétamol,"Antalgiques -Antipyré-tiques","Antalgiques -Antipy-rétiques -Antispasmodiques",70,100,-
PTM7322,PARACETAMOL 1g injectable flacon de 100 ml,Paracétamol,"Antalgiques -Antipyré-tiques","Antalgiques -Antipy-rétiques -Antispasmodiques",1253,1790,-
PTM7323,"PARACETAMOL ET IBUPROFEN PEDIATRIQUEsuspension buvable, flacon de 100 ml",Paracétamol,"Antalgiques -Antipyré-tiques","Antalgiques -Antipy-rétiques -Antispasmodiques","976,5",1395,-
PTM3150,"PARACETAMOL 1G comprimé effervescent sécable –Créatol Eff, Tube de 8 comprimés",Paracétamol,"Antalgiques -Antipyré-tiques","Antalgiques -Antipy-rétiques -Antispasmodiques",420,600,-
PTM3137,"PARACETAMOL + TRAMADOL 325 mg/37,5 mgcomprimé pelliculé, boîte de 10",Paracétamol/ Tramadol,"Antalgique opioïdepériphérique","Antalgiques -Antipy-rétiques -Antispasmodiques","535,5",765,-
CODES,DESIGNATION,COMPOSITION,"SOUS CLASSEPHARMACO-THERAPEUTIQUE","CLASSE PHARMACO-THERAPEUTIQUE","PRIX BASE DEREMBOURSEMENT (G) x 70%","PRIXPUBLIC","ACCORDPREALABLE"
PTM7325,"POVIDONE IODINE 10% solution,  flacon de 100 ml",Povidone iodée,"Antiseptique Antifon-gique","Infectiologie -Parasi-tologie",700,1000,-
PTM7327,"POLYVIDONE IODEE 10%, flacon de 200 ml",Povidone iodée,"Antiseptique Antifon-gique","Infectiologie -Parasi-tologie",840,1200,-
PTM3351,"PRAZIQUANTEL 600 mg, plaquette de 1",Praziquantel,Antihelminthique,"Infectiologie -Parasi-tologie",175,250,-
PTM7329,"PROMETHAZINE suspension orale, flacon de 100 ml",Promethazine,Antihistaminique H1,Pneumologie,525,750,-
PTM3400,"PROMETHAZINE 0,1% sirop, flacon de 60 ml",Promethazine,Antihistaminique H1,Pneumologie,434,620,-
PTM7331,"PROMETHAZINE solution orale, flacon de 100 ml",Promethazine,Antihistaminique H1,Pneumologie,560,800,-
PTM7332,"PROMETHAZINE 25 mg comprimé, plaquette de 10",Promethazine,Antihistaminique H1,Pneumologie,"556,5",795,-
PTM3430,"QUININE 300 mg comprimé,  1 blister de 10",Quinine,Antipaludique,"Infectiologie -Parasi-tologie",560,800,-
PTM3431,QUININE 400 mg/4ml injectable / 1 ampoule,Quinine,Antipaludique,"Infectiologie -Parasi-tologie",147,210,-
PTM3433,QUININE 200 mg/2ml injectable/ 1 ampoule,Quinine,Antipaludique,"Infectiologie -Parasi-tologie",105,150,-
PTM7336,"QUININE 300 mg comprimé, plaquette de 10",Quinine,Antipaludique,"Infectiologie -Parasi-tologie",525,750,-
PTM3514,"RINGER LACTATE perfusion, flacon de 500 ml",Ringer lactate,"Solution pour perfu-sion","Anésthesie-Réani-mation",525,750,-
PTM7337,"RINGER LACTATE perfusion, flacon de 250 ml",Ringer lactate,"Solution pour perfu-sion","Anésthesie-Réani-mation","584,5",835,-
PTM3574,"SALBUTAMOL 4 mg comprimé, plaquette de 10",Salbutamol,Antiasthmatique,Pneumologie,98,140,-
PTM3572,SALBUTAMOL aerosol,Salbutamol,Antiasthmatique,Pneumologie,"1557,5",2225,-
CODES,DESIGNATION,COMPOSITION,"SOUS CLASSEPHARMACO-THERAPEUTIQUE","CLASSE PHARMACO-THERAPEUTIQUE","PRIX BASE DEREMBOURSEMENT (G) x 70%","PRIXPUBLIC","ACCORDPREALABLE"
PTM3571,"SALBUTAMOL solution buvable, sirop",Salbutamol,Antiasthmatique,Pneumologie,917,1310,-
PTM7339,"SEL DE REHYDRATATION ORALE 27,9 g/sachet, boîtede 10","Glucose/ Citrate tri-sodique/ Chlorure depotassium/ Chlorure desodium",Rehydratant,"Gastro-Entero-He-patologie",175,250,-
PTM3647,"SERUM GLUCOSE 5% solution pour perfusion, flaconde 500 ml",Glucosé,"Solution pour perfu-sion","Anésthesie-Réani-mation",525,750,-
PTM7342,"SERUM GLUCOSE 5% solution pour perfusion, flaconde 250 ml",Glucosé,"Solution pour perfu-sion","Anésthesie-Réani-mation",525,750,-
PTM3644,"SERUM GLUCOSE 10% solution pour perfusion,flacon de 500 ml",Glucosé,"Solution pour perfu-sion","Anésthesie-Réani-mation",630,900,-
PTM7343,"SERUM GLUCOSE 10% solution pour perfusion,flacon de 250 ml",Glucosé,"Solution pour perfu-sion","Anésthesie-Réani-mation",630,900,-
PTM3646,SERUM GLUCOSE 30% solution pour perfusion,Glucosé,"Solution pour perfu-sion","Anésthesie-Réani-mation",2800,4000,-
PTM3651,"SERUM SALE 0,9% solution pour perfusion, flacon de500 ml",Sodium chloride,"Solution pour perfu-sion","Anésthesie-Réani-mation",525,750,-
PTM7344,"SERUM SALE 0,9% solution pour perfusion, flacon de3 litres",Sodium chloride,"Solution pour perfu-sion","Anésthesie-Réani-mation",4830,6900,-
PTM7345,"SERUM SALE 0,9% solution pour perfusion, flacon de250 ml",Sodium chloride,"Solution pour perfu-sion","Anésthesie-Réani-mation",525,750,-
PTM7346,"SILDENAFIL 25 mg comprimé, boite de 3",Sildenafil,"Dysfonctionnementérectil/Inhibiteur de laphosphodiesterase","Urologie-Cardio-logie",1610,2300,-
PTM7347,"SOLVIT-B comprimé, plaquette de 10","Thiamine nitrate/Riboflavine/ Pyridoxinehydrochloride/ Nicoti-namide",Vitamine,"Metabolisme-Nutri-tion-Diabete",350,500,-
PTM3815,"SULFADOXINE+PYRIMETHAMINE 500/25 mgcomprimé, 1 plaquette de 3","Sulfadoxine / Pyrime-thamine",Antipaludique,"Infectiologie -Parasi-tologie",210,300,-
CODES,DESIGNATION,COMPOSITION,"SOUS CLASSEPHARMACO-THERAPEUTIQUE","CLASSE PHARMACO-THERAPEUTIQUE","PRIX BASE DEREMBOURSEMENT (G) x 70%","PRIXPUBLIC","ACCORDPREALABLE"
PTM7348,"SULFATE FERREUX + MULTIVITAMINES sirop, flaconde 100 ml","Citrate d’ammoniumferrique/ Acide folique/CyanocoBabamine","Stimulant del’hématopoïèse (An-tianémique)","Hémostase -Hématopoïèse  - Hé-moglobinopathies","752,5",1075,-
PTM3821,SULFATE DE MAGNESIUM 10%  injectable,Magnesium,Elements mineraux,"Anésthesie-Réani-mation",700,1000,-
PTM7349,SULFATE DE MAGNESIUM 15%  injectable,Magnesium,Elements mineraux,"Anésthesie-Réani-mation",1050,1500,-
PTM7350,"TENOFOVIR 300 mg comprimé, boite de 30",Tenofovir,Antiviral,"Gastro-Entero-He-patologie","4644,5",6635,-
PTM3958,"TETRACYCLINE 3% pommade, tube de 15 g",Tétracycline,Antibacterien,"Infectiologie -Parasi-tologie",315,450,-
PTM7351,"TETRACYCLINE 3% pommade, tube de 30 g",Tétracycline,Antibacterien,"Infectiologie -Parasi-tologie",420,600,-
PTM3957,"TETRACYCLINE pommade 1%, tube de 5 g",Tétracycline,Antibacterien,"Infectiologie -Parasi-tologie",210,300,-
PTM7352,"TINIDAZOLE 500 comprimé, boite de 12",Tinidazole,Antifongique,"Infectiologie -Parasi-tologie","1536,5",2195,-
PTM4034,"TRAMADOL HYDROCHLORIDE 50 mg comprimé,plaquette de 10",Tramadol,"Antalgique opioïdepériphérique","Antalgiques -Antipy-rétiques -Antispasmodiques",1295,1850,-
PTM7353,"TRAMADOL 100 mg/2 ml solution injectable/ 1ampoule",Tramadol,"Antalgique opioïdepériphérique","Antalgiques -Antipy-rétiques -Antispasmodiques",602,860,-
PTM4276,"VITAMINE B COMPLEX injectable/ 1 ampoule de 10ml",Vitamine B Complexe,Vitamines,"Metabolisme-Nutri-tion-Diabete",210,300,-
PTM7354,"VITAMINE B1+B6 comprimé, plaquette de 10","Vitamine B1/ vitamineB6",Vitamines,"Metabolisme-Nutri-tion-Diabete",350,500,-
CODES,DESIGNATION,COMPOSITION,"SOUS CLASSEPHARMACO-THERAPEUTIQUE","CLASSE PHARMACO-THERAPEUTIQUE","PRIX BASE DEREMBOURSEMENT (G) x 70%","PRIXPUBLIC","ACCORDPREALABLE"
PTM4277,"VITAMIN B-COMPLEX solution injectable,  1 ampoulede 2 ml","Thiamine hydrochloride(vitamine B1)/ Ribofla-vine sodium phosphate(vitamine B2)/ Pyri-doxine hydrochloride(vitamine B6/ Nicotina-mide/ Calcium dexrro-pantothenate",Vitamines,"Metabolisme-Nutri-tion-Diabete",175,250,-
PTM7356,"VITAMIN B-COMPLEX solution injectable, boîte de10 ampoules de 10 ml","Thiamine hydrochloride(vitamine B1)/ Ribofla-vine sodium phosphate(vitamine B2)/ Pyri-doxine hydrochloride(vitamine B6/ Nicotina-mide/ Calcium dexrro-pantothenate",Vitamines,"Metabolisme-Nutri-tion-Diabete",2100,3000,-
PTM7357,"VITAMINE B COMPLEXE TM injectable, boîte de 10ampoules de 2 ml","Thiamine hydrochloride(vitamine B1)/ Ribofla-vine sodium phosphate(vitamine B2)/ Pyri-doxine hydrochloride(vitamine B6/ Nicotina-mide/ Calcium dexrro-pantothenate",Vitamines,"Metabolisme-Nutri-tion-Diabete",1820,2600,-
PTM4278,"VITAMINE B COMPLEX comprimé, plaquette de 10","Thiamine mononitrate/Riboflavine/ Pyridoxinechlorhydrate/ Cyanoco-Babamine",Vitamines,"Metabolisme-Nutri-tion-Diabete",210,300,-
PTM4280,VITAMINE B12 Collyre,Vitamine b12,Vitamine,Ophtalmologie,"3783,5",5405,-
PTM4283,"VITAMINE C (Acide Ascorbique) 100MG/ML INJ AMPde 5ML 1AMP",Acide Ascorbique,Vitamine,"Metabolisme-Nutri-tion-Diabete","157,5",225,-
PTM4297,"VITAMINE K1 NOURISSON 2mg/0,2mg injectable,boite de 5 ampoules",Vitamine K1,Vitamine K1,"Metabolisme-Nutri-tion-Diabete","4238,5",6055,-
CODES,DESIGNATION,COMPOSITION,"SOUS CLASSEPHARMACO-THERAPEUTIQUE","CLASSE PHARMACO-THERAPEUTIQUE","PRIX BASE DEREMBOURSEMENT (G) x 70%","PRIXPUBLIC","ACCORDPREALABLE"
"",III- DISPOSITIFS MEDICAUX,-,,,,,
PTM0071,AIGUILLE à PL (18G ou 21G ou 22G ou 24G ou 25G),"NA(Non Applicable)","Abord vasculaire &lymphatique","Dispositifs médi-caux",2800,4 000,-
PTM0086,ALBUPLAST FIBRANE PERF 5MX10CM,NA,Objets de pansement,"Dispositifs médi-caux",2751,3 930,-
PTM0500,BANDE CREPE 4Mx5,NA,Objets de pansement,"Dispositifs médi-caux",595,850,-
PTM0501,BANDE CREPE 4X10 VRAC,NA,Objets de pansement,"Dispositifs médi-caux",875,1250,-
PTM0502,BANDE CREPE 4X15 VRAC,NA,Objets de pansement,"Dispositifs médi-caux",1400,2000,-
PTM0503,BANDE CREPE 4X30 VRAC,NA,Objets de pansement,"Dispositifs médi-caux",1645,2 350,-
PTM0504,BANDE CREPE 4X5 BTE,NA,Objets de pansement,"Dispositifs médi-caux","437,5",625,-
PTM0505,BANDE CREPE 4X5 VRAC,NA,Objets de pansement,"Dispositifs médi-caux",280,400,-
PTM0506,BANDE CREPE 4X7 BTE,NA,Objets de pansement,"Dispositifs médi-caux","479,5",685,-
PTM0507,BANDE CREPE 4X7 VRAC,NA,Objets de pansement,"Dispositifs médi-caux",700,1 000,-
PTM0508,BANDE CREPE LOHM VELP 4X7,NA,Objets de pansement,"Dispositifs médi-caux","514,5",735,-
PTM0509,BANDE CREPE 4 m / 10 cm EN ROULEAU,NA,Objets de pansement,"Dispositifs médi-caux",980,1 400,-
PTM0510,BANDE CREPESAN LITE 4X10,NA,Objets de pansement,"Dispositifs médi-caux",490,700,-
PTM0511,"BANDE CREPESAN LITE 4X7,5",NA,Objets de pansement,"Dispositifs médi-caux","360,5",515,-
"",,,,SOUS CLASSE,,PRIX BASE DE,,
"",,,,,CLASSE PHARMACO-,,PRIX,ACCORD
CODES,DESIGNATION,,COMPOSITION,PHARMACO-,,REMBOURSE,,
"",,,,,THERAPEUTIQUE,,PUBLIC,PREALABLE
"",,,,THERAPEUTIQUE,,MENT (G) x 70%,,
"",,,,,Dispositifs médi-,,,
PTM0513,BANDE DE CREPE 75 LOHM 4X15,NA,,Objets de pansement,,1400,2 000,-
"",,,,,caux,,,
"",,,,,Dispositifs médi-,,,
PTM0514,BANDE DE CREPE 75 LOHMAN 4X10,NA,,Objets de pansement,,931,1 330,-
"",,,,,caux,,,
"",BANDE ELAST DYNAREX GF AVEC,,,,Dispositifs médi-,,,
PTM0515,,NA,,Objets de pansement,,1960,2 800,-
"",CROCHET,,,,caux,,,
"",,,,,Dispositifs médi-,,,
PTM0516,BANDE ELAST DYNAREX MOYEN AVEC CROCHET,NA,,Objets de pansement,,1428,2 040,-
"",,,,,caux,,,
"",,,,,Dispositifs médi-,,,
PTM0517,BANDE ELAST DYNAREX PF AVEC CROCH,NA,,Objets de pansement,,1260,1 800,-
"",,,,,caux,,,
"",,,,,Dispositifs médi-,,,
PTM0518,BANDE ELASTIQUE AVEC CROCHET GF,NA,,Objets de pansement,,"1970,5",2 815,-
"",,,,,caux,,,
"",,,,,Dispositifs médi-,,,
PTM0519,BANDE ELASTIQUE AVEC CROCHET PF,NA,,Objets de pansement,,1225,1 750,-
"",,,,,caux,,,
"",,,,,Dispositifs médi-,,,
PTM0520,BANDE EXTENSIBLE,NA,,Objets de pansement,,1295,1 850,-
"",,,,,caux,,,
"",,,,,Dispositifs médi-,,,
PTM0521,BANDE EXTENSIBLE 3 X 10,NA,,Objets de pansement,,406,580,-
"",,,,,caux,,,
"",,,,,Dispositifs médi-,,,
PTM0522,BANDE EXTENSIBLE 3X10,NA,,Objets de pansement,,182,260,-
"",,,,,caux,,,
"",,,,,Dispositifs médi-,,,
PTM0523,BANDE EXTENSIBLE 3X7,NA,,Objets de pansement,,140,200,-
"",,,,,caux,,,
"",,,,,Dispositifs médi-,,,
PTM0524,BANDE GAZE 3M X 10CM,NA,,Objets de pansement,,175,250,-
"",,,,,caux,,,
"",,,,,Dispositifs médi-,,,
PTM0525,BANDE GAZE 4 m / 7 cm EN ROULEAU,NA,,Objets de pansement,,105,150,-
"",,,,,caux,,,
"",,,,,Dispositifs médi-,,,
PTM0526,"BANDE GAZE 4,5 m / 10 cm EN ROULEAU",NA,,Objets de pansement,,175,250,-
"",,,,,caux,,,
"",,,,,Dispositifs médi-,,,
PTM0527,BANDE GAZE 5X5,NA,,Objets de pansement,,105,150,-
"",,,,,caux,,,
"",,,,,Dispositifs médi-,,,
PTM0528,BANDE GAZE LOH 3X7,NA,,Objets de pansement,,"115,5",165,-
"",,,,,caux,,,
"",,,,SOUS CLASSE,PRIX BASE DE,,
"",,,,CLASSE PHARMACO-,,PRIX,ACCORD
CODES,DESIGNATION,,COMPOSITION,PHARMACO-,REMBOURSE,,
"",,,,THERAPEUTIQUE,,PUBLIC,PREALABLE
"",,,,THERAPEUTIQUE,MENT (G) x 70%,,
"",,,,Dispositifs médi-,,,
PTM0529,BANDE MAIMED 10X4,NA,,Objets de pansement,"185,5",265,-
"",,,,caux,,,
"",,,,Dispositifs médi-,,,
PTM0530,BANDE MAIMED 8X4,NA,,Objets de pansement,"164,5",235,-
"",,,,caux,,,
"",,,,Dispositifs médi-,,,
PTM0531,BANDE OMBILICAL CHICCO,NA,,Objets de pansement,588,840,-
"",,,,caux,,,
"",,,,Dispositifs médi-,,,
PTM0532,BANDE PL A BIPLATRIX 2X20,NA,,Objets de pansement,"1599,5",2285,-
"",,,,caux,,,
"",,,,Dispositifs médi-,,,
PTM0533,BANDE PLAT BIPLATRIX 2X15,NA,,Objets de pansement,1155,1650,-
"",,,,caux,,,
"",,,,Dispositifs médi-,,,
PTM0534,BANDE PLAT LABEL 2X15 1 UNITE,NA,,Objets de pansement,"857,5",1 225,-
"",,,,caux,,,
"",,,,Dispositifs médi-,,,
PTM0535,BANDE PLAT LABEL 2X20,NA,,Objets de pansement,"990,5",1 415,-
"",,,,caux,,,
"",,,,Dispositifs médi-,,,
PTM0536,BANDE PLATREE 2 m / 15 cm EN ROULEAU,NA,,Objets de pansement,945,1 350,-
"",,,,caux,,,
"",,,,Dispositifs médi-,,,
PTM0537,BANDE PLATREE 2 m / 20 cm EN ROULEAU,NA,,Objets de pansement,1190,1 700,-
"",,,,caux,,,
"",,,,Dispositifs médi-,,,
PTM0538,BANDE PLATREE 2X10,NA,,Objets de pansement,"703,5",1 005,-
"",,,,caux,,,
"",,,,Dispositifs médi-,,,
PTM0667,BIPLATRIX BANDE 2MX15CM EN ROULEAU,NA,,Objets de pansement,1155,1650,-
"",,,,caux,,,
"",,,,Accessoires et mate- Dispositifs médi-,,,
PTM0668,BIPLATRIX BANDE 2MX20CM EN ROULEAU,NA,,,"1599,5",2285,-
"",,,,riel medical caux,,,
"",,,,Accessoires et mate- Dispositifs médi-,,,
PTM0769,CANULE GUEDEL ORL CAOUT ROUGE T3 1/BTE,NA,,,2093,2 990,-
"",,,,riel medical caux,,,
"",,,,Accessoires et mate- Dispositifs médi-,,,
PTM0770,CANULE GUEDEL ORL CAOUT ROUGE T4 1/BTE,NA,,,2093,2 990,-
"",,,,riel medical caux,,,
"",,,,Accessoires et mate- Dispositifs médi-,,,
PTM7360,CANULE DE TRACHEOTOMIE,NA,,,13580,19400,-
"",,,,riel medical caux,,,
"",,,,Abord vasculaire & Dispositifs médi-,,,
PTM0841,CATHETER 16G BTE/1,NA,,-lymphatique caux,609,870,
CODES,DESIGNATION,COMPOSITION,"SOUS CLASSEPHARMACO-THERAPEUTIQUE","CLASSE PHARMACO-THERAPEUTIQUE","PRIX BASE DEREMBOURSEMENT (G) x 70%","PRIXPUBLIC","ACCORDPREALABLE"
PTM0842,CATHETER 18G BTE/1,NA,"Abord vasculaire &lymphatique","Dispositifs médi-caux","661,5",945,-
PTM0843,CATHETER 20G,NA,"Abord vasculaire &lymphatique","Dispositifs médi-caux",665,950,-
PTM0844,CATHETER 22G BTE/1,NA,"Abord vasculaire &lymphatique","Dispositifs médi-caux",525,750,-
PTM0845,CATHETER 24G JAUNE BTE/1,NA,"Abord vasculaire &lymphatique","Dispositifs médi-caux",420,600,-
PTM0846,CATHETER COURT 24G BTE/1,NA,"Abord vasculaire &lymphatique","Dispositifs médi-caux",840,1 200,-
PTM0847,"CATHETER COURT IV 16G OU 18G OU 20G OU 21GOU 22G OU 24G",NA,"Abord vasculaire &lymphatique","Dispositifs médi-caux",665,950,-
PTM7363,CATHETER POUR HEMODIALYSE,NA,"Abord vasculaire &lymphatique","Dispositifs médi-caux",175000,250000,-
PTM0848,CATHETER OMBILICAL CH.8,NA,"Abord vasculaire &lymphatique","Dispositifs médi-caux",665,950,-
PTM7365,CATHETER DE VOIE CENTRALE TOUTES TAILLES,NA,"Abord vasculaire &lymphatique","Dispositifs médi-caux",19250,27500,-
PTM0940,CHEVILLERE ARTICULAIRE VELPEAU SABLE T3,NA,"Abord vasculaire &lymphatique","Dispositifs médi-caux",3717,5310,-
PTM2226,COL SUTURE,NA,"Accessoires et mate-riel medical","Dispositifs médi-caux",1645,2350,-
PTM1126,COLLIER CERVIX 3 AVEC MENTON T2,NA,"Abord vasculaire &lymphatique","Dispositifs médi-caux",12824,18 320,-
PTM1127,COLLIER CERVIX 3 AVEC MENTON T3 T3,NA,Objets de pansement,"Dispositifs médi-caux",11732,16 760,-
PTM1157,COMPRESSE 10X10 BTE/2,NA,Objets de pansement,"Dispositifs médi-caux",147,210,-
PTM1158,COMPRESSE 20X20 LABELL,NA,Objets de pansement,"Dispositifs médi-caux",420,600,-
"",,,,SOUS CLASSE,,PRIX BASE DE,,
"",,,,CLASSE PHARMACO-,,,PRIX,ACCORD
CODES,DESIGNATION,,COMPOSITION,PHARMACO-,,REMBOURSE,,
"",,,,THERAPEUTIQUE,,,PUBLIC,PREALABLE
"",,,,THERAPEUTIQUE,,MENT (G) x 70%,,
"",,,,Dispositifs médi-,,,,
PTM1160,COMPRESSE 40 X40 LABELL B/10,NA,,Objets de pansement,,910,1300,-
"",,,,caux,,,,
"",,,,Dispositifs médi-,,,,
PTM1161,COMPRESSE 40X40 LOHMAN,NA,,Objets de pansement,,1050,1 500,-
"",,,,caux,,,,
"",,,,Dispositifs médi-,,,,
PTM1162,COMPRESSE EDM 40X40,NA,,Objets de pansement,,700,1 000,-
"",,,,caux,,,,
"",,,,Dispositifs médi-,,,,
PTM1163,"COMPRESSE GAZIN 7,5x7,5 BTE/10",NA,,Objets de pansement,,"458,5",655,-
"",,,,caux,,,,
"",,,,Dispositifs médi-,,,,
PTM1164,COMPRESSE STER LOHM 5X5 B/10,NA,,Objets de pansement,,"584,5",835,-
"",,,,caux,,,,
"",,,,Dispositifs médi-,,,,
PTM1165,COMPRESSE STERILE 30X30 SACHET 10,NA,,Objets de pansement,,700,1 000,-
"",,,,caux,,,,
"",,,,Dispositifs médi-,,,,
PTM1166,COMPRESSE STERILE 40CMX40 SACHET 10,NA,,Objets de pansement,,"1032,5",1 475,-
"",,,,caux,,,,
"",COMPRESSE VRAC PPM 30X30 1 SACHET DElO,,,Dispositifs médi-,,,,
PTM1167,,NA,,Objets de pansement,,"311,5",445,-
"",UNITES,,,caux,,,,
"",,,,Dispositifs médi-,,,,
PTM7367,COMPRESSE ABSORBANTE,NA,,Objets de pansement,,1400,2000,-
"",,,,caux,,,,
"",,,,Dispositifs médi-,,,,
PTM7368,COMPRESSE HEMOSTATIQUE,NA,,Objets de pansement,,1925,2750,-
"",,,,caux,,,,
"",,,,Dispositifs médi-,,,,
PTM1191,COTON 200G,NA,,Objets de pansement,,1372,1 960,-
"",,,,caux,,,,
"",COTON CHIRURGICAL (Pattes,,,,,,,
"",,,,Dispositifs médi-,,,,
PTM1194,chirurgicales ou compresse 3x3ou,NA,,Objets de pansement,,7140,10 200,-
"","caux7,6x7,62",,,,,,,
"",,,,Dispositifs médi-,,,,
PTM1195,COTON COP,NA,,Objets de pansement,,1190,1 700,-
"",,,,caux,,,,
"",,,,Dispositifs médi-,,,,
PTM1196,COTON EN ROULEAU PPM ROULEAU DE lOOG,NA,,Objets de pansement,,525,750,-
"",,,,caux,,,,
"",,,,Dispositifs médi-,,,,
PTM1197,COTON HYDRO ROULEAU 500G LABEL,NA,,Objets de pansement,,3220,4 600,-
"",,,,caux,,,,
"",,,,Dispositifs médi-,,,,
PTM1198,COTON HYDROPHILE CMI 50G,NA,,Objets de pansement,,350,500,-
"",,,,caux,,,,
CODES,DESIGNATION,COMPOSITION,"SOUS CLASSEPHARMACO-THERAPEUTIQUE","CLASSE PHARMACO-THERAPEUTIQUE","PRIX BASE DEREMBOURSEMENT (G) x 70%","PRIXPUBLIC","ACCORDPREALABLE"
PTM1199,COTON HYDROPHYLE 100G ROULEAU,NA,Objets de pansement,"Dispositifs médi-caux",980,1400,-
PTM1200,COTON HYDROPHYLE 200G ROULEAU,NA,Objets de pansement,"Dispositifs médi-caux",1498,2 140,-
PTM1202,COTON HYDROPHYLE 50G ROULEAU,NA,Objets de pansement,"Dispositifs médi-caux",525,750,-
PTM1205,COTON 500 G ROULEAU,NA,Objets de pansement,"Dispositifs médi-caux",1575,2 250,-
PTM7370,CUTICELL,NA,Objets de pansement,"Dispositifs médi-caux",4130,5900,-
PTM1545,DRAIN DE REDON + BOCAL N°lO SET,NA,Abord chirurgical,"Dispositifs médi-caux",11900,17 000,-
PTM1546,DRAIN DE REDON + BOCAL N°12 SET,NA,Abord chirurgical,"Dispositifs médi-caux",11900,17 000,-
PTM1547,DRAIN DE REDON + BOCAL N°14 SET,NA,Abord chirurgical,"Dispositifs médi-caux",11900,17 000,-
PTM1548,DRAIN DE REDON N°10 UNITE/ 1,NA,Abord chirurgical,"Dispositifs médi-caux",3787,5 410,-
PTM1549,DRAIN DE REDON N°12 UNITE/ 1,NA,Abord chirurgical,"Dispositifs médi-caux",3787,5 410,-
PTM1550,"DRAIN THORACIQUE AVEC MANDRAIN CH14UNITE/1",NA,Abord chirurgical,"Dispositifs médi-caux",27860,39 800,-
PTM1551,"DRAIN THORACIQUE AVEC MANDRAIN CH16UNITE/1",NA,Abord chirurgical,"Dispositifs médi-caux",27860,39 800,-
PTM1552,"DRAIN THORACIQUE AVEC MANDRAIN CH24UNITE/1",NA,Abord chirurgical,"Dispositifs médi-caux",27860,39 800,-
PTM1553,"DRAIN THORACIQUE AVEC MANDRAIN CH32UNITE/1",NA,Abord chirurgical,"Dispositifs médi-caux",27860,39 800,-
PTM7373,DYNACASTE,NA,"Accessoires et mate-riel medical","Dispositifs médi-caux",21595,30850,-
"",,,,,SOUS CLASSE,PRIX BASE DE,,
"",,,,,CLASSE PHARMACO-,,PRIX,ACCORD
CODES,,DESIGNATION,,COMPOSITION,PHARMACO-,REMBOURSE,,
"",,,,,THERAPEUTIQUE,,PUBLIC,PREALABLE
"",,,,,THERAPEUTIQUE,MENT (G) x 70%,,
"",,,,,Abord vasculaire & Dispositifs médi-,,,
PTM1675,"EPICRAN 18G 1,2",,NA,,-lymphatique caux,140,200,
"",,,,,Abord vasculaire & Dispositifs médi-,,,
PTM1676,EPICRAN 19G N°l,,NA,,-lymphatique caux,140,200,
"",,,,,Abord vasculaire & Dispositifs médi-,,,
PTM1677,EPICRAN 20G,,NA,,-lymphatique caux,140,200,
"",,,,,Abord vasculaire & Dispositifs médi-,,,
PTM1678,EPICRAN 21G VERT,,NA,,-lymphatique caux,140,200,
"",,,,,Abord vasculaire & Dispositifs médi-,,,
PTM1679,"EPICRAN 22G 0,7 NOIRE NOIR",,NA,,-lymphatique caux,140,200,
"",,,,,Abord vasculaire & Dispositifs médi-,,,
PTM1680,"EPICRAN 23G 0,6 BLEU BLEU",,NA,,-lymphatique caux,140,200,
"",,,,,Abord vasculaire & Dispositifs médi-,,,
PTM1681,"EPICRAN 25G 0,5 JAUNE ORANGE",,NA,,-lymphatique caux,140,200,
"","EPICRANIENNES lx20 mm OU 0,5x20 OU",,,,,,,
"",,,,,Abord vasculaire & Dispositifs médi-,,,
PTM1682,"0,7 OU 1,20 OU 0,7x20mm OU 0,6x20cm OU caux21G OU 23G OU 25G",,NA,,-lymphatique,140,200,
"",,,,,Dispositifs médi-,,,
PTM1823,FIL A PEAU,,NA,,Fil de Sutures,1960,2 800,-
"",,,,,caux,,,
"",,,,,Dispositifs médi-,,,
PTM7374,FIL DE CERCLAGE EN ACIER,,NA,,Fil de Sutures,12250,17500,-
"",,,,,caux,,,
"",,,,,Dispositifs médi-,,,
PTM1824,FIL DE LIN SERTI DEC3.5,,NA,,Fil de Sutures,"2012,5",2 875,-
"",,,,,caux,,,
"",FIL DE SUTURE (LIN) FIL NON,,,,,,,
"",,,,,Dispositifs médi-,,,
PTM1825,RESORBABLE (Polyamide) N°2/0dec3 serti ACT,,NA,,Fil de Sutures,"682,5",975,-
"",caux90cm OU (Polyester),,,,,,,
"",FIL DE SUTURE N°1dec4 serti ACT 75cm OUProlene,,,,,,,
"",,,,,Dispositifs médi-,,,
PTM1826,"N°2/0 OU Polyester, serti, aiguille (fil",,NA,,Fil de Sutures,2730,3 900,-
"","cauxsuture N°2/0 dec3,5-75cm) UNITE/ 1",,,,,,,
"",FIL NON RESORBABLE pour ligature du col de,,,,Dispositifs médi-,,,
PTM1827,-l’uterus (fil suture N°7bobine),,NA,,Fil de Sutures caux,3360,4800,
"",FIL POLYPROPYLENE N°2/0 dec3 OUN°3/0 dec2 OU,,,,Dispositifs médi-,,,
PTM1828,"-N°5/0 decl OU N°6/0 dec 0,7",,NA,,Fil de Sutures caux,2730,3 900,
CODES,DESIGNATION,COMPOSITION,"SOUS CLASSEPHARMACO-THERAPEUTIQUE","CLASSE PHARMACO-THERAPEUTIQUE","PRIX BASE DEREMBOURSEMENT (G) x 70%","PRIXPUBLIC","ACCORDPREALABLE"
PTM7375,FIL OPHTALMIQUE DE   6/0 Luxembourg 10/0,NA,Fil de Sutures,"Dispositifs médi-caux",2100,3000,-
PTM1829,"FIL RESORBABLE Polyglactine 910 Serti, ACR, PièceOU Bobine FILRESORBABLE.N°2 dec5 serti ACR 75cm OU N°2/0 dec3 sertiACR 75cm OU",NA,Fil de Sutures,"Dispositifs médi-caux",2730,3 900,-
PTM1830,"Fil N°3/0 dec2 serti ACR 75cm OU 4 dec 1,5 serti ACR75cm OU N°l dec4 serti ACR 75cm OU N°2 dec5 sertiACT 90cm OU N°0 dec3,5 ACR 75cm OU N°l/O dec3,5 ACR 75cm OU N°0 dec3,5",NA,Fil de Sutures,"Dispositifs médi-caux",2730,3 900,-
PTM1831,"FIL RESORBABLE. N°2/0 dec3 Bobine 2,5cm",NA,Fil de Sutures,"Dispositifs médi-caux",3360,4 800,-
PTM1981,"GANT CHIRUR STER pour revisionuterine Taille M OULarge Paire/1",NA,"Accessoires et mate-riel medical","Dispositifs médi-caux",2800,4 000,-
PTM1982,"GANT CHIRUR STER T7,5 / 1 OU T7 / 1 OU T8 / 1",NA,"Accessoires et mate-riel medical","Dispositifs médi-caux","507,5",725,-
PTM1983,"GANTS EN VRAC, une paire",NA,"Accessoires et mate-riel medical","Dispositifs médi-caux",112,160,-
PTM1984,GANTS N°7,NA,"Accessoires et mate-riel medical","Dispositifs médi-caux",420,600,-
PTM1985,GANTS N°7.5,NA,"Accessoires et mate-riel medical","Dispositifs médi-caux",420,600,-
PTM1986,GANTS N°8,NA,"Accessoires et mate-riel medical","Dispositifs médi-caux",420,600,-
PTM7382,HYPAFIX,NA,Objets de pansement,"Dispositifs médi-caux",1225,1750,-
PTM7384,INTRODUCTEUR,NA,"Accessoires et mate-riel medical","Dispositifs médi-caux",700,1000,-
PTM2377,LAME DE BISTOURI+ MANCHE 23 BTE / 1,NA,"Accessoires et mate-riel medical","Dispositifs médi-caux",350,500,-
PTM2378,"LAME DE BISTOURI+ MANCHE N°15 OU N°20 OUN°24 BTE / 1",NA,"Accessoires et mate-riel medical","Dispositifs médi-caux",350,500,-
"",,,,SOUS CLASSE,,PRIX BASE DE,,
"",,,,,CLASSE PHARMACO-,,PRIX,ACCORD
CODES,DESIGNATION,,COMPOSITION,PHARMACO-,,REMBOURSE,,
"",,,,,THERAPEUTIQUE,,PUBLIC,PREALABLE
"",,,,THERAPEUTIQUE,,MENT (G) x 70%,,
"",,,,Accessoires et mate-,Dispositifs médi-,,,
PTM2465,LIN 1NR4 DEC75 BTE/1,NA,,,,"2334,5",3335,-
"",,,,riel medical,caux,,,
"",,,,Accessoires et mate-,Dispositifs médi-,,,
PTM2466,"LINA-CAST 2 BANDE PLATREE BTE/1 (5CM x 3,6M)",NA,,,,3500,5000,-
"",,,,riel medical,caux,,,
"",,,,Accessoires et mate-,Dispositifs médi-,,,
PTM2467,"LINA-CAST 3 BANDE PLATREE BTE/1 (7,5CM x3, 6M)",NA,,,,4200,6000,-
"",,,,riel medical,caux,,,
"",,,,Accessoires et mate-,Dispositifs médi-,,,
PTM2468,"LINA-CAST 4 BANDE PLATREE BTE/1 (10CM x 3,6M)",NA,,,,4690,6 700,-
"",,,,riel medical,caux,,,
"",,,,Accessoires et mate-,Dispositifs médi-,,,
PTM2469,"LINA-CAST 5 BANDE PLATREE BTE/1 (12,5CM x 3,6M)",NA,,,,5250,7 500,-
"",,,,riel medical,caux,,,
"",,,,Accessoires et mate-,Dispositifs médi-,,,
PTM7388,LUNETTE A OXYGENE ADULTE,NA,,,,8400,12000,-
"",,,,riel medical,caux,,,
"",,,,Accessoires et mate-,Dispositifs médi-,,,
PTM7389,LUNETTE A OXYGENE PEDIATRIQUE,NA,,,,8400,12000,-
"",,,,riel medical,caux,,,
"",LUNETTES ET MASQUE D’OXYGENE/HAUTE,,,Accessoires et mate-,Dispositifs médi-,,,
PTM7390,,NA,,,,2100,3000,-
"",CONCENTRATION,,,riel medical,caux,,,
"",,,,Accessoires et mate-,Dispositifs médi-,,,
PTM7391,MASQUE A OXYGENE A AUTRE CONCENTRATION,NA,,,,2100,3000,-
"",,,,riel medical,caux,,,
"",,,,Accessoires et mate-,Dispositifs médi-,,,
PTM7392,MASQUE A OXYGENE NEBULISATION,NA,,,,4900,7000,-
"",,,,riel medical,caux,,,
"",,,,Accessoires et mate-,Dispositifs médi-,,,
PTM7393,MASQUE A OXYGENE SIMPLE,NA,,,,2800,4000,-
"",,,,riel medical,caux,,,
"",,,,Accessoires et mate-,Dispositifs médi-,,,
PTM2660,MERSUTURE 1 DEC 4 SERTI,NA,,,,2100,3 000,-
"",,,,riel medical,caux,,,
"",,,,Accessoires et mate-,Dispositifs médi-,,,
PTM2661,MERSUTURE 2/0 DEC 3 SERTI,NA,,,,2100,3 000,-
"",,,,riel medical,caux,,,
"",,,,Accessoires et mate-,Dispositifs médi-,,,
PTM2662,MERSUTURE 3/0 DEC 2 SERTI,NA,,,,2100,3 000,-
"",,,,riel medical,caux,,,
"",,,,Accessoires et mate-,Dispositifs médi-,,,
PTM2663,"MERSUTURE 4/0 DEC 1,5 SERTI",NA,,,,2100,3 000,-
"",,,,riel medical,caux,,,
"",,,,Accessoires et mate-,Dispositifs médi-,,,
PTM7394,MERSITURE 5/0,NA,,,,2940,4 200,-
"",,,,riel medical,caux,,,
"",,,,SOUS CLASSE,,PRIX BASE DE,,
"",,,,,CLASSE PHARMACO-,,PRIX,ACCORD
CODES,DESIGNATION,,COMPOSITION,PHARMACO-,,REMBOURSE,,
"",,,,,THERAPEUTIQUE,,PUBLIC,PREALABLE
"",,,,THERAPEUTIQUE,,MENT (G) x 70%,,
"",,,,Accessoires et mate-,Dispositifs médi-,,,
PTM7395,NOVO-TWIST AIGUILLE 5MM/32G,NA,,,,1260,1800,-
"",,,,riel medical,caux,,,
"",,,,Accessoires et mate-,Dispositifs médi-,,,
PTM2973,NYLON ACR 3/0 DEC2,NA,,,,"1508,5",2155,-
"",,,,riel medical,caux,,,
"",,,,Accessoires et mate-,Dispositifs médi-,,,
PTM2974,NYLON ACRl DEC4,NA,,,,"1508,5",2155,-
"",,,,riel medical,caux,,,
"",,,,Accessoires et mate-,Dispositifs médi-,,,
PTM2975,NYLON ACR2 DECS,NA,,,,1547,2 210,-
"",,,,riel medical,caux,,,
"",,,,Accessoires et mate-,Dispositifs médi-,,,
PTM2976,NYLON ACT O.DC3.5,NA,,,,1547,2 210,-
"",,,,riel medical,caux,,,
"",,,,Accessoires et mate-,Dispositifs médi-,,,
PTM2977,"NYLON MONOFILAMENT 0-3,SMBTE/1",NA,,,,1792,2 560,-
"",,,,riel medical,caux,,,
"",,,,Accessoires et mate-,Dispositifs médi-,,,
PTM2978,NYLON MONOFILAMENT 1-4M BTE/1,NA,,,,1792,2 560,-
"",,,,riel medical,caux,,,
"",,,,Accessoires et mate-,Dispositifs médi-,,,
PTM2979,NYLON MONOFILAMENT 2/0,NA,,,,1792,2 560,-
"",,,,riel medical,caux,,,
"",,,,Accessoires et mate-,Dispositifs médi-,,,
PTM7396,PDS 0 ou 1 ou 2 ou 2/0,NA,,,,8050,11500,-
"",,,,riel medical,caux,,,
"",,,,Accessoires et mate-,Dispositifs médi-,,,
PTM3205,PERFUSEUR AIG 19G/1,NA,,,,280,400,-
"",,,,riel medical,caux,,,
"",,,,Accessoires et mate-,Dispositifs médi-,,,
PTM7397,PERFUSEUR EN Y,NA,,,,350,500,-
"",,,,riel medical,caux,,,
"",,,,Accessoires et mate-,Dispositifs médi-,,,
PTM3306,POCHE A URINE 1 UNITE,NA,,,,700,1000,-
"",,,,riel medical,caux,,,
"",,,,Accessoires et mate-,Dispositifs médi-,,,
PTM3307,POCHE DE COLOSTOMIE NON VIDABLE UNITE/1,NA,,,,1960,2 800,-
"",,,,riel medical,caux,,,
"",,,,Accessoires et mate-,Dispositifs médi-,,,
PTM3308,POCHE DE COLOSTOMIE VIDABLE UNITE/1,NA,,,,3010,4300,-
"",,,,riel medical,caux,,,
"",,,,Accessoires et mate-,Dispositifs médi-,,,
PTM7398,POCHE D’UROSTOMIE AVEC SUPPORT ET RACCORD,NA,,,,4200,6000,-
"",,,,riel medical,caux,,,
"",,,,Accessoires et mate-,Dispositifs médi-,,,
PTM3318,POLYESTER BRAIDED 3/0,NA,,,,1344,1920,-
"",,,,riel medical,caux,,,
"",,,,SOUS CLASSE,PRIX BASE DE,,
"",,,,CLASSE PHARMACO-,,PRIX,ACCORD
CODES,DESIGNATION,,COMPOSITION,PHARMACO-,REMBOURSE,,
"",,,,THERAPEUTIQUE,,PUBLIC,PREALABLE
"",,,,THERAPEUTIQUE,MENT (G) x 70%,,
"",,,,Accessoires et mate- Dispositifs médi-,,,
PTM3319,POLYESTER BRAIDED 4/0,NA,,,1344,1 920,-
"",,,,riel medical caux,,,
"",,,,Accessoires et mate- Dispositifs médi-,,,
PTM7400,PROLENE 3/0 ; 4/0 ; 5/0 ; 6/0 ; 7/0,NA,,,7210,10300,-
"",,,,riel medical caux,,,
"",,,,Accessoires et mate- Dispositifs médi-,,,
PTM7401,PROLONGATEUR,NA,,,1400,2000,-
"",,,,riel medical caux,,,
"",,,,Accessoires et mate- Dispositifs médi-,,,
PTM7402,ROBINET 3 VOIES,NA,,,"360,5",515,-
"",,,,riel medical caux,,,
"",,,,Accessoires et mate- Dispositifs médi-,,,
PTM3628,SERINGUE+ AIGUILLE USAGE UNIQUE 5ML OU 2ML,NA,,,84,120,-
"",,,,riel medical caux,,,
"",,,,Accessoires et mate- Dispositifs médi-,,,
PTM3629,SERINGUE+ AIGUILLE USAGE UNIQUE 10ML,NA,,,"87,5",125,-
"",,,,riel medical caux,,,
"",,,,Accessoires et mate- Dispositifs médi-,,,
PTM3630,SERINGUE 10cc,NA,,,70,100,-
"",,,,riel medical caux,,,
"",,,,Accessoires et mate- Dispositifs médi-,,,
PTM3631,SERINGUE 20cc,NA,,,175,250,-
"",,,,riel medical caux,,,
"",,,,Accessoires et mate- Dispositifs médi-,,,
PTM3632,SERINGUE 2cc,NA,,,63,90,-
"",,,,riel medical caux,,,
"",SERINGUE de 50CC à Vis /  Gavage (Bout,,,Accessoires et mate- Dispositifs médi-,,,
PTM3633,-connique) UNITE/ 1,NA,,riel medical caux,1260,1800,
"",,,,Accessoires et mate- Dispositifs médi-,,,
PTM3634,SERINGUE 5OCC / 60CC (Bout central) UNITE/ 1,NA,,,1050,1500,-
"",,,,riel medical caux,,,
"",,,,Accessoires et mate- Dispositifs médi-,,,
PTM3635,SERINGUE 5cc,NA,,,63,90,-
"",,,,riel medical caux,,,
"",,,,Accessoires et mate- Dispositifs médi-,,,
PTM3636,SERINGUE A INSULINE,NA,,,105,150,-
"",,,,riel medical caux,,,
"",,,,Accessoires et mate- Dispositifs médi-,,,
PTM3637,SERINGUE A INSULINE 100 U,NA,,,"87,5",125,-
"",,,,riel medical caux,,,
"",,,,Accessoires et mate- Dispositifs médi-,,,
PTM3638,SERINGUE RETRACTABLE 10cc,NA,,,154,220,-
"",,,,riel medical caux,,,
"",,,,Accessoires et mate- Dispositifs médi-,,,
PTM3639,SERINGUE RETRACTABLE sec,NA,,,140,200,-
"",,,,riel medical caux,,,
CODES,DESIGNATION,COMPOSITION,"SOUS CLASSEPHARMACO-THERAPEUTIQUE","CLASSE PHARMACO-THERAPEUTIQUE","PRIX BASE DEREMBOURSEMENT (G) x 70%","PRIXPUBLIC","ACCORDPREALABLE"
PTM3640,SERINGUE RETRACTABLE INSULINE 1cc,NA,"Accessoires et mate-riel medical","Dispositifs médi-caux",140,200,-
PTM3675,"SMP O,5G Comprimé PL/10",NA,"Accessoires et mate-riel medical","Dispositifs médi-caux",308,440,-
PTM7403,SOFBAN,NA,"Accessoires et mate-riel medical","Dispositifs médi-caux",700,1000,-
PTM7404,SONDE D’ASPIRATION TRACHEALE,NA,"Accessoires et mate-riel medical","Dispositifs médi-caux",1050,1500,-
PTM3701,SONDE FOLEV 2VOIES 18 HOMME-FEM 1 UNITÉ,NA,"Accessoires et mate-riel medical","Dispositifs médi-caux",805,1150,-
PTM3702,SONDE FOLEV NELATON FEM N°20 1 UNITÉ,NA,"Accessoires et mate-riel medical","Dispositifs médi-caux",1743,2490,-
PTM3703,SONDE HOMME 3 VOIES FOLEV BALOON N°l6,NA,"Accessoires et mate-riel medical","Dispositifs médi-caux",2989,4270,-
PTM7406,"SONDE D’INTUBATION 3 ; 3,5 ; 7 ; 7 1⁄2. ; ET 8",NA,"Accessoires et mate-riel medical","Dispositifs médi-caux",1750,2500,-
PTM7407,"SONDE D’INTUBATION CLASSIQUE/ SONDE DECARLENS",NA,"Accessoires et mate-riel medical","Dispositifs médi-caux",7035,10050,-
PTM3704,SONDE 2 VOIES FOLATEX HOMME N°l6,NA,"Accessoires et mate-riel medical","Dispositifs médi-caux",805,1150,-
PTM3705,SONDE 3 VOIES 22 FR 30ML 1 UNITÉ,NA,"Accessoires et mate-riel medical","Dispositifs médi-caux",2989,4 270,-
PTM3706,SONDE 3 VOIES HOM N°l8 1 UNITÉ,NA,"Accessoires et mate-riel medical","Dispositifs médi-caux",2989,4 270,-
PTM3707,SONDE 3 VOIES HOM N°20 1 UNITÉ,NA,"Accessoires et mate-riel medical","Dispositifs médi-caux",2989,4270,-
PTM3708,"SONDE 3 voies N°l6 OU CH18 OU N°20UNITE/ 1",NA,"Accessoires et mate-riel medical","Dispositifs médi-caux",2989,4 270,-
PTM3709,"SONDE ASPIRATION CH6 OU CH8 OU CHlO OU CH12OU CH14 OU CH16 OUCH18 OU CH22",NA,"Accessoires et mate-riel medical","Dispositifs médi-caux",973,1 390,-
"",,,,SOUS CLASSE,,PRIX BASE DE,,
"",,,,CLASSE PHARMACO-,,,PRIX,ACCORD
CODES,DESIGNATION,,COMPOSITION,PHARMACO-,,REMBOURSE,,
"",,,,THERAPEUTIQUE,,,PUBLIC,PREALABLE
"",,,,THERAPEUTIQUE,,MENT (G) x 70%,,
"",SONDE DE FOLEV 2 voies Femme CHlOOU CH12 OU,,,,,,,
"",,,,Accessoires et mate- Dispositifs médi-,,,,
PTM3711,CH14 OU CH16 OU CH18 OU,NA,,,,2093,2 990,-
"",cauxCH20 OU CH22 UNITE/ 1,,,riel medical,,,,
"",SONDE DE FOLEV 2 Voies Homme CHlO OU CH12 OU,,,,,,,
"",,,,Accessoires et mate- Dispositifs médi-,,,,
PTM3712,CH14 OU CH16 OU CH18 OU,NA,,,,805,1150,-
"",cauxCH20 OU CH22 UNITE/ 1,,,riel medical,,,,
"",,,,Accessoires et mate- Dispositifs médi-,,,,
PTM3713,SONDE DE FOLEV 2 voies Homme CH8 UNITE/ 1,NA,,,,4270,6 100,-
"",,,,riel medical caux,,,,
"",,,,Accessoires et mate- Dispositifs médi-,,,,
PTM3714,SONDE DE FOLEV femme CH8 UNITE/ 1,NA,,,,4270,6 100,-
"",,,,riel medical caux,,,,
"",,,,Accessoires et mate- Dispositifs médi-,,,,
PTM3715,SONDE DE LAVAGE FAUCHER CH24 UNITE/ 1,NA,,,,1540,2200,-
"",,,,riel medical caux,,,,
"",,,,Accessoires et mate- Dispositifs médi-,,,,
PTM3716,SONDE DRAINAGE N°l6 VERTE,NA,,,,"836,5",1 195,-
"",,,,riel medical caux,,,,
"",,,,Accessoires et mate- Dispositifs médi-,,,,
PTM3717,SONDE ENF N°10 1 UNITÉ,NA,,,,2359,3 370,-
"",,,,riel medical caux,,,,
"",,,,Accessoires et mate- Dispositifs médi-,,,,
PTM3718,SONDE FAUCHER CH24 UNITE/ 1,NA,,,,700,1 000,-
"",,,,riel medical caux,,,,
"",,,,Accessoires et mate- Dispositifs médi-,,,,
PTM3719,SONDE FEM N°l6 1 UNITÉ,NA,,,,2044,2920,-
"",,,,riel medical caux,,,,
"",,,,Accessoires et mate- Dispositifs médi-,,,,
PTM3720,SONDE FOL FEMME18CH,NA,,,,1939,2 770,-
"",,,,riel medical caux,,,,
"",,,,Accessoires et mate- Dispositifs médi-,,,,
PTM3721,SONDE FOLEY BALLOON HOMME N°l6,NA,,,,2982,4260,-
"",,,,riel medical caux,,,,
"",,,,Accessoires et mate- Dispositifs médi-,,,,
PTM3722,SONDE FOLEV N°20 HOM,NA,,,,1050,1500,-
"",,,,riel medical caux,,,,
"",,,,Accessoires et mate- Dispositifs médi-,,,,
PTM3723,SONDE GAVAGE CH 10,NA,,,,931,1 330,-
"",,,,riel medical caux,,,,
"",,,,Accessoires et mate- Dispositifs médi-,,,,
PTM3724,SONDE GAVAGE CH 16,NA,,,,931,1 330,-
"",,,,riel medical caux,,,,
"",,,,Accessoires et mate- Dispositifs médi-,,,,
PTM3725,SONDE GAVAGE NASAL CH 14,NA,,,,"934,5",1335,-
"",,,,riel medical caux,,,,
"",,,,Accessoires et mate- Dispositifs médi-,,,,
PTM3726,SONDE GAVAGE NASAL CH 18,NA,,,,931,1330,-
"",,,,riel medical caux,,,,
CODES,DESIGNATION,COMPOSITION,"SOUS CLASSEPHARMACO-THERAPEUTIQUE","CLASSE PHARMACO-THERAPEUTIQUE","PRIX BASE DEREMBOURSEMENT (G) x 70%","PRIXPUBLIC","ACCORDPREALABLE"
PTM3727,SONDE HOM FOLEV BALLOON N°24 1 UNITÉ,NA,"Accessoires et mate-riel medical","Dispositifs médi-caux",1449,2070,-
PTM3728,SONDE HOM FOLEY CATHETER N°22,NA,"Accessoires et mate-riel medical","Dispositifs médi-caux","801,5",1145,-
PTM3729,SONDE HOM MENTOR N°22 1 UNITÉ,NA,"Accessoires et mate-riel medical","Dispositifs médi-caux",798,1140,-
PTM3730,SONDE HOM N°l8 1 UNITÉ,NA,"Accessoires et mate-riel medical","Dispositifs médi-caux","801,5",1 145,-
PTM3731,"SONDE INTUBATION 2 OU 4 OU 5 OU 6OU 7 OU 7,5 UNITE/ 1",NA,"Accessoires et mate-riel medical","Dispositifs médi-caux",2450,3500,-
PTM3732,SONDE MENTOR HOMME N°l6,NA,"Accessoires et mate-riel medical","Dispositifs médi-caux",798,1140,-
PTM3733,SONDE N° 16 TOUT TYPE,NA,"Accessoires et mate-riel medical","Dispositifs médi-caux",2100,3000,-
PTM3734,SONDE NASO 16,NA,"Accessoires et mate-riel medical","Dispositifs médi-caux",840,1 200,-
PTM3735,SONDE NASO N°l8,NA,"Accessoires et mate-riel medical","Dispositifs médi-caux",980,1400,-
PTM3736,SONDE NASO N°8 l UNITÉ,NA,"Accessoires et mate-riel medical","Dispositifs médi-caux",1050,1500,-
PTM3737,"SONDE NASOGASTRIQUE CH6 OU CH8 OU CHlO OUCH16 OU CH18",NA,"Accessoires et mate-riel medical","Dispositifs médi-caux",1890,2700,-
PTM3738,SONDE NELATON CH 14,NA,"Accessoires et mate-riel medical","Dispositifs médi-caux",490,700,-
PTM3739,SONDE NELATON CH 16,NA,"Accessoires et mate-riel medical","Dispositifs médi-caux",490,700,-
PTM3740,SONDE NELATON CH 18,NA,"Accessoires et mate-riel medical","Dispositifs médi-caux",490,700,-
PTM3741,SONDE PETZER CH12 OU CH18,NA,"Accessoires et mate-riel medical","Dispositifs médi-caux",13930,19900,-
"",,,,SOUS CLASSE,,PRIX BASE DE,,
"",,,,,CLASSE PHARMACO-,,PRIX,ACCORD
CODES,DESIGNATION,,COMPOSITION,PHARMACO-,,REMBOURSE,,
"",,,,,THERAPEUTIQUE,,PUBLIC,PREALABLE
"",,,,THERAPEUTIQUE,,MENT (G) x 70%,,
"",,,,Accessoires et mate-,Dispositifs médi-,,,
PTM7410,SONDE URETERALE CH6 OU CH8 OU CHlO UNITE/ 1,NA,,,,14035,20050,-
"",,,,riel medical,caux,,,
"",,,,Accessoires et mate-,Dispositifs médi-,,,
PTM3743,SONDE URETERALE DOUBLE J CH8 OU CHlO UNITE/ 1,NA,,,,3430,4900,-
"",,,,riel medical,caux,,,
"",,,,Accessoires et mate-,Dispositifs médi-,,,
PTM7411,SONDE URETERALE WJ CH6 et CH7,NA,,,,26250,37500,-
"",,,,riel medical,caux,,,
"",,,,Accessoires et mate-,Dispositifs médi-,,,
PTM3744,SONDE URIN MENTOR HOM N°20,NA,,,,798,1 140,-
"",,,,riel medical,caux,,,
"",,,,Accessoires et mate-,Dispositifs médi-,,,
PTM3745,SONDE URINAIRE N° 14,NA,,,,"654,5",935,-
"",,,,riel medical,caux,,,
"",,,,Accessoires et mate-,Dispositifs médi-,,,
PTM3752,SPARADRAP 1/4 METRE 1 UNITE,NA,,,,280,400,-
"",,,,riel medical,caux,,,
"",,,,Accessoires et mate-,Dispositifs médi-,,,
PTM3753,SPARADRAP 1/2 METRE 1 UNITE,NA,,,,490,700,-
"",,,,riel medical,caux,,,
"",,,,Accessoires et mate-,Dispositifs médi-,,,
PTM3754,SPARADRAP BOITE,NA,,,,4592,6560,-
"",,,,riel medical,caux,,,
"",,,,Accessoires et mate-,Dispositifs médi-,,,
PTM3755,SPARADRAP PERFORE DEMI-METRE,NA,,,,546,780,-
"",,,,riel medical,caux,,,
"",,,,Accessoires et mate-,Dispositifs médi-,,,
PTM3756,SPARADRAP PPM,NA,,,,1750,2500,-
"",,,,riel medical,caux,,,
"",,,,Accessoires et mate-,Dispositifs médi-,,,
PTM7413,SURGICEL,NA,,,,16660,23800,-
"",,,,riel medical,caux,,,
"",,,,Accessoires et mate-,Dispositifs médi-,,,
PTM3933,TENSOPLAST 10 HB 2.5MX10,NA,,,,3150,4 500,-
"",,,,riel medical,caux,,,
"",,,,Accessoires et mate-,Dispositifs médi-,,,
PTM3934,TENSOPLAST 3 HB 2.5MX3CM,NA,,,,"1382,5",1975,-
"",,,,riel medical,caux,,,
"",,,,Accessoires et mate-,Dispositifs médi-,,,
PTM3935,"TENSOPLAST 6 HB 2,5X6",NA,,,,"2313,5",3 305,-
"",,,,riel medical,caux,,,
"",,,,Accessoires et mate-,Dispositifs médi-,,,
PTM3936,"TENSOPLAST 8 HB 2,5X8",NA,,,,"2397,5",3 425,-
"",,,,riel medical,caux,,,
"",,,,Accessoires et mate-,Dispositifs médi-,,,
PTM3937,TENSOPLAST HB 2.5X20 CM BTE/1,NA,,,,5985,8 550,-
"",,,,riel medical,caux,,,
CODES,DESIGNATION,COMPOSITION,"SOUS CLASSEPHARMACO-THERAPEUTIQUE","CLASSE PHARMACO-THERAPEUTIQUE","PRIX BASE DEREMBOURSEMENT (G) x 70%","PRIXPUBLIC","ACCORDPREALABLE"
PTM3938,TENSOPLAST HB 2.5X15 CM BTE/1,NA,"Accessoires et mate-riel medical","Dispositifs médi-caux",4655,6 650,-
PTM7414,THROCARD DE MYELOGRAMME BOITE/1,NA,"Accessoires et mate-riel medical","Dispositifs médi-caux",8050,11500,-
PTM4037,TRANSFUSEUR,NA,"Accessoires et mate-riel medical","Dispositifs médi-caux",672,960,-
PTM4094,"TUBE DE FAUCHER POUR LAVAGE GASTRIQUEADULTE UNITE/1",NA,"Accessoires et mate-riel medical","Dispositifs médi-caux",5110,7 300,-
PTM4095,"TUBE DE FAUCHER POUR LAVAGE GASTRIQUEENFANT UNITE/1",NA,"Accessoires et mate-riel medical","Dispositifs médi-caux",5110,7 300,-
PTM4096,TUBULURE UNITE/1,NA,"Accessoires et mate-riel medical","Dispositifs médi-caux",280,400,-
PTM4097,TULLE GRAS LUMIERE B/10,NA,"Accessoires et mate-riel medical","Dispositifs médi-caux",10500,15000,-
PTM4132,URGO CORICIDE B/12,NA,"Accessoires et mate-riel medical","Dispositifs médi-caux","1025,5",1 465,-
PTM4133,URGO SOS PANS ADH BTE/12,NA,"Accessoires et mate-riel medical","Dispositifs médi-caux","857,5",1225,-
PTM4134,URGO+G2279 BTE/30,NA,"Accessoires et mate-riel medical","Dispositifs médi-caux",1015,1 450,-
PTM4135,URINAL HOMME BOCAL/ll,NA,"Accessoires et mate-riel medical","Dispositifs médi-caux","3972,5",5 675,-
PTM4157,"VALVE ANTIRETOUR POUR DRAINAGE THORACIQUEUNITE/1",NA,"Accessoires et mate-riel medical","Dispositifs médi-caux",5845,8 350,-
PTM4242,VICRIL O TRESSE 75 CM,NA,"Accessoires et mate-riel medical","Dispositifs médi-caux",2737,3 910,-
PTM4243,VICRIL 2 TRESSE 90 CM,NA,"Accessoires et mate-riel medical","Dispositifs médi-caux","2537,5",3 625,-
PTM4244,VICRIL 2/0 (TRUSYNTH) DEC 3 SERTI,NA,"Accessoires et mate-riel medical","Dispositifs médi-caux",2030,2 900,-
"",,,,,SOUS CLASSE,PRIX BASE DE,,
"",,,,,CLASSE PHARMACO-,,PRIX,ACCORD
CODES,,DESIGNATION,,COMPOSITION,PHARMACO-,REMBOURSE,,
"",,,,,THERAPEUTIQUE,,PUBLIC,PREALABLE
"",,,,,THERAPEUTIQUE,MENT (G) x 70%,,
"",,,,,Accessoires et mate- Dispositifs médi-,,,
PTM4246,VICRIL BOBINE,,NA,,,"2621,5",3 745,-
"",,,,,riel medical caux,,,
"",,,,,Accessoires et mate- Dispositifs médi-,,,
PTM4247,VICRYL O OU 1/0 OU 2/0 OU 3/0 OU 4/0,,NA,,,4130,5 900,-
"",,,,,riel medical caux,,,
"",,,,,Accessoires et maté- Dispositifs médi-,,,
PTM4248,VICRYL 1 OU 2 OU 3 OU 4 OU 5,,NA,,-riel d’ostéosynthèse caux,2982,4 260,
"",,,,,Accessoires et maté- Dispositifs médi-,,,
PTM7416,VICYL 5/0 A 9/0,,NA,,-riel d’ostéosynthèse caux,2100,3000,
"",,,,,Accessoires et maté- Dispositifs médi-,,,
PCM0001,VIS A CORTICALE STANDARD 4.5,,NA,,APriel d’ostéosynthèse caux,4515,6450,
"",,,,,Accessoires et maté- Dispositifs médi-,,,
PCM0002,VIS A CORTICALE  STANDARD 3.5,,NA,,APriel d’ostéosynthèse caux,5880,8400,
"",,,,,Accessoires et maté- Dispositifs médi-,,,
PCM0003,VIS A CORTICALE  STANDARD 2.7,,NA,,APriel d’ostéosynthèse caux,7140,10200,
"",,,,,Accessoires et maté- Dispositifs médi-,,,
PCM0004,VIS A SPONGIEUSE STANDARD 6.5,,NA,,APriel d’ostéosynthèse caux,9310,13300,
"",,,,,Accessoires et maté- Dispositifs médi-,,,
PCM0005,VIS A SPONGIEUSE STANDARD,,NA,,APriel d’ostéosynthèse caux,9310,13300,
"",,,,,Accessoires et maté- Dispositifs médi-,,,
PCM0006,VIS A SPONGIEUSE STANDARD MALLEOLAIRE,,NA,,APriel d’ostéosynthèse caux,9730,13900,
"",,,,,Accessoires et maté- Dispositifs médi-,,,
PCM0007,VIS COULISSANTE II 75-110 MM,,NA,,APriel d’ostéosynthèse caux,50050,71500,
"",,,,,Accessoires et maté- Dispositifs médi-,,,
PCM0008,RONDELLES POUR VIS A SPONGIEUSE,,NA,,APriel d’ostéosynthèse caux,3710,5300,
"",,,,,Accessoires et maté- Dispositifs médi-,,,
PCM0009,PLAQUES AO STANDARD : PLAQUES DROITES LARGES,,NA,,APriel d’ostéosynthèse caux,80990,115700,
"",PLAQUES AO STANDARD : PLAQUES DROITES,,,,Accessoires et maté- Dispositifs médi-,,,
PCM0010,,,NA,,,34440,49200,AP
"",ETROITES,,,,riel d’ostéosynthèse caux,,,
"",PLAQUES AO STANDARD : PLAQUES SPECIALES POUR,,,,,,,
"",,,,,Accessoires et maté- Dispositifs médi-,,,
PCM0011,ZONE METAPHYSO-,,NA,,APriel d’ostéosynthèse caux,64330,91900,
"",EPIPHYSAIRE : EN T,,,,,,,
"",PLAQUES AO STANDARD : PLAQUES SPECIALES POUR,,,,,,,
"",,,,,Accessoires et maté- Dispositifs médi-,,,
PCM0012,ZONE METAPHYSO-,,NA,,APriel d’ostéosynthèse caux,64330,91900,
"",EPIPHYSAIRE : EN L,,,,,,,
CODES,DESIGNATION,COMPOSITION,"SOUS CLASSEPHARMACO-THERAPEUTIQUE","CLASSE PHARMACO-THERAPEUTIQUE","PRIX BASE DEREMBOURSEMENT (G) x 70%","PRIXPUBLIC","ACCORDPREALABLE"
PCM0013,"PLAQUES AO STANDARD : PLAQUES SPECIALES POURZONE METAPHYSO-EPIPHYSAIRE : EN Y",NA,"Accessoires et maté-riel d’ostéosynthèse","Dispositifs médi-caux",64330,91900,AP
PCM0014,PLAQUES AO STANDARD : PLAQUE- CUILLERE,NA,"Accessoires et maté-riel d’ostéosynthèse","Dispositifs médi-caux",93590,133700,AP
PCM0015,PLAQUES AO STANDARD : PLAQUE TREFLE,NA,"Accessoires et maté-riel d’ostéosynthèse","Dispositifs médi-caux",68880,98400,AP
PCM0016,PLAQUES DCP 6-12 TROUS,NA,"Accessoires et maté-riel d’ostéosynthèse","Dispositifs médi-caux",58240,83200,AP
PCM0017,"PLAQUES COUDEES : LAME-PLAQUE CONDYLIENNESA90°",NA,"Accessoires et maté-riel d’ostéosynthèse","Dispositifs médi-caux",75250,107500,AP
PCM0018,"PLAQUES COUDEES : LAME-PLAQUE CONDYLIENNESA95°",NA,"Accessoires et maté-riel d’ostéosynthèse","Dispositifs médi-caux",75250,107500,AP
PCM0019,PLAQUES COUDEES : LAME-PLAQUES A 130°,NA,"Accessoires et maté-riel d’ostéosynthèse","Dispositifs médi-caux",75250,107500,AP
PCM0020,"PLAQUES COUDEES : LAME-PLAQUES« COL DE CYGNE »",NA,"Accessoires et maté-riel d’ostéosynthèse","Dispositifs médi-caux",85330,121900,AP
PCM0021,VIS-PLAQUES A COMPRESSION DYNAMIQUE(DHS),NA,"Accessoires et maté-riel d’ostéosynthèse","Dispositifs médi-caux",7070,10100,AP
PCM0022,CLOU CENTROMEDULLAIRE POUR TIBIA,NA,"Accessoires et maté-riel d’ostéosynthèse","Dispositifs médi-caux",311570,445100,AP
PCM0023,CLOU CENTROMEDULLAIRE POUR FEMUR,NA,"Accessoires et maté-riel d’ostéosynthèse","Dispositifs médi-caux",324100,463000,AP
PCM0024,BROCHE DE KIRCHNER 1.2,NA,"Accessoires et maté-riel d’ostéosynthèse","Dispositifs médi-caux",3990,5700,AP
PCM0025,BROCHE DE KIRCHNER 1.5,NA,"Accessoires et maté-riel d’ostéosynthèse","Dispositifs médi-caux",3990,5700,AP
PCM0026,BROCHE DE KIRCHNER 1.8,NA,"Accessoires et maté-riel d’ostéosynthèse","Dispositifs médi-caux",3990,5700,AP
PCM0027,BROCHE DE KIRCHNER,NA,"Accessoires et maté-riel d’ostéosynthèse","Dispositifs médi-caux",3990,5700,AP
CODES,DESIGNATION,COMPOSITION,"SOUS CLASSEPHARMACO-THERAPEUTIQUE","CLASSE PHARMACO-THERAPEUTIQUE","PRIX BASE DEREMBOURSEMENT (G) x 70%","PRIXPUBLIC","ACCORDPREALABLE"
PCM0073,PROTHESE DORSO LOMBAIRE (cage lombaire),NA,"Accessoires et maté-riel d’ostéosynthèse","Dispositifs médi-caux",40250,57500,AP
PCM0028,PROTHESE TOTALE DE LA HANCHE : CUPULE 50 A 62,NA,"Accessoires et maté-riel d’ostéosynthèse","Dispositifs médi-caux",459900,657000,AP
PCM0029,"PROTHESE TOTALE DE LA HANCHE : INSERT ENPOLYETHYLENE 50 A 62",NA,"Accessoires et maté-riel d’ostéosynthèse","Dispositifs médi-caux",114240,163200,AP
PCM0030,"PROTHESE TOTALE DE LA HANCHE : TIGE FEMORALE1 A 8",NA,"Accessoires et maté-riel d’ostéosynthèse","Dispositifs médi-caux",474740,678200,AP
PCM0031,"PROTHESE TOTALE DE LA HANCHE : TETE FEMORALE28/-3.5 ; 28/0 ; 28/+3.5 ;28/+8",NA,"Accessoires et maté-riel d’ostéosynthèse","Dispositifs médi-caux",140980,201400,AP
PCM0032,"PROTHESE INTERMEDIAIRE (CERVICO- CEPHALIQUE): CUPULE BLINDEE 40 à 56",NA,"Accessoires et maté-riel d’ostéosynthèse","Dispositifs médi-caux",459900,657000,AP
PCM0033,"PROTHESE INTERMEDIAIRE (CERVICO- CEPHALIQUE): TIGE FEMORALE 1 à 8",NA,"Accessoires et maté-riel d’ostéosynthèse","Dispositifs médi-caux",474740,678200,AP
PCM0034,"PROTHESE INTERMEDIAIRE(CERVICO-ENCEPHALIQUE) : TETE FEMORALE 28/-3.5 ; 28/0 ; 28/+3.5 ; 28/+8",NA,"Accessoires et maté-riel d’ostéosynthèse","Dispositifs médi-caux",140980,201400,AP
PCM0035,CUPULE BIPOLAIRE D=46-56 D=28,NA,"Accessoires et maté-riel d’ostéosynthèse","Dispositifs médi-caux",232050,331500,AP
PCM0036,VIS A CUPULE L25-45 MM,NA,"Accessoires et maté-riel d’ostéosynthèse","Dispositifs médi-caux",16520,23600,AP
PCM0037,FOND DE COTYLE METALLIQUE POUR CUPULE 50-62,NA,"Accessoires et maté-riel d’ostéosynthèse","Dispositifs médi-caux",173950,248500,AP
PCM0038,KIT COMPLET APPLICATEUR CIMENT,NA,"Accessoires et maté-riel d’ostéosynthèse","Dispositifs médi-caux",36470,52100,AP
PCM0039,UNITE DE LAVAGE TRAUMATOLOGIE,NA,"Accessoires et maté-riel d’ostéosynthèse","Dispositifs médi-caux",97300,139000,AP
PCM0040,CENTRALISEUR TIGE1-8,NA,"Accessoires et maté-riel d’ostéosynthèse","Dispositifs médi-caux",29190,41700,AP
PCM0041,RESTRICTEUR TIGE1-8,NA,"Accessoires et maté-riel d’ostéosynthèse","Dispositifs médi-caux",29190,41700,AP
CODES,DESIGNATION,COMPOSITION,"SOUS CLASSEPHARMACO-THERAPEUTIQUE","CLASSE PHARMACO-THERAPEUTIQUE","PRIX BASE DEREMBOURSEMENT (G) x 70%","PRIXPUBLIC","ACCORDPREALABLE"
PCM0043,CIMENT OSSEUX BASSE VISCOSITE 3.00,NA,"Accessoires et maté-riel d’ostéosynthèse","Dispositifs médi-caux",68600,98000,AP
PCM0044,"CIMENT OSSEUX HAUTE VISCOSITE + GENTAMICINE1.00",NA,"Accessoires et maté-riel d’ostéosynthèse","Dispositifs médi-caux",86450,123500,AP
PCM0045,"CIMENT OSSEUX BASSE VISCOSITE + GENTAMICINE3MV",NA,"Accessoires et maté-riel d’ostéosynthèse","Dispositifs médi-caux",86450,123500,AP
PCM0046,"CIMENT OSSEUX MOYENNE VISCOSITE +GENTAMICINE",NA,"Accessoires et maté-riel d’ostéosynthèse","Dispositifs médi-caux",86450,123500,AP
PCM0047,SERINGUE A BOUT LONG,NA,"Accessoires et maté-riel d’ostéosynthèse","Dispositifs médi-caux",22330,31900,AP
PCM0048,BOLE ET SPATULE,NA,"Accessoires et maté-riel d’ostéosynthèse","Dispositifs médi-caux",12950,18500,AP
PCM0049,KIT VACUUM,NA,"Accessoires et maté-riel d’ostéosynthèse","Dispositifs médi-caux",134050,191500,AP
PCM0050,"OBTURATEUR DIAPHYSAIRE SOUPLEBIODEGRADABLE",NA,"Accessoires et maté-riel d’ostéosynthèse","Dispositifs médi-caux",68600,98000,AP
PCM0051,INSTRUMENT KIT COMPLET,NA,"Accessoires et maté-riel d’ostéosynthèse","Dispositifs médi-caux",577500,825000,AP
PCM0052,SUBSTITUT OSSEUXPHOSPHOCALCIQUE,NA,"Accessoires et maté-riel d’ostéosynthèse","Dispositifs médi-caux",308910,441300,AP
PCM0053,INSTRUMENT KIT DE MIXAGE,NA,"Accessoires et maté-riel d’ostéosynthèse","Dispositifs médi-caux",226520,323600,AP
PCM0054,INSTRUMENT KIT D’INJECTION,NA,"Accessoires et maté-riel d’ostéosynthèse","Dispositifs médi-caux",219660,313800,AP
PCM0055,GEL NANOPARTICULES HYDROXYPATITE,NA,"Accessoires et maté-riel d’ostéosynthèse","Dispositifs médi-caux",199080,284400,AP
PCM0059,EPONGES COLLAGENES HEMOSTATIQUES,NA,"Accessoires et maté-riel d’ostéosynthèse","Dispositifs médi-caux",339815,485450,AP
PCM0060,"SUBSTITUT OSSEUXOSTEOCONDUCTEURRESORBABLE COLLAGENE + PHOSPHATECALCIUM",NA,"Accessoires et maté-riel d’ostéosynthèse","Dispositifs médi-caux",186550,266500,AP
"",,,,SOUS CLASSE,,PRIX BASE DE,,
"",,,,,CLASSE PHARMACO-,,PRIX,ACCORD
CODES,DESIGNATION,,COMPOSITION,PHARMACO-,,REMBOURSE,,
"",,,,,THERAPEUTIQUE,,PUBLIC,PREALABLE
"",,,,THERAPEUTIQUE,,MENT (G) x 70%,,
"",,,,Accessoires et maté-,Dispositifs médi-,,,
PCM0062,PROTHESE DE MOORE  037-55 MM,NA,,,,274750,392500,AP
"",,,,riel d’ostéosynthèse,caux,,,
"",,,,Accessoires et maté-,Dispositifs médi-,,,
PCM0063,PROTHESES DE THOMSON 0 38-55 MM,NA,,,,201390,287700,AP
"",,,,riel d’ostéosynthèse,caux,,,
"",,,,Accessoires et maté-,Dispositifs médi-,,,
PCM0064,MATERIEL D’OSTEOSYNTHESE CERVICAL,NA,,,,252000,360000,AP
"",,,,riel d’ostéosynthèse,caux,,,
"",,,,Accessoires et maté-,Dispositifs médi-,,,
PCM0065,MATERIEL D’OSTEOSYNTHESE DORSAL,NA,,,,336000,480000,AP
"",,,,riel d’ostéosynthèse,caux,,,
"",,,,Accessoires et maté-,Dispositifs médi-,,,
PCM0066,MATERIEL D’OSTEOSYNTHESE LOMBAIRE,NA,,,,336000,480000,AP
"",,,,riel d’ostéosynthèse,caux,,,
"",,,,Accessoires et maté-,Dispositifs médi-,,,
PCM0067,MATERIEL D’OSTEOSYNTHESE DORSOLOMBAIRE,NA,,,,336000,480000,AP
"",,,,riel d’ostéosynthèse,caux,,,
